surah,ayah,hafs,shubah,bazzi,qalun,warsh,duri,susi,hafs_relation,shubah_relation,bazzi_relation,qalun_relation,warsh_relation,duri_relation,susi_relation
1,1,1:1,1:1,1:1,1:0,1:0,1:0,1:0,same,same,same,unnumbered,unnumbered,unnumbered,unnumbered
1,2,1:2,1:2,1:2,1:1,1:1,1:1,1:1,same,same,same,same,same,same,same
1,3,1:3,1:3,1:3,1:2,1:2,1:2,1:2,same,same,same,same,same,same,same
1,4,1:4,1:4,1:4,1:3,1:3,1:3,1:3,same,same,same,same,same,same,same
1,5,1:5,1:5,1:5,1:4,1:4,1:4,1:4,same,same,same,same,same,same,same
1,6,1:6,1:6,1:6,1:5,1:5,1:5,1:5,same,same,same,same,same,same,same
1,7,1:7,1:7,1:7,1:6-7,1:6-7,1:6-7,1:6-7,same,same,same,split,split,split,split
2,1,2:1,2:1,2:1,2:1,2:1,2:1,2:1,same,same,merged,merged,merged,merged,merged
2,2,2:2,2:2,2:1,2:1,2:1,2:1,2:1,same,same,merged,merged,merged,merged,merged
2,3,2:3,2:3,2:2,2:2,2:2,2:2,2:2,same,same,same,same,same,same,same
2,4,2:4,2:4,2:3,2:3,2:3,2:3,2:3,same,same,same,same,same,same,same
2,5,2:5,2:5,2:4,2:4,2:4,2:4,2:4,same,same,same,same,same,same,same
2,6,2:6,2:6,2:5,2:5,2:5,2:5,2:5,same,same,same,same,same,same,same
2,7,2:7,2:7,2:6,2:6,2:6,2:6,2:6,same,same,same,same,same,same,same
2,8,2:8,2:8,2:7,2:7,2:7,2:7,2:7,same,same,same,same,same,same,same
2,9,2:9,2:9,2:8,2:8,2:8,2:8,2:8,same,same,same,same,same,same,same
2,10,2:10,2:10,2:9,2:9,2:9,2:9,2:9,same,same,same,same,same,same,same
2,11,2:11,2:11,2:10,2:10,2:10,2:10,2:10,same,same,same,same,same,same,same
2,12,2:12,2:12,2:11,2:11,2:11,2:11,2:11,same,same,same,same,same,same,same
2,13,2:13,2:13,2:12,2:12,2:12,2:12,2:12,same,same,same,same,same,same,same
2,14,2:14,2:14,2:13,2:13,2:13,2:13,2:13,same,same,same,same,same,same,same
2,15,2:15,2:15,2:14,2:14,2:14,2:14,2:14,same,same,same,same,same,same,same
2,16,2:16,2:16,2:15,2:15,2:15,2:15,2:15,same,same,same,same,same,same,same
2,17,2:17,2:17,2:16,2:16,2:16,2:16,2:16,same,same,same,same,same,same,same
2,18,2:18,2:18,2:17,2:17,2:17,2:17,2:17,same,same,same,same,same,same,same
2,19,2:19,2:19,2:18,2:18,2:18,2:18,2:18,same,same,same,same,same,same,same
2,20,2:20,2:20,2:19,2:19,2:19,2:19,2:19,same,same,same,same,same,same,same
2,21,2:21,2:21,2:20,2:20,2:20,2:20,2:20,same,same,same,same,same,same,same
2,22,2:22,2:22,2:21,2:21,2:21,2:21,2:21,same,same,same,same,same,same,same
2,23,2:23,2:23,2:22,2:22,2:22,2:22,2:22,same,same,same,same,same,same,same
2,24,2:24,2:24,2:23,2:23,2:23,2:23,2:23,same,same,same,same,same,same,same
2,25,2:25,2:25,2:24,2:24,2:24,2:24,2:24,same,same,same,same,same,same,same
2,26,2:26,2:26,2:25,2:25,2:25,2:25,2:25,same,same,same,same,same,same,same
2,27,2:27,2:27,2:26,2:26,2:26,2:26,2:26,same,same,same,same,same,same,same
2,28,2:28,2:28,2:27,2:27,2:27,2:27,2:27,same,same,same,same,same,same,same
2,29,2:29,2:29,2:28,2:28,2:28,2:28,2:28,same,same,same,same,same,same,same
2,30,2:30,2:30,2:29,2:29,2:29,2:29,2:29,same,same,same,same,same,same,same
2,31,2:31,2:31,2:30,2:30,2:30,2:30,2:30,same,same,same,same,same,same,same
2,32,2:32,2:32,2:31,2:31,2:31,2:31,2:31,same,same,same,same,same,same,same
2,33,2:33,2:33,2:32,2:32,2:32,2:32,2:32,same,same,same,same,same,same,same
2,34,2:34,2:34,2:33,2:33,2:33,2:33,2:33,same,same,same,same,same,same,same
2,35,2:35,2:35,2:34,2:34,2:34,2:34,2:34,same,same,same,same,same,same,same
2,36,2:36,2:36,2:35,2:35,2:35,2:35,2:35,same,same,same,same,same,same,same
2,37,2:37,2:37,2:36,2:36,2:36,2:36,2:36,same,same,same,same,same,same,same
2,38,2:38,2:38,2:37,2:37,2:37,2:37,2:37,same,same,same,same,same,same,same
2,39,2:39,2:39,2:38,2:38,2:38,2:38,2:38,same,same,same,same,same,same,same
2,40,2:40,2:40,2:39,2:39,2:39,2:39,2:39,same,same,same,same,same,same,same
2,41,2:41,2:41,2:40,2:40,2:40,2:40,2:40,same,same,same,same,same,same,same
2,42,2:42,2:42,2:41,2:41,2:41,2:41,2:41,same,same,same,same,same,same,same
2,43,2:43,2:43,2:42,2:42,2:42,2:42,2:42,same,same,same,same,same,same,same
2,44,2:44,2:44,2:43,2:43,2:43,2:43,2:43,same,same,same,same,same,same,same
2,45,2:45,2:45,2:44,2:44,2:44,2:44,2:44,same,same,same,same,same,same,same
2,46,2:46,2:46,2:45,2:45,2:45,2:45,2:45,same,same,same,same,same,same,same
2,47,2:47,2:47,2:46,2:46,2:46,2:46,2:46,same,same,same,same,same,same,same
2,48,2:48,2:48,2:47,2:47,2:47,2:47,2:47,same,same,same,same,same,same,same
2,49,2:49,2:49,2:48,2:48,2:48,2:48,2:48,same,same,same,same,same,same,same
2,50,2:50,2:50,2:49,2:49,2:49,2:49,2:49,same,same,same,same,same,same,same
2,51,2:51,2:51,2:50,2:50,2:50,2:50,2:50,same,same,same,same,same,same,same
2,52,2:52,2:52,2:51,2:51,2:51,2:51,2:51,same,same,same,same,same,same,same
2,53,2:53,2:53,2:52,2:52,2:52,2:52,2:52,same,same,same,same,same,same,same
2,54,2:54,2:54,2:53,2:53,2:53,2:53,2:53,same,same,same,same,same,same,same
2,55,2:55,2:55,2:54,2:54,2:54,2:54,2:54,same,same,same,same,same,same,same
2,56,2:56,2:56,2:55,2:55,2:55,2:55,2:55,same,same,same,same,same,same,same
2,57,2:57,2:57,2:56,2:56,2:56,2:56,2:56,same,same,same,same,same,same,same
2,58,2:58,2:58,2:57,2:57,2:57,2:57,2:57,same,same,same,same,same,same,same
2,59,2:59,2:59,2:58,2:58,2:58,2:58,2:58,same,same,same,same,same,same,same
2,60,2:60,2:60,2:59,2:59,2:59,2:59,2:59,same,same,same,same,same,same,same
2,61,2:61,2:61,2:60,2:60,2:60,2:60,2:60,same,same,same,same,same,same,same
2,62,2:62,2:62,2:61,2:61,2:61,2:61,2:61,same,same,same,same,same,same,same
2,63,2:63,2:63,2:62,2:62,2:62,2:62,2:62,same,same,same,same,same,same,same
2,64,2:64,2:64,2:63,2:63,2:63,2:63,2:63,same,same,same,same,same,same,same
2,65,2:65,2:65,2:64,2:64,2:64,2:64,2:64,same,same,same,same,same,same,same
2,66,2:66,2:66,2:65,2:65,2:65,2:65,2:65,same,same,same,same,same,same,same
2,67,2:67,2:67,2:66,2:66,2:66,2:66,2:66,same,same,same,same,same,same,same
2,68,2:68,2:68,2:67,2:67,2:67,2:67,2:67,same,same,same,same,same,same,same
2,69,2:69,2:69,2:68,2:68,2:68,2:68,2:68,same,same,same,same,same,same,same
2,70,2:70,2:70,2:69,2:69,2:69,2:69,2:69,same,same,same,same,same,same,same
2,71,2:71,2:71,2:70,2:70,2:70,2:70,2:70,same,same,same,same,same,same,same
2,72,2:72,2:72,2:71,2:71,2:71,2:71,2:71,same,same,same,same,same,same,same
2,73,2:73,2:73,2:72,2:72,2:72,2:72,2:72,same,same,same,same,same,same,same
2,74,2:74,2:74,2:73,2:73,2:73,2:73,2:73,same,same,same,same,same,same,same
2,75,2:75,2:75,2:74,2:74,2:74,2:74,2:74,same,same,same,same,same,same,same
2,76,2:76,2:76,2:75,2:75,2:75,2:75,2:75,same,same,same,same,same,same,same
2,77,2:77,2:77,2:76,2:76,2:76,2:76,2:76,same,same,same,same,same,same,same
2,78,2:78,2:78,2:77,2:77,2:77,2:77,2:77,same,same,same,same,same,same,same
2,79,2:79,2:79,2:78,2:78,2:78,2:78,2:78,same,same,same,same,same,same,same
2,80,2:80,2:80,2:79,2:79,2:79,2:79,2:79,same,same,same,same,same,same,same
2,81,2:81,2:81,2:80,2:80,2:80,2:80,2:80,same,same,same,same,same,same,same
2,82,2:82,2:82,2:81,2:81,2:81,2:81,2:81,same,same,same,same,same,same,same
2,83,2:83,2:83,2:82,2:82,2:82,2:82,2:82,same,same,same,same,same,same,same
2,84,2:84,2:84,2:83,2:83,2:83,2:83,2:83,same,same,same,same,same,same,same
2,85,2:85,2:85,2:84,2:84,2:84,2:84,2:84,same,same,same,same,same,same,same
2,86,2:86,2:86,2:85,2:85,2:85,2:85,2:85,same,same,same,same,same,same,same
2,87,2:87,2:87,2:86,2:86,2:86,2:86,2:86,same,same,same,same,same,same,same
2,88,2:88,2:88,2:87,2:87,2:87,2:87,2:87,same,same,same,same,same,same,same
2,89,2:89,2:89,2:88,2:88,2:88,2:88,2:88,same,same,same,same,same,same,same
2,90,2:90,2:90,2:89,2:89,2:89,2:89,2:89,same,same,same,same,same,same,same
2,91,2:91,2:91,2:90,2:90,2:90,2:90,2:90,same,same,same,same,same,same,same
2,92,2:92,2:92,2:91,2:91,2:91,2:91,2:91,same,same,same,same,same,same,same
2,93,2:93,2:93,2:92,2:92,2:92,2:92,2:92,same,same,same,same,same,same,same
2,94,2:94,2:94,2:93,2:93,2:93,2:93,2:93,same,same,same,same,same,same,same
2,95,2:95,2:95,2:94,2:94,2:94,2:94,2:94,same,same,same,same,same,same,same
2,96,2:96,2:96,2:95,2:95,2:95,2:95,2:95,same,same,same,same,same,same,same
2,97,2:97,2:97,2:96,2:96,2:96,2:96,2:96,same,same,same,same,same,same,same
2,98,2:98,2:98,2:97,2:97,2:97,2:97,2:97,same,same,same,same,same,same,same
2,99,2:99,2:99,2:98,2:98,2:98,2:98,2:98,same,same,same,same,same,same,same
2,100,2:100,2:100,2:99,2:99,2:99,2:99,2:99,same,same,same,same,same,same,same
2,101,2:101,2:101,2:100,2:100,2:100,2:100,2:100,same,same,same,same,same,same,same
2,102,2:102,2:102,2:101,2:101,2:101,2:101,2:101,same,same,same,same,same,same,same
2,103,2:103,2:103,2:102,2:102,2:102,2:102,2:102,same,same,same,same,same,same,same
2,104,2:104,2:104,2:103,2:103,2:103,2:103,2:103,same,same,same,same,same,same,same
2,105,2:105,2:105,2:104,2:104,2:104,2:104,2:104,same,same,same,same,same,same,same
2,106,2:106,2:106,2:105,2:105,2:105,2:105,2:105,same,same,same,same,same,same,same
2,107,2:107,2:107,2:106,2:106,2:106,2:106,2:106,same,same,same,same,same,same,same
2,108,2:108,2:108,2:107,2:107,2:107,2:107,2:107,same,same,same,same,same,same,same
2,109,2:109,2:109,2:108,2:108,2:108,2:108,2:108,same,same,same,same,same,same,same
2,110,2:110,2:110,2:109,2:109,2:109,2:109,2:109,same,same,same,same,same,same,same
2,111,2:111,2:111,2:110,2:110,2:110,2:110,2:110,same,same,same,same,same,same,same
2,112,2:112,2:112,2:111,2:111,2:111,2:111,2:111,same,same,same,same,same,same,same
2,113,2:113,2:113,2:112,2:112,2:112,2:112,2:112,same,same,same,same,same,same,same
2,114,2:114,2:114,2:113,2:113,2:113,2:113,2:113,same,same,same,same,same,same,same
2,115,2:115,2:115,2:114,2:114,2:114,2:114,2:114,same,same,same,same,same,same,same
2,116,2:116,2:116,2:115,2:115,2:115,2:115,2:115,same,same,same,same,same,same,same
2,117,2:117,2:117,2:116,2:116,2:116,2:116,2:116,same,same,same,same,same,same,same
2,118,2:118,2:118,2:117,2:117,2:117,2:117,2:117,same,same,same,same,same,same,same
2,119,2:119,2:119,2:118,2:118,2:118,2:118,2:118,same,same,same,same,same,same,same
2,120,2:120,2:120,2:119,2:119,2:119,2:119,2:119,same,same,same,same,same,same,same
2,121,2:121,2:121,2:120,2:120,2:120,2:120,2:120,same,same,same,same,same,same,same
2,122,2:122,2:122,2:121,2:121,2:121,2:121,2:121,same,same,same,same,same,same,same
2,123,2:123,2:123,2:122,2:122,2:122,2:122,2:122,same,same,same,same,same,same,same
2,124,2:124,2:124,2:123,2:123,2:123,2:123,2:123,same,same,same,same,same,same,same
2,125,2:125,2:125,2:124,2:124,2:124,2:124,2:124,same,same,same,same,same,same,same
2,126,2:126,2:126,2:125,2:125,2:125,2:125,2:125,same,same,same,same,same,same,same
2,127,2:127,2:127,2:126,2:126,2:126,2:126,2:126,same,same,same,same,same,same,same
2,128,2:128,2:128,2:127,2:127,2:127,2:127,2:127,same,same,same,same,same,same,same
2,129,2:129,2:129,2:128,2:128,2:128,2:128,2:128,same,same,same,same,same,same,same
2,130,2:130,2:130,2:129,2:129,2:129,2:129,2:129,same,same,same,same,same,same,same
2,131,2:131,2:131,2:130,2:130,2:130,2:130,2:130,same,same,same,same,same,same,same
2,132,2:132,2:132,2:131,2:131,2:131,2:131,2:131,same,same,same,same,same,same,same
2,133,2:133,2:133,2:132,2:132,2:132,2:132,2:132,same,same,same,same,same,same,same
2,134,2:134,2:134,2:133,2:133,2:133,2:133,2:133,same,same,same,same,same,same,same
2,135,2:135,2:135,2:134,2:134,2:134,2:134,2:134,same,same,same,same,same,same,same
2,136,2:136,2:136,2:135,2:135,2:135,2:135,2:135,same,same,same,same,same,same,same
2,137,2:137,2:137,2:136,2:136,2:136,2:136,2:136,same,same,same,same,same,same,same
2,138,2:138,2:138,2:137,2:137,2:137,2:137,2:137,same,same,same,same,same,same,same
2,139,2:139,2:139,2:138,2:138,2:138,2:138,2:138,same,same,same,same,same,same,same
2,140,2:140,2:140,2:139,2:139,2:139,2:139,2:139,same,same,same,same,same,same,same
2,141,2:141,2:141,2:140,2:140,2:140,2:140,2:140,same,same,same,same,same,same,same
2,142,2:142,2:142,2:141,2:141,2:141,2:141,2:141,same,same,same,same,same,same,same
2,143,2:143,2:143,2:142,2:142,2:142,2:142,2:142,same,same,same,same,same,same,same
2,144,2:144,2:144,2:143,2:143,2:143,2:143,2:143,same,same,same,same,same,same,same
2,145,2:145,2:145,2:144,2:144,2:144,2:144,2:144,same,same,same,same,same,same,same
2,146,2:146,2:146,2:145,2:145,2:145,2:145,2:145,same,same,same,same,same,same,same
2,147,2:147,2:147,2:146,2:146,2:146,2:146,2:146,same,same,same,same,same,same,same
2,148,2:148,2:148,2:147,2:147,2:147,2:147,2:147,same,same,same,same,same,same,same
2,149,2:149,2:149,2:148,2:148,2:148,2:148,2:148,same,same,same,same,same,same,same
2,150,2:150,2:150,2:149,2:149,2:149,2:149,2:149,same,same,same,same,same,same,same
2,151,2:151,2:151,2:150,2:150,2:150,2:150,2:150,same,same,same,same,same,same,same
2,152,2:152,2:152,2:151,2:151,2:151,2:151,2:151,same,same,same,same,same,same,same
2,153,2:153,2:153,2:152,2:152,2:152,2:152,2:152,same,same,same,same,same,same,same
2,154,2:154,2:154,2:153,2:153,2:153,2:153,2:153,same,same,same,same,same,same,same
2,155,2:155,2:155,2:154,2:154,2:154,2:154,2:154,same,same,same,same,same,same,same
2,156,2:156,2:156,2:155,2:155,2:155,2:155,2:155,same,same,same,same,same,same,same
2,157,2:157,2:157,2:156,2:156,2:156,2:156,2:156,same,same,same,same,same,same,same
2,158,2:158,2:158,2:157,2:157,2:157,2:157,2:157,same,same,same,same,same,same,same
2,159,2:159,2:159,2:158,2:158,2:158,2:158,2:158,same,same,same,same,same,same,same
2,160,2:160,2:160,2:159,2:159,2:159,2:159,2:159,same,same,same,same,same,same,same
2,161,2:161,2:161,2:160,2:160,2:160,2:160,2:160,same,same,same,same,same,same,same
2,162,2:162,2:162,2:161,2:161,2:161,2:161,2:161,same,same,same,same,same,same,same
2,163,2:163,2:163,2:162,2:162,2:162,2:162,2:162,same,same,same,same,same,same,same
2,164,2:164,2:164,2:163,2:163,2:163,2:163,2:163,same,same,same,same,same,same,same
2,165,2:165,2:165,2:164,2:164,2:164,2:164,2:164,same,same,same,same,same,same,same
2,166,2:166,2:166,2:165,2:165,2:165,2:165,2:165,same,same,same,same,same,same,same
2,167,2:167,2:167,2:166,2:166,2:166,2:166,2:166,same,same,same,same,same,same,same
2,168,2:168,2:168,2:167,2:167,2:167,2:167,2:167,same,same,same,same,same,same,same
2,169,2:169,2:169,2:168,2:168,2:168,2:168,2:168,same,same,same,same,same,same,same
2,170,2:170,2:170,2:169,2:169,2:169,2:169,2:169,same,same,same,same,same,same,same
2,171,2:171,2:171,2:170,2:170,2:170,2:170,2:170,same,same,same,same,same,same,same
2,172,2:172,2:172,2:171,2:171,2:171,2:171,2:171,same,same,same,same,same,same,same
2,173,2:173,2:173,2:172,2:172,2:172,2:172,2:172,same,same,same,same,same,same,same
2,174,2:174,2:174,2:173,2:173,2:173,2:173,2:173,same,same,same,same,same,same,same
2,175,2:175,2:175,2:174,2:174,2:174,2:174,2:174,same,same,same,same,same,same,same
2,176,2:176,2:176,2:175,2:175,2:175,2:175,2:175,same,same,same,same,same,same,same
2,177,2:177,2:177,2:176,2:176,2:176,2:176,2:176,same,same,same,same,same,same,same
2,178,2:178,2:178,2:177,2:177,2:177,2:177,2:177,same,same,same,same,same,same,same
2,179,2:179,2:179,2:178,2:178,2:178,2:178,2:178,same,same,same,same,same,same,same
2,180,2:180,2:180,2:179,2:179,2:179,2:179,2:179,same,same,same,same,same,same,same
2,181,2:181,2:181,2:180,2:180,2:180,2:180,2:180,same,same,same,same,same,same,same
2,182,2:182,2:182,2:181,2:181,2:181,2:181,2:181,same,same,same,same,same,same,same
2,183,2:183,2:183,2:182,2:182,2:182,2:182,2:182,same,same,same,same,same,same,same
2,184,2:184,2:184,2:183,2:183,2:183,2:183,2:183,same,same,same,same,same,same,same
2,185,2:185,2:185,2:184,2:184,2:184,2:184,2:184,same,same,same,same,same,same,same
2,186,2:186,2:186,2:185,2:185,2:185,2:185,2:185,same,same,same,same,same,same,same
2,187,2:187,2:187,2:186,2:186,2:186,2:186,2:186,same,same,same,same,same,same,same
2,188,2:188,2:188,2:187,2:187,2:187,2:187,2:187,same,same,same,same,same,same,same
2,189,2:189,2:189,2:188,2:188,2:188,2:188,2:188,same,same,same,same,same,same,same
2,190,2:190,2:190,2:189,2:189,2:189,2:189,2:189,same,same,same,same,same,same,same
2,191,2:191,2:191,2:190,2:190,2:190,2:190,2:190,same,same,same,same,same,same,same
2,192,2:192,2:192,2:191,2:191,2:191,2:191,2:191,same,same,same,same,same,same,same
2,193,2:193,2:193,2:192,2:192,2:192,2:192,2:192,same,same,same,same,same,same,same
2,194,2:194,2:194,2:193,2:193,2:193,2:193,2:193,same,same,same,same,same,same,same
2,195,2:195,2:195,2:194,2:194,2:194,2:194,2:194,same,same,same,same,same,same,same
2,196,2:196,2:196,2:195,2:195,2:195,2:195,2:195,same,same,same,same,same,same,same
2,197,2:197,2:197,2:196,2:196,2:196,2:196,2:196,same,same,merged,same,same,merged,merged
2,198,2:198,2:198,2:196,2:197,2:197,2:196,2:196,same,same,merged,same,same,merged,merged
2,199,2:199,2:199,2:197,2:198,2:198,2:197,2:197,same,same,same,same,same,same,same
2,200,2:200,2:200,2:198,2:199,2:199,2:198,2:198,same,same,same,merged,merged,same,same
2,201,2:201,2:201,2:199,2:199,2:199,2:199,2:199,same,same,same,merged,merged,same,same
2,202,2:202,2:202,2:200,2:200,2:200,2:200,2:200,same,same,same,same,same,same,same
2,203,2:203,2:203,2:201,2:201,2:201,2:201,2:201,same,same,same,same,same,same,same
2,204,2:204,2:204,2:202,2:202,2:202,2:202,2:202,same,same,same,same,same,same,same
2,205,2:205,2:205,2:203,2:203,2:203,2:203,2:203,same,same,same,same,same,same,same
2,206,2:206,2:206,2:204,2:204,2:204,2:204,2:204,same,same,same,same,same,same,same
2,207,2:207,2:207,2:205,2:205,2:205,2:205,2:205,same,same,same,same,same,same,same
2,208,2:208,2:208,2:206,2:206,2:206,2:206,2:206,same,same,same,same,same,same,same
2,209,2:209,2:209,2:207,2:207,2:207,2:207,2:207,same,same,same,same,same,same,same
2,210,2:210,2:210,2:208,2:208,2:208,2:208,2:208,same,same,same,same,same,same,same
2,211,2:211,2:211,2:209,2:209,2:209,2:209,2:209,same,same,same,same,same,same,same
2,212,2:212,2:212,2:210,2:210,2:210,2:210,2:210,same,same,same,same,same,same,same
2,213,2:213,2:213,2:211,2:211,2:211,2:211,2:211,same,same,same,same,same,same,same
2,214,2:214,2:214,2:212,2:212,2:212,2:212,2:212,same,same,same,same,same,same,same
2,215,2:215,2:215,2:213,2:213,2:213,2:213,2:213,same,same,same,same,same,same,same
2,216,2:216,2:216,2:214,2:214,2:214,2:214,2:214,same,same,same,same,same,same,same
2,217,2:217,2:217,2:215,2:215,2:215,2:215,2:215,same,same,same,same,same,same,same
2,218,2:218,2:218,2:216,2:216,2:216,2:216,2:216,same,same,same,same,same,same,same
2,219,2:219,2:219,2:217-218,2:217,2:217,2:217-218,2:217-218,same,same,split,same,same,split,split
2,220,2:220,2:220,2:218,2:218,2:218,2:218,2:218,same,same,merged,same,same,merged,merged
2,221,2:221,2:221,2:219,2:219,2:219,2:219,2:219,same,same,same,same,same,same,same
2,222,2:222,2:222,2:220,2:220,2:220,2:220,2:220,same,same,same,same,same,same,same
2,223,2:223,2:223,2:221,2:221,2:221,2:221,2:221,same,same,same,same,same,same,same
2,224,2:224,2:224,2:222,2:222,2:222,2:222,2:222,same,same,same,same,same,same,same
2,225,2:225,2:225,2:223,2:223,2:223,2:223,2:223,same,same,same,same,same,same,same
2,226,2:226,2:226,2:224,2:224,2:224,2:224,2:224,same,same,same,same,same,same,same
2,227,2:227,2:227,2:225,2:225,2:225,2:225,2:225,same,same,same,same,same,same,same
2,228,2:228,2:228,2:226,2:226,2:226,2:226,2:226,same,same,same,same,same,same,same
2,229,2:229,2:229,2:227,2:227,2:227,2:227,2:227,same,same,same,same,same,same,same
2,230,2:230,2:230,2:228,2:228,2:228,2:228,2:228,same,same,same,same,same,same,same
2,231,2:231,2:231,2:229,2:229,2:229,2:229,2:229,same,same,same,same,same,same,same
2,232,2:232,2:232,2:230,2:230,2:230,2:230,2:230,same,same,same,same,same,same,same
2,233,2:233,2:233,2:231,2:231,2:231,2:231,2:231,same,same,same,same,same,same,same
2,234,2:234,2:234,2:232,2:232,2:232,2:232,2:232,same,same,same,same,same,same,same
2,235,2:235,2:235,2:233,2:233,2:233,2:233,2:233,same,same,same,same,same,same,same
2,236,2:236,2:236,2:234,2:234,2:234,2:234,2:234,same,same,same,same,same,same,same
2,237,2:237,2:237,2:235,2:235,2:235,2:235,2:235,same,same,same,same,same,same,same
2,238,2:238,2:238,2:236,2:236,2:236,2:236,2:236,same,same,same,same,same,same,same
2,239,2:239,2:239,2:237,2:237,2:237,2:237,2:237,same,same,same,same,same,same,same
2,240,2:240,2:240,2:238,2:238,2:238,2:238,2:238,same,same,same,same,same,same,same
2,241,2:241,2:241,2:239,2:239,2:239,2:239,2:239,same,same,same,same,same,same,same
2,242,2:242,2:242,2:240,2:240,2:240,2:240,2:240,same,same,same,same,same,same,same
2,243,2:243,2:243,2:241,2:241,2:241,2:241,2:241,same,same,same,same,same,same,same
2,244,2:244,2:244,2:242,2:242,2:242,2:242,2:242,same,same,same,same,same,same,same
2,245,2:245,2:245,2:243,2:243,2:243,2:243,2:243,same,same,same,same,same,same,same
2,246,2:246,2:246,2:244,2:244,2:244,2:244,2:244,same,same,same,same,same,same,same
2,247,2:247,2:247,2:245,2:245,2:245,2:245,2:245,same,same,same,same,same,same,same
2,248,2:248,2:248,2:246,2:246,2:246,2:246,2:246,same,same,same,same,same,same,same
2,249,2:249,2:249,2:247,2:247,2:247,2:247,2:247,same,same,same,same,same,same,same
2,250,2:250,2:250,2:248,2:248,2:248,2:248,2:248,same,same,same,same,same,same,same
2,251,2:251,2:251,2:249,2:249,2:249,2:249,2:249,same,same,same,same,same,same,same
2,252,2:252,2:252,2:250,2:250,2:250,2:250,2:250,same,same,same,same,same,same,same
2,253,2:253,2:253,2:251,2:251,2:251,2:251,2:251,same,same,same,same,same,same,same
2,254,2:254,2:254,2:252,2:252,2:252,2:252,2:252,same,same,same,same,same,same,same
2,255,2:255,2:255,2:253-254,2:253-254,2:253-254,2:253,2:253,same,same,split,split,split,same,same
2,256,2:256,2:256,2:255,2:255,2:255,2:254,2:254,same,same,same,same,same,same,same
2,257,2:257,2:257,2:256,2:256,2:256,2:255-256,2:255-256,same,same,same,same,same,split,split
2,258,2:258,2:258,2:257,2:257,2:257,2:257,2:257,same,same,same,same,same,same,same
2,259,2:259,2:259,2:258,2:258,2:258,2:258,2:258,same,same,same,same,same,same,same
2,260,2:260,2:260,2:259,2:259,2:259,2:259,2:259,same,same,same,same,same,same,same
2,261,2:261,2:261,2:260,2:260,2:260,2:260,2:260,same,same,same,same,same,same,same
2,262,2:262,2:262,2:261,2:261,2:261,2:261,2:261,same,same,same,same,same,same,same
2,263,2:263,2:263,2:262,2:262,2:262,2:262,2:262,same,same,same,same,same,same,same
2,264,2:264,2:264,2:263,2:263,2:263,2:263,2:263,same,same,same,same,same,same,same
2,265,2:265,2:265,2:264,2:264,2:264,2:264,2:264,same,same,same,same,same,same,same
2,266,2:266,2:266,2:265,2:265,2:265,2:265,2:265,same,same,same,same,same,same,same
2,267,2:267,2:267,2:266,2:266,2:266,2:266,2:266,same,same,same,same,same,same,same
2,268,2:268,2:268,2:267,2:267,2:267,2:267,2:267,same,same,same,same,same,same,same
2,269,2:269,2:269,2:268,2:268,2:268,2:268,2:268,same,same,same,same,same,same,same
2,270,2:270,2:270,2:269,2:269,2:269,2:269,2:269,same,same,same,same,same,same,same
2,271,2:271,2:271,2:270,2:270,2:270,2:270,2:270,same,same,same,same,same,same,same
2,272,2:272,2:272,2:271,2:271,2:271,2:271,2:271,same,same,same,same,same,same,same
2,273,2:273,2:273,2:272,2:272,2:272,2:272,2:272,same,same,same,same,same,same,same
2,274,2:274,2:274,2:273,2:273,2:273,2:273,2:273,same,same,same,same,same,same,same
2,275,2:275,2:275,2:274,2:274,2:274,2:274,2:274,same,same,same,same,same,same,same
2,276,2:276,2:276,2:275,2:275,2:275,2:275,2:275,same,same,same,same,same,same,same
2,277,2:277,2:277,2:276,2:276,2:276,2:276,2:276,same,same,same,same,same,same,same
2,278,2:278,2:278,2:277,2:277,2:277,2:277,2:277,same,same,same,same,same,same,same
2,279,2:279,2:279,2:278,2:278,2:278,2:278,2:278,same,same,same,same,same,same,same
2,280,2:280,2:280,2:279,2:279,2:279,2:279,2:279,same,same,same,same,same,same,same
2,281,2:281,2:281,2:280,2:280,2:280,2:280,2:280,same,same,same,same,same,same,same
2,282,2:282,2:282,2:281,2:281,2:281,2:281,2:281,same,same,same,same,same,same,same
2,283,2:283,2:283,2:282,2:282,2:282,2:282,2:282,same,same,same,same,same,same,same
2,284,2:284,2:284,2:283,2:283,2:283,2:283,2:283,same,same,same,same,same,same,same
2,285,2:285,2:285,2:284,2:284,2:284,2:284,2:284,same,same,same,same,same,same,same
2,286,2:286,2:286,2:285,2:285,2:285,2:285,2:285,same,same,same,same,same,same,same
3,1,3:1,3:1,3:1,3:1,3:1,3:1,3:1,same,same,merged,merged,merged,merged,merged
3,2,3:2,3:2,3:1,3:1,3:1,3:1,3:1,same,same,merged,merged,merged,merged,merged
3,3,3:3,3:3,3:2,3:2,3:2,3:2,3:2,same,same,same,same,same,same,same
3,4,3:4,3:4,3:3-4,3:3-4,3:3-4,3:3-4,3:3-4,same,same,split,split,split,split,split
3,5,3:5,3:5,3:5,3:5,3:5,3:5,3:5,same,same,same,same,same,same,same
3,6,3:6,3:6,3:6,3:6,3:6,3:6,3:6,same,same,same,same,same,same,same
3,7,3:7,3:7,3:7,3:7,3:7,3:7,3:7,same,same,same,same,same,same,same
3,8,3:8,3:8,3:8,3:8,3:8,3:8,3:8,same,same,same,same,same,same,same
3,9,3:9,3:9,3:9,3:9,3:9,3:9,3:9,same,same,same,same,same,same,same
3,10,3:10,3:10,3:10,3:10,3:10,3:10,3:10,same,same,same,same,same,same,same
3,11,3:11,3:11,3:11,3:11,3:11,3:11,3:11,same,same,same,same,same,same,same
3,12,3:12,3:12,3:12,3:12,3:12,3:12,3:12,same,same,same,same,same,same,same
3,13,3:13,3:13,3:13,3:13,3:13,3:13,3:13,same,same,same,same,same,same,same
3,14,3:14,3:14,3:14,3:14,3:14,3:14,3:14,same,same,same,same,same,same,same
3,15,3:15,3:15,3:15,3:15,3:15,3:15,3:15,same,same,same,same,same,same,same
3,16,3:16,3:16,3:16,3:16,3:16,3:16,3:16,same,same,same,same,same,same,same
3,17,3:17,3:17,3:17,3:17,3:17,3:17,3:17,same,same,same,same,same,same,same
3,18,3:18,3:18,3:18,3:18,3:18,3:18,3:18,same,same,same,same,same,same,same
3,19,3:19,3:19,3:19,3:19,3:19,3:19,3:19,same,same,same,same,same,same,same
3,20,3:20,3:20,3:20,3:20,3:20,3:20,3:20,same,same,same,same,same,same,same
3,21,3:21,3:21,3:21,3:21,3:21,3:21,3:21,same,same,same,same,same,same,same
3,22,3:22,3:22,3:22,3:22,3:22,3:22,3:22,same,same,same,same,same,same,same
3,23,3:23,3:23,3:23,3:23,3:23,3:23,3:23,same,same,same,same,same,same,same
3,24,3:24,3:24,3:24,3:24,3:24,3:24,3:24,same,same,same,same,same,same,same
3,25,3:25,3:25,3:25,3:25,3:25,3:25,3:25,same,same,same,same,same,same,same
3,26,3:26,3:26,3:26,3:26,3:26,3:26,3:26,same,same,same,same,same,same,same
3,27,3:27,3:27,3:27,3:27,3:27,3:27,3:27,same,same,same,same,same,same,same
3,28,3:28,3:28,3:28,3:28,3:28,3:28,3:28,same,same,same,same,same,same,same
3,29,3:29,3:29,3:29,3:29,3:29,3:29,3:29,same,same,same,same,same,same,same
3,30,3:30,3:30,3:30,3:30,3:30,3:30,3:30,same,same,same,same,same,same,same
3,31,3:31,3:31,3:31,3:31,3:31,3:31,3:31,same,same,same,same,same,same,same
3,32,3:32,3:32,3:32,3:32,3:32,3:32,3:32,same,same,same,same,same,same,same
3,33,3:33,3:33,3:33,3:33,3:33,3:33,3:33,same,same,same,same,same,same,same
3,34,3:34,3:34,3:34,3:34,3:34,3:34,3:34,same,same,same,same,same,same,same
3,35,3:35,3:35,3:35,3:35,3:35,3:35,3:35,same,same,same,same,same,same,same
3,36,3:36,3:36,3:36,3:36,3:36,3:36,3:36,same,same,same,same,same,same,same
3,37,3:37,3:37,3:37,3:37,3:37,3:37,3:37,same,same,same,same,same,same,same
3,38,3:38,3:38,3:38,3:38,3:38,3:38,3:38,same,same,same,same,same,same,same
3,39,3:39,3:39,3:39,3:39,3:39,3:39,3:39,same,same,same,same,same,same,same
3,40,3:40,3:40,3:40,3:40,3:40,3:40,3:40,same,same,same,same,same,same,same
3,41,3:41,3:41,3:41,3:41,3:41,3:41,3:41,same,same,same,same,same,same,same
3,42,3:42,3:42,3:42,3:42,3:42,3:42,3:42,same,same,same,same,same,same,same
3,43,3:43,3:43,3:43,3:43,3:43,3:43,3:43,same,same,same,same,same,same,same
3,44,3:44,3:44,3:44,3:44,3:44,3:44,3:44,same,same,same,same,same,same,same
3,45,3:45,3:45,3:45,3:45,3:45,3:45,3:45,same,same,same,same,same,same,same
3,46,3:46,3:46,3:46,3:46,3:46,3:46,3:46,same,same,same,same,same,same,same
3,47,3:47,3:47,3:47,3:47,3:47,3:47,3:47,same,same,same,same,same,same,same
3,48,3:48,3:48,3:48,3:48,3:48,3:48,3:48,same,same,merged,merged,merged,merged,merged
3,49,3:49,3:49,3:48,3:48,3:48,3:48,3:48,same,same,merged,merged,merged,merged,merged
3,50,3:50,3:50,3:49,3:49,3:49,3:49,3:49,same,same,same,same,same,same,same
3,51,3:51,3:51,3:50,3:50,3:50,3:50,3:50,same,same,same,same,same,same,same
3,52,3:52,3:52,3:51,3:51,3:51,3:51,3:51,same,same,same,same,same,same,same
3,53,3:53,3:53,3:52,3:52,3:52,3:52,3:52,same,same,same,same,same,same,same
3,54,3:54,3:54,3:53,3:53,3:53,3:53,3:53,same,same,same,same,same,same,same
3,55,3:55,3:55,3:54,3:54,3:54,3:54,3:54,same,same,same,same,same,same,same
3,56,3:56,3:56,3:55,3:55,3:55,3:55,3:55,same,same,same,same,same,same,same
3,57,3:57,3:57,3:56,3:56,3:56,3:56,3:56,same,same,same,same,same,same,same
3,58,3:58,3:58,3:57,3:57,3:57,3:57,3:57,same,same,same,same,same,same,same
3,59,3:59,3:59,3:58,3:58,3:58,3:58,3:58,same,same,same,same,same,same,same
3,60,3:60,3:60,3:59,3:59,3:59,3:59,3:59,same,same,same,same,same,same,same
3,61,3:61,3:61,3:60,3:60,3:60,3:60,3:60,same,same,same,same,same,same,same
3,62,3:62,3:62,3:61,3:61,3:61,3:61,3:61,same,same,same,same,same,same,same
3,63,3:63,3:63,3:62,3:62,3:62,3:62,3:62,same,same,same,same,same,same,same
3,64,3:64,3:64,3:63,3:63,3:63,3:63,3:63,same,same,same,same,same,same,same
3,65,3:65,3:65,3:64,3:64,3:64,3:64,3:64,same,same,same,same,same,same,same
3,66,3:66,3:66,3:65,3:65,3:65,3:65,3:65,same,same,same,same,same,same,same
3,67,3:67,3:67,3:66,3:66,3:66,3:66,3:66,same,same,same,same,same,same,same
3,68,3:68,3:68,3:67,3:67,3:67,3:67,3:67,same,same,same,same,same,same,same
3,69,3:69,3:69,3:68,3:68,3:68,3:68,3:68,same,same,same,same,same,same,same
3,70,3:70,3:70,3:69,3:69,3:69,3:69,3:69,same,same,same,same,same,same,same
3,71,3:71,3:71,3:70,3:70,3:70,3:70,3:70,same,same,same,same,same,same,same
3,72,3:72,3:72,3:71,3:71,3:71,3:71,3:71,same,same,same,same,same,same,same
3,73,3:73,3:73,3:72,3:72,3:72,3:72,3:72,same,same,same,same,same,same,same
3,74,3:74,3:74,3:73,3:73,3:73,3:73,3:73,same,same,same,same,same,same,same
3,75,3:75,3:75,3:74,3:74,3:74,3:74,3:74,same,same,same,same,same,same,same
3,76,3:76,3:76,3:75,3:75,3:75,3:75,3:75,same,same,same,same,same,same,same
3,77,3:77,3:77,3:76,3:76,3:76,3:76,3:76,same,same,same,same,same,same,same
3,78,3:78,3:78,3:77,3:77,3:77,3:77,3:77,same,same,same,same,same,same,same
3,79,3:79,3:79,3:78,3:78,3:78,3:78,3:78,same,same,same,same,same,same,same
3,80,3:80,3:80,3:79,3:79,3:79,3:79,3:79,same,same,same,same,same,same,same
3,81,3:81,3:81,3:80,3:80,3:80,3:80,3:80,same,same,same,same,same,same,same
3,82,3:82,3:82,3:81,3:81,3:81,3:81,3:81,same,same,same,same,same,same,same
3,83,3:83,3:83,3:82,3:82,3:82,3:82,3:82,same,same,same,same,same,same,same
3,84,3:84,3:84,3:83,3:83,3:83,3:83,3:83,same,same,same,same,same,same,same
3,85,3:85,3:85,3:84,3:84,3:84,3:84,3:84,same,same,same,same,same,same,same
3,86,3:86,3:86,3:85,3:85,3:85,3:85,3:85,same,same,same,same,same,same,same
3,87,3:87,3:87,3:86,3:86,3:86,3:86,3:86,same,same,same,same,same,same,same
3,88,3:88,3:88,3:87,3:87,3:87,3:87,3:87,same,same,same,same,same,same,same
3,89,3:89,3:89,3:88,3:88,3:88,3:88,3:88,same,same,same,same,same,same,same
3,90,3:90,3:90,3:89,3:89,3:89,3:89,3:89,same,same,same,same,same,same,same
3,91,3:91,3:91,3:90,3:90,3:90,3:90,3:90,same,same,same,same,same,same,same
3,92,3:92,3:92,3:91-92,3:91-92,3:91-92,3:91-92,3:91-92,same,same,split,split,split,split,split
3,93,3:93,3:93,3:93,3:93,3:93,3:93,3:93,same,same,same,same,same,same,same
3,94,3:94,3:94,3:94,3:94,3:94,3:94,3:94,same,same,same,same,same,same,same
3,95,3:95,3:95,3:95,3:95,3:95,3:95,3:95,same,same,same,same,same,same,same
3,96,3:96,3:96,3:96,3:96,3:96,3:96,3:96,same,same,same,same,same,same,same
3,97,3:97,3:97,3:97,3:97,3:97,3:97,3:97,same,same,same,same,same,same,same
3,98,3:98,3:98,3:98,3:98,3:98,3:98,3:98,same,same,same,same,same,same,same
3,99,3:99,3:99,3:99,3:99,3:99,3:99,3:99,same,same,same,same,same,same,same
3,100,3:100,3:100,3:100,3:100,3:100,3:100,3:100,same,same,same,same,same,same,same
3,101,3:101,3:101,3:101,3:101,3:101,3:101,3:101,same,same,same,same,same,same,same
3,102,3:102,3:102,3:102,3:102,3:102,3:102,3:102,same,same,same,same,same,same,same
3,103,3:103,3:103,3:103,3:103,3:103,3:103,3:103,same,same,same,same,same,same,same
3,104,3:104,3:104,3:104,3:104,3:104,3:104,3:104,same,same,same,same,same,same,same
3,105,3:105,3:105,3:105,3:105,3:105,3:105,3:105,same,same,same,same,same,same,same
3,106,3:106,3:106,3:106,3:106,3:106,3:106,3:106,same,same,same,same,same,same,same
3,107,3:107,3:107,3:107,3:107,3:107,3:107,3:107,same,same,same,same,same,same,same
3,108,3:108,3:108,3:108,3:108,3:108,3:108,3:108,same,same,same,same,same,same,same
3,109,3:109,3:109,3:109,3:109,3:109,3:109,3:109,same,same,same,same,same,same,same
3,110,3:110,3:110,3:110,3:110,3:110,3:110,3:110,same,same,same,same,same,same,same
3,111,3:111,3:111,3:111,3:111,3:111,3:111,3:111,same,same,same,same,same,same,same
3,112,3:112,3:112,3:112,3:112,3:112,3:112,3:112,same,same,same,same,same,same,same
3,113,3:113,3:113,3:113,3:113,3:113,3:113,3:113,same,same,same,same,same,same,same
3,114,3:114,3:114,3:114,3:114,3:114,3:114,3:114,same,same,same,same,same,same,same
3,115,3:115,3:115,3:115,3:115,3:115,3:115,3:115,same,same,same,same,same,same,same
3,116,3:116,3:116,3:116,3:116,3:116,3:116,3:116,same,same,same,same,same,same,same
3,117,3:117,3:117,3:117,3:117,3:117,3:117,3:117,same,same,same,same,same,same,same
3,118,3:118,3:118,3:118,3:118,3:118,3:118,3:118,same,same,same,same,same,same,same
3,119,3:119,3:119,3:119,3:119,3:119,3:119,3:119,same,same,same,same,same,same,same
3,120,3:120,3:120,3:120,3:120,3:120,3:120,3:120,same,same,same,same,same,same,same
3,121,3:121,3:121,3:121,3:121,3:121,3:121,3:121,same,same,same,same,same,same,same
3,122,3:122,3:122,3:122,3:122,3:122,3:122,3:122,same,same,same,same,same,same,same
3,123,3:123,3:123,3:123,3:123,3:123,3:123,3:123,same,same,same,same,same,same,same
3,124,3:124,3:124,3:124,3:124,3:124,3:124,3:124,same,same,same,same,same,same,same
3,125,3:125,3:125,3:125,3:125,3:125,3:125,3:125,same,same,same,same,same,same,same
3,126,3:126,3:126,3:126,3:126,3:126,3:126,3:126,same,same,same,same,same,same,same
3,127,3:127,3:127,3:127,3:127,3:127,3:127,3:127,same,same,same,same,same,same,same
3,128,3:128,3:128,3:128,3:128,3:128,3:128,3:128,same,same,same,same,same,same,same
3,129,3:129,3:129,3:129,3:129,3:129,3:129,3:129,same,same,same,same,same,same,same
3,130,3:130,3:130,3:130,3:130,3:130,3:130,3:130,same,same,same,same,same,same,same
3,131,3:131,3:131,3:131,3:131,3:131,3:131,3:131,same,same,same,same,same,same,same
3,132,3:132,3:132,3:132,3:132,3:132,3:132,3:132,same,same,same,same,same,same,same
3,133,3:133,3:133,3:133,3:133,3:133,3:133,3:133,same,same,same,same,same,same,same
3,134,3:134,3:134,3:134,3:134,3:134,3:134,3:134,same,same,same,same,same,same,same
3,135,3:135,3:135,3:135,3:135,3:135,3:135,3:135,same,same,same,same,same,same,same
3,136,3:136,3:136,3:136,3:136,3:136,3:136,3:136,same,same,same,same,same,same,same
3,137,3:137,3:137,3:137,3:137,3:137,3:137,3:137,same,same,same,same,same,same,same
3,138,3:138,3:138,3:138,3:138,3:138,3:138,3:138,same,same,same,same,same,same,same
3,139,3:139,3:139,3:139,3:139,3:139,3:139,3:139,same,same,same,same,same,same,same
3,140,3:140,3:140,3:140,3:140,3:140,3:140,3:140,same,same,same,same,same,same,same
3,141,3:141,3:141,3:141,3:141,3:141,3:141,3:141,same,same,same,same,same,same,same
3,142,3:142,3:142,3:142,3:142,3:142,3:142,3:142,same,same,same,same,same,same,same
3,143,3:143,3:143,3:143,3:143,3:143,3:143,3:143,same,same,same,same,same,same,same
3,144,3:144,3:144,3:144,3:144,3:144,3:144,3:144,same,same,same,same,same,same,same
3,145,3:145,3:145,3:145,3:145,3:145,3:145,3:145,same,same,same,same,same,same,same
3,146,3:146,3:146,3:146,3:146,3:146,3:146,3:146,same,same,same,same,same,same,same
3,147,3:147,3:147,3:147,3:147,3:147,3:147,3:147,same,same,same,same,same,same,same
3,148,3:148,3:148,3:148,3:148,3:148,3:148,3:148,same,same,same,same,same,same,same
3,149,3:149,3:149,3:149,3:149,3:149,3:149,3:149,same,same,same,same,same,same,same
3,150,3:150,3:150,3:150,3:150,3:150,3:150,3:150,same,same,same,same,same,same,same
3,151,3:151,3:151,3:151,3:151,3:151,3:151,3:151,same,same,same,same,same,same,same
3,152,3:152,3:152,3:152,3:152,3:152,3:152,3:152,same,same,same,same,same,same,same
3,153,3:153,3:153,3:153,3:153,3:153,3:153,3:153,same,same,same,same,same,same,same
3,154,3:154,3:154,3:154,3:154,3:154,3:154,3:154,same,same,same,same,same,same,same
3,155,3:155,3:155,3:155,3:155,3:155,3:155,3:155,same,same,same,same,same,same,same
3,156,3:156,3:156,3:156,3:156,3:156,3:156,3:156,same,same,same,same,same,same,same
3,157,3:157,3:157,3:157,3:157,3:157,3:157,3:157,same,same,same,same,same,same,same
3,158,3:158,3:158,3:158,3:158,3:158,3:158,3:158,same,same,same,same,same,same,same
3,159,3:159,3:159,3:159,3:159,3:159,3:159,3:159,same,same,same,same,same,same,same
3,160,3:160,3:160,3:160,3:160,3:160,3:160,3:160,same,same,same,same,same,same,same
3,161,3:161,3:161,3:161,3:161,3:161,3:161,3:161,same,same,same,same,same,same,same
3,162,3:162,3:162,3:162,3:162,3:162,3:162,3:162,same,same,same,same,same,same,same
3,163,3:163,3:163,3:163,3:163,3:163,3:163,3:163,same,same,same,same,same,same,same
3,164,3:164,3:164,3:164,3:164,3:164,3:164,3:164,same,same,same,same,same,same,same
3,165,3:165,3:165,3:165,3:165,3:165,3:165,3:165,same,same,same,same,same,same,same
3,166,3:166,3:166,3:166,3:166,3:166,3:166,3:166,same,same,same,same,same,same,same
3,167,3:167,3:167,3:167,3:167,3:167,3:167,3:167,same,same,same,same,same,same,same
3,168,3:168,3:168,3:168,3:168,3:168,3:168,3:168,same,same,same,same,same,same,same
3,169,3:169,3:169,3:169,3:169,3:169,3:169,3:169,same,same,same,same,same,same,same
3,170,3:170,3:170,3:170,3:170,3:170,3:170,3:170,same,same,same,same,same,same,same
3,171,3:171,3:171,3:171,3:171,3:171,3:171,3:171,same,same,same,same,same,same,same
3,172,3:172,3:172,3:172,3:172,3:172,3:172,3:172,same,same,same,same,same,same,same
3,173,3:173,3:173,3:173,3:173,3:173,3:173,3:173,same,same,same,same,same,same,same
3,174,3:174,3:174,3:174,3:174,3:174,3:174,3:174,same,same,same,same,same,same,same
3,175,3:175,3:175,3:175,3:175,3:175,3:175,3:175,same,same,same,same,same,same,same
3,176,3:176,3:176,3:176,3:176,3:176,3:176,3:176,same,same,same,same,same,same,same
3,177,3:177,3:177,3:177,3:177,3:177,3:177,3:177,same,same,same,same,same,same,same
3,178,3:178,3:178,3:178,3:178,3:178,3:178,3:178,same,same,same,same,same,same,same
3,179,3:179,3:179,3:179,3:179,3:179,3:179,3:179,same,same,same,same,same,same,same
3,180,3:180,3:180,3:180,3:180,3:180,3:180,3:180,same,same,same,same,same,same,same
3,181,3:181,3:181,3:181,3:181,3:181,3:181,3:181,same,same,same,same,same,same,same
3,182,3:182,3:182,3:182,3:182,3:182,3:182,3:182,same,same,same,same,same,same,same
3,183,3:183,3:183,3:183,3:183,3:183,3:183,3:183,same,same,same,same,same,same,same
3,184,3:184,3:184,3:184,3:184,3:184,3:184,3:184,same,same,same,same,same,same,same
3,185,3:185,3:185,3:185,3:185,3:185,3:185,3:185,same,same,same,same,same,same,same
3,186,3:186,3:186,3:186,3:186,3:186,3:186,3:186,same,same,same,same,same,same,same
3,187,3:187,3:187,3:187,3:187,3:187,3:187,3:187,same,same,same,same,same,same,same
3,188,3:188,3:188,3:188,3:188,3:188,3:188,3:188,same,same,same,same,same,same,same
3,189,3:189,3:189,3:189,3:189,3:189,3:189,3:189,same,same,same,same,same,same,same
3,190,3:190,3:190,3:190,3:190,3:190,3:190,3:190,same,same,same,same,same,same,same
3,191,3:191,3:191,3:191,3:191,3:191,3:191,3:191,same,same,same,same,same,same,same
3,192,3:192,3:192,3:192,3:192,3:192,3:192,3:192,same,same,same,same,same,same,same
3,193,3:193,3:193,3:193,3:193,3:193,3:193,3:193,same,same,same,same,same,same,same
3,194,3:194,3:194,3:194,3:194,3:194,3:194,3:194,same,same,same,same,same,same,same
3,195,3:195,3:195,3:195,3:195,3:195,3:195,3:195,same,same,same,same,same,same,same
3,196,3:196,3:196,3:196,3:196,3:196,3:196,3:196,same,same,same,same,same,same,same
3,197,3:197,3:197,3:197,3:197,3:197,3:197,3:197,same,same,same,same,same,same,same
3,198,3:198,3:198,3:198,3:198,3:198,3:198,3:198,same,same,same,same,same,same,same
3,199,3:199,3:199,3:199,3:199,3:199,3:199,3:199,same,same,same,same,same,same,same
3,200,3:200,3:200,3:200,3:200,3:200,3:200,3:200,same,same,same,same,same,same,same
4,1,4:1,4:1,4:1,4:1,4:1,4:1,4:1,same,same,same,same,same,same,same
4,2,4:2,4:2,4:2,4:2,4:2,4:2,4:2,same,same,same,same,same,same,same
4,3,4:3,4:3,4:3,4:3,4:3,4:3,4:3,same,same,same,same,same,same,same
4,4,4:4,4:4,4:4,4:4,4:4,4:4,4:4,same,same,same,same,same,same,same
4,5,4:5,4:5,4:5,4:5,4:5,4:5,4:5,same,same,same,same,same,same,same
4,6,4:6,4:6,4:6,4:6,4:6,4:6,4:6,same,same,same,same,same,same,same
4,7,4:7,4:7,4:7,4:7,4:7,4:7,4:7,same,same,same,same,same,same,same
4,8,4:8,4:8,4:8,4:8,4:8,4:8,4:8,same,same,same,same,same,same,same
4,9,4:9,4:9,4:9,4:9,4:9,4:9,4:9,same,same,same,same,same,same,same
4,10,4:10,4:10,4:10,4:10,4:10,4:10,4:10,same,same,same,same,same,same,same
4,11,4:11,4:11,4:11,4:11,4:11,4:11,4:11,same,same,same,same,same,same,same
4,12,4:12,4:12,4:12,4:12,4:12,4:12,4:12,same,same,same,same,same,same,same
4,13,4:13,4:13,4:13,4:13,4:13,4:13,4:13,same,same,same,same,same,same,same
4,14,4:14,4:14,4:14,4:14,4:14,4:14,4:14,same,same,same,same,same,same,same
4,15,4:15,4:15,4:15,4:15,4:15,4:15,4:15,same,same,same,same,same,same,same
4,16,4:16,4:16,4:16,4:16,4:16,4:16,4:16,same,same,same,same,same,same,same
4,17,4:17,4:17,4:17,4:17,4:17,4:17,4:17,same,same,same,same,same,same,same
4,18,4:18,4:18,4:18,4:18,4:18,4:18,4:18,same,same,same,same,same,same,same
4,19,4:19,4:19,4:19,4:19,4:19,4:19,4:19,same,same,same,same,same,same,same
4,20,4:20,4:20,4:20,4:20,4:20,4:20,4:20,same,same,same,same,same,same,same
4,21,4:21,4:21,4:21,4:21,4:21,4:21,4:21,same,same,same,same,same,same,same
4,22,4:22,4:22,4:22,4:22,4:22,4:22,4:22,same,same,same,same,same,same,same
4,23,4:23,4:23,4:23,4:23,4:23,4:23,4:23,same,same,same,same,same,same,same
4,24,4:24,4:24,4:24,4:24,4:24,4:24,4:24,same,same,same,same,same,same,same
4,25,4:25,4:25,4:25,4:25,4:25,4:25,4:25,same,same,same,same,same,same,same
4,26,4:26,4:26,4:26,4:26,4:26,4:26,4:26,same,same,same,same,same,same,same
4,27,4:27,4:27,4:27,4:27,4:27,4:27,4:27,same,same,same,same,same,same,same
4,28,4:28,4:28,4:28,4:28,4:28,4:28,4:28,same,same,same,same,same,same,same
4,29,4:29,4:29,4:29,4:29,4:29,4:29,4:29,same,same,same,same,same,same,same
4,30,4:30,4:30,4:30,4:30,4:30,4:30,4:30,same,same,same,same,same,same,same
4,31,4:31,4:31,4:31,4:31,4:31,4:31,4:31,same,same,same,same,same,same,same
4,32,4:32,4:32,4:32,4:32,4:32,4:32,4:32,same,same,same,same,same,same,same
4,33,4:33,4:33,4:33,4:33,4:33,4:33,4:33,same,same,same,same,same,same,same
4,34,4:34,4:34,4:34,4:34,4:34,4:34,4:34,same,same,same,same,same,same,same
4,35,4:35,4:35,4:35,4:35,4:35,4:35,4:35,same,same,same,same,same,same,same
4,36,4:36,4:36,4:36,4:36,4:36,4:36,4:36,same,same,same,same,same,same,same
4,37,4:37,4:37,4:37,4:37,4:37,4:37,4:37,same,same,same,same,same,same,same
4,38,4:38,4:38,4:38,4:38,4:38,4:38,4:38,same,same,same,same,same,same,same
4,39,4:39,4:39,4:39,4:39,4:39,4:39,4:39,same,same,same,same,same,same,same
4,40,4:40,4:40,4:40,4:40,4:40,4:40,4:40,same,same,same,same,same,same,same
4,41,4:41,4:41,4:41,4:41,4:41,4:41,4:41,same,same,same,same,same,same,same
4,42,4:42,4:42,4:42,4:42,4:42,4:42,4:42,same,same,same,same,same,same,same
4,43,4:43,4:43,4:43,4:43,4:43,4:43,4:43,same,same,same,same,same,same,same
4,44,4:44,4:44,4:44,4:44,4:44,4:44,4:44,same,same,merged,merged,merged,merged,merged
4,45,4:45,4:45,4:44,4:44,4:44,4:44,4:44,same,same,merged,merged,merged,merged,merged
4,46,4:46,4:46,4:45,4:45,4:45,4:45,4:45,same,same,same,same,same,same,same
4,47,4:47,4:47,4:46,4:46,4:46,4:46,4:46,same,same,same,same,same,same,same
4,48,4:48,4:48,4:47,4:47,4:47,4:47,4:47,same,same,same,same,same,same,same
4,49,4:49,4:49,4:48,4:48,4:48,4:48,4:48,same,same,same,same,same,same,same
4,50,4:50,4:50,4:49,4:49,4:49,4:49,4:49,same,same,same,same,same,same,same
4,51,4:51,4:51,4:50,4:50,4:50,4:50,4:50,same,same,same,same,same,same,same
4,52,4:52,4:52,4:51,4:51,4:51,4:51,4:51,same,same,same,same,same,same,same
4,53,4:53,4:53,4:52,4:52,4:52,4:52,4:52,same,same,same,same,same,same,same
4,54,4:54,4:54,4:53,4:53,4:53,4:53,4:53,same,same,same,same,same,same,same
4,55,4:55,4:55,4:54,4:54,4:54,4:54,4:54,same,same,same,same,same,same,same
4,56,4:56,4:56,4:55,4:55,4:55,4:55,4:55,same,same,same,same,same,same,same
4,57,4:57,4:57,4:56,4:56,4:56,4:56,4:56,same,same,same,same,same,same,same
4,58,4:58,4:58,4:57,4:57,4:57,4:57,4:57,same,same,same,same,same,same,same
4,59,4:59,4:59,4:58,4:58,4:58,4:58,4:58,same,same,same,same,same,same,same
4,60,4:60,4:60,4:59,4:59,4:59,4:59,4:59,same,same,same,same,same,same,same
4,61,4:61,4:61,4:60,4:60,4:60,4:60,4:60,same,same,same,same,same,same,same
4,62,4:62,4:62,4:61,4:61,4:61,4:61,4:61,same,same,same,same,same,same,same
4,63,4:63,4:63,4:62,4:62,4:62,4:62,4:62,same,same,same,same,same,same,same
4,64,4:64,4:64,4:63,4:63,4:63,4:63,4:63,same,same,same,same,same,same,same
4,65,4:65,4:65,4:64,4:64,4:64,4:64,4:64,same,same,same,same,same,same,same
4,66,4:66,4:66,4:65,4:65,4:65,4:65,4:65,same,same,same,same,same,same,same
4,67,4:67,4:67,4:66,4:66,4:66,4:66,4:66,same,same,same,same,same,same,same
4,68,4:68,4:68,4:67,4:67,4:67,4:67,4:67,same,same,same,same,same,same,same
4,69,4:69,4:69,4:68,4:68,4:68,4:68,4:68,same,same,same,same,same,same,same
4,70,4:70,4:70,4:69,4:69,4:69,4:69,4:69,same,same,same,same,same,same,same
4,71,4:71,4:71,4:70,4:70,4:70,4:70,4:70,same,same,same,same,same,same,same
4,72,4:72,4:72,4:71,4:71,4:71,4:71,4:71,same,same,same,same,same,same,same
4,73,4:73,4:73,4:72,4:72,4:72,4:72,4:72,same,same,same,same,same,same,same
4,74,4:74,4:74,4:73,4:73,4:73,4:73,4:73,same,same,same,same,same,same,same
4,75,4:75,4:75,4:74,4:74,4:74,4:74,4:74,same,same,same,same,same,same,same
4,76,4:76,4:76,4:75,4:75,4:75,4:75,4:75,same,same,same,same,same,same,same
4,77,4:77,4:77,4:76,4:76,4:76,4:76,4:76,same,same,same,same,same,same,same
4,78,4:78,4:78,4:77,4:77,4:77,4:77,4:77,same,same,same,same,same,same,same
4,79,4:79,4:79,4:78,4:78,4:78,4:78,4:78,same,same,same,same,same,same,same
4,80,4:80,4:80,4:79,4:79,4:79,4:79,4:79,same,same,same,same,same,same,same
4,81,4:81,4:81,4:80,4:80,4:80,4:80,4:80,same,same,same,same,same,same,same
4,82,4:82,4:82,4:81,4:81,4:81,4:81,4:81,same,same,same,same,same,same,same
4,83,4:83,4:83,4:82,4:82,4:82,4:82,4:82,same,same,same,same,same,same,same
4,84,4:84,4:84,4:83,4:83,4:83,4:83,4:83,same,same,same,same,same,same,same
4,85,4:85,4:85,4:84,4:84,4:84,4:84,4:84,same,same,same,same,same,same,same
4,86,4:86,4:86,4:85,4:85,4:85,4:85,4:85,same,same,same,same,same,same,same
4,87,4:87,4:87,4:86,4:86,4:86,4:86,4:86,same,same,same,same,same,same,same
4,88,4:88,4:88,4:87,4:87,4:87,4:87,4:87,same,same,same,same,same,same,same
4,89,4:89,4:89,4:88,4:88,4:88,4:88,4:88,same,same,same,same,same,same,same
4,90,4:90,4:90,4:89,4:89,4:89,4:89,4:89,same,same,same,same,same,same,same
4,91,4:91,4:91,4:90,4:90,4:90,4:90,4:90,same,same,same,same,same,same,same
4,92,4:92,4:92,4:91,4:91,4:91,4:91,4:91,same,same,same,same,same,same,same
4,93,4:93,4:93,4:92,4:92,4:92,4:92,4:92,same,same,same,same,same,same,same
4,94,4:94,4:94,4:93,4:93,4:93,4:93,4:93,same,same,same,same,same,same,same
4,95,4:95,4:95,4:94,4:94,4:94,4:94,4:94,same,same,same,same,same,same,same
4,96,4:96,4:96,4:95,4:95,4:95,4:95,4:95,same,same,same,same,same,same,same
4,97,4:97,4:97,4:96,4:96,4:96,4:96,4:96,same,same,same,same,same,same,same
4,98,4:98,4:98,4:97,4:97,4:97,4:97,4:97,same,same,same,same,same,same,same
4,99,4:99,4:99,4:98,4:98,4:98,4:98,4:98,same,same,same,same,same,same,same
4,100,4:100,4:100,4:99,4:99,4:99,4:99,4:99,same,same,same,same,same,same,same
4,101,4:101,4:101,4:100,4:100,4:100,4:100,4:100,same,same,same,same,same,same,same
4,102,4:102,4:102,4:101,4:101,4:101,4:101,4:101,same,same,same,same,same,same,same
4,103,4:103,4:103,4:102,4:102,4:102,4:102,4:102,same,same,same,same,same,same,same
4,104,4:104,4:104,4:103,4:103,4:103,4:103,4:103,same,same,same,same,same,same,same
4,105,4:105,4:105,4:104,4:104,4:104,4:104,4:104,same,same,same,same,same,same,same
4,106,4:106,4:106,4:105,4:105,4:105,4:105,4:105,same,same,same,same,same,same,same
4,107,4:107,4:107,4:106,4:106,4:106,4:106,4:106,same,same,same,same,same,same,same
4,108,4:108,4:108,4:107,4:107,4:107,4:107,4:107,same,same,same,same,same,same,same
4,109,4:109,4:109,4:108,4:108,4:108,4:108,4:108,same,same,same,same,same,same,same
4,110,4:110,4:110,4:109,4:109,4:109,4:109,4:109,same,same,same,same,same,same,same
4,111,4:111,4:111,4:110,4:110,4:110,4:110,4:110,same,same,same,same,same,same,same
4,112,4:112,4:112,4:111,4:111,4:111,4:111,4:111,same,same,same,same,same,same,same
4,113,4:113,4:113,4:112,4:112,4:112,4:112,4:112,same,same,same,same,same,same,same
4,114,4:114,4:114,4:113,4:113,4:113,4:113,4:113,same,same,same,same,same,same,same
4,115,4:115,4:115,4:114,4:114,4:114,4:114,4:114,same,same,same,same,same,same,same
4,116,4:116,4:116,4:115,4:115,4:115,4:115,4:115,same,same,same,same,same,same,same
4,117,4:117,4:117,4:116,4:116,4:116,4:116,4:116,same,same,same,same,same,same,same
4,118,4:118,4:118,4:117,4:117,4:117,4:117,4:117,same,same,same,same,same,same,same
4,119,4:119,4:119,4:118,4:118,4:118,4:118,4:118,same,same,same,same,same,same,same
4,120,4:120,4:120,4:119,4:119,4:119,4:119,4:119,same,same,same,same,same,same,same
4,121,4:121,4:121,4:120,4:120,4:120,4:120,4:120,same,same,same,same,same,same,same
4,122,4:122,4:122,4:121,4:121,4:121,4:121,4:121,same,same,same,same,same,same,same
4,123,4:123,4:123,4:122,4:122,4:122,4:122,4:122,same,same,same,same,same,same,same
4,124,4:124,4:124,4:123,4:123,4:123,4:123,4:123,same,same,same,same,same,same,same
4,125,4:125,4:125,4:124,4:124,4:124,4:124,4:124,same,same,same,same,same,same,same
4,126,4:126,4:126,4:125,4:125,4:125,4:125,4:125,same,same,same,same,same,same,same
4,127,4:127,4:127,4:126,4:126,4:126,4:126,4:126,same,same,same,same,same,same,same
4,128,4:128,4:128,4:127,4:127,4:127,4:127,4:127,same,same,same,same,same,same,same
4,129,4:129,4:129,4:128,4:128,4:128,4:128,4:128,same,same,same,same,same,same,same
4,130,4:130,4:130,4:129,4:129,4:129,4:129,4:129,same,same,same,same,same,same,same
4,131,4:131,4:131,4:130,4:130,4:130,4:130,4:130,same,same,same,same,same,same,same
4,132,4:132,4:132,4:131,4:131,4:131,4:131,4:131,same,same,same,same,same,same,same
4,133,4:133,4:133,4:132,4:132,4:132,4:132,4:132,same,same,same,same,same,same,same
4,134,4:134,4:134,4:133,4:133,4:133,4:133,4:133,same,same,same,same,same,same,same
4,135,4:135,4:135,4:134,4:134,4:134,4:134,4:134,same,same,same,same,same,same,same
4,136,4:136,4:136,4:135,4:135,4:135,4:135,4:135,same,same,same,same,same,same,same
4,137,4:137,4:137,4:136,4:136,4:136,4:136,4:136,same,same,same,same,same,same,same
4,138,4:138,4:138,4:137,4:137,4:137,4:137,4:137,same,same,same,same,same,same,same
4,139,4:139,4:139,4:138,4:138,4:138,4:138,4:138,same,same,same,same,same,same,same
4,140,4:140,4:140,4:139,4:139,4:139,4:139,4:139,same,same,same,same,same,same,same
4,141,4:141,4:141,4:140,4:140,4:140,4:140,4:140,same,same,same,same,same,same,same
4,142,4:142,4:142,4:141,4:141,4:141,4:141,4:141,same,same,same,same,same,same,same
4,143,4:143,4:143,4:142,4:142,4:142,4:142,4:142,same,same,same,same,same,same,same
4,144,4:144,4:144,4:143,4:143,4:143,4:143,4:143,same,same,same,same,same,same,same
4,145,4:145,4:145,4:144,4:144,4:144,4:144,4:144,same,same,same,same,same,same,same
4,146,4:146,4:146,4:145,4:145,4:145,4:145,4:145,same,same,same,same,same,same,same
4,147,4:147,4:147,4:146,4:146,4:146,4:146,4:146,same,same,same,same,same,same,same
4,148,4:148,4:148,4:147,4:147,4:147,4:147,4:147,same,same,same,same,same,same,same
4,149,4:149,4:149,4:148,4:148,4:148,4:148,4:148,same,same,same,same,same,same,same
4,150,4:150,4:150,4:149,4:149,4:149,4:149,4:149,same,same,same,same,same,same,same
4,151,4:151,4:151,4:150,4:150,4:150,4:150,4:150,same,same,same,same,same,same,same
4,152,4:152,4:152,4:151,4:151,4:151,4:151,4:151,same,same,same,same,same,same,same
4,153,4:153,4:153,4:152,4:152,4:152,4:152,4:152,same,same,same,same,same,same,same
4,154,4:154,4:154,4:153,4:153,4:153,4:153,4:153,same,same,same,same,same,same,same
4,155,4:155,4:155,4:154,4:154,4:154,4:154,4:154,same,same,same,same,same,same,same
4,156,4:156,4:156,4:155,4:155,4:155,4:155,4:155,same,same,same,same,same,same,same
4,157,4:157,4:157,4:156,4:156,4:156,4:156,4:156,same,same,same,same,same,same,same
4,158,4:158,4:158,4:157,4:157,4:157,4:157,4:157,same,same,same,same,same,same,same
4,159,4:159,4:159,4:158,4:158,4:158,4:158,4:158,same,same,same,same,same,same,same
4,160,4:160,4:160,4:159,4:159,4:159,4:159,4:159,same,same,same,same,same,same,same
4,161,4:161,4:161,4:160,4:160,4:160,4:160,4:160,same,same,same,same,same,same,same
4,162,4:162,4:162,4:161,4:161,4:161,4:161,4:161,same,same,same,same,same,same,same
4,163,4:163,4:163,4:162,4:162,4:162,4:162,4:162,same,same,same,same,same,same,same
4,164,4:164,4:164,4:163,4:163,4:163,4:163,4:163,same,same,same,same,same,same,same
4,165,4:165,4:165,4:164,4:164,4:164,4:164,4:164,same,same,same,same,same,same,same
4,166,4:166,4:166,4:165,4:165,4:165,4:165,4:165,same,same,same,same,same,same,same
4,167,4:167,4:167,4:166,4:166,4:166,4:166,4:166,same,same,same,same,same,same,same
4,168,4:168,4:168,4:167,4:167,4:167,4:167,4:167,same,same,same,same,same,same,same
4,169,4:169,4:169,4:168,4:168,4:168,4:168,4:168,same,same,same,same,same,same,same
4,170,4:170,4:170,4:169,4:169,4:169,4:169,4:169,same,same,same,same,same,same,same
4,171,4:171,4:171,4:170,4:170,4:170,4:170,4:170,same,same,same,same,same,same,same
4,172,4:172,4:172,4:171,4:171,4:171,4:171,4:171,same,same,same,same,same,same,same
4,173,4:173,4:173,4:172,4:172,4:172,4:172,4:172,same,same,same,same,same,same,same
4,174,4:174,4:174,4:173,4:173,4:173,4:173,4:173,same,same,same,same,same,same,same
4,175,4:175,4:175,4:174,4:174,4:174,4:174,4:174,same,same,same,same,same,same,same
4,176,4:176,4:176,4:175,4:175,4:175,4:175,4:175,same,same,same,same,same,same,same
5,1,5:1,5:1,5:1-2,5:1-2,5:1-2,5:1-2,5:1-2,same,same,split,split,split,split,split
5,2,5:2,5:2,5:3,5:3,5:3,5:3,5:3,same,same,same,same,same,same,same
5,3,5:3,5:3,5:4,5:4,5:4,5:4,5:4,same,same,same,same,same,same,same
5,4,5:4,5:4,5:5,5:5,5:5,5:5,5:5,same,same,same,same,same,same,same
5,5,5:5,5:5,5:6,5:6,5:6,5:6,5:6,same,same,same,same,same,same,same
5,6,5:6,5:6,5:7,5:7,5:7,5:7,5:7,same,same,same,same,same,same,same
5,7,5:7,5:7,5:8,5:8,5:8,5:8,5:8,same,same,same,same,same,same,same
5,8,5:8,5:8,5:9,5:9,5:9,5:9,5:9,same,same,same,same,same,same,same
5,9,5:9,5:9,5:10,5:10,5:10,5:10,5:10,same,same,same,same,same,same,same
5,10,5:10,5:10,5:11,5:11,5:11,5:11,5:11,same,same,same,same,same,same,same
5,11,5:11,5:11,5:12,5:12,5:12,5:12,5:12,same,same,same,same,same,same,same
5,12,5:12,5:12,5:13,5:13,5:13,5:13,5:13,same,same,same,same,same,same,same
5,13,5:13,5:13,5:14,5:14,5:14,5:14,5:14,same,same,same,same,same,same,same
5,14,5:14,5:14,5:15,5:15,5:15,5:15,5:15,same,same,same,same,same,same,same
5,15,5:15,5:15,5:16-17,5:16-17,5:16-17,5:16-17,5:16-17,same,same,split,split,split,split,split
5,16,5:16,5:16,5:18,5:18,5:18,5:18,5:18,same,same,same,same,same,same,same
5,17,5:17,5:17,5:19,5:19,5:19,5:19,5:19,same,same,same,same,same,same,same
5,18,5:18,5:18,5:20,5:20,5:20,5:20,5:20,same,same,same,same,same,same,same
5,19,5:19,5:19,5:21,5:21,5:21,5:21,5:21,same,same,same,same,same,same,same
5,20,5:20,5:20,5:22,5:22,5:22,5:22,5:22,same,same,same,same,same,same,same
5,21,5:21,5:21,5:23,5:23,5:23,5:23,5:23,same,same,same,same,same,same,same
5,22,5:22,5:22,5:24,5:24,5:24,5:24,5:24,same,same,same,same,same,same,same
5,23,5:23,5:23,5:25,5:25,5:25,5:25,5:25,same,same,same,same,same,same,same
5,24,5:24,5:24,5:26,5:26,5:26,5:26,5:26,same,same,same,same,same,same,same
5,25,5:25,5:25,5:27,5:27,5:27,5:27,5:27,same,same,same,same,same,same,same
5,26,5:26,5:26,5:28,5:28,5:28,5:28,5:28,same,same,same,same,same,same,same
5,27,5:27,5:27,5:29,5:29,5:29,5:29,5:29,same,same,same,same,same,same,same
5,28,5:28,5:28,5:30,5:30,5:30,5:30,5:30,same,same,same,same,same,same,same
5,29,5:29,5:29,5:31,5:31,5:31,5:31,5:31,same,same,same,same,same,same,same
5,30,5:30,5:30,5:32,5:32,5:32,5:32,5:32,same,same,same,same,same,same,same
5,31,5:31,5:31,5:33,5:33,5:33,5:33,5:33,same,same,same,same,same,same,same
5,32,5:32,5:32,5:34,5:34,5:34,5:34,5:34,same,same,same,same,same,same,same
5,33,5:33,5:33,5:35,5:35,5:35,5:35,5:35,same,same,same,same,same,same,same
5,34,5:34,5:34,5:36,5:36,5:36,5:36,5:36,same,same,same,same,same,same,same
5,35,5:35,5:35,5:37,5:37,5:37,5:37,5:37,same,same,same,same,same,same,same
5,36,5:36,5:36,5:38,5:38,5:38,5:38,5:38,same,same,same,same,same,same,same
5,37,5:37,5:37,5:39,5:39,5:39,5:39,5:39,same,same,same,same,same,same,same
5,38,5:38,5:38,5:40,5:40,5:40,5:40,5:40,same,same,same,same,same,same,same
5,39,5:39,5:39,5:41,5:41,5:41,5:41,5:41,same,same,same,same,same,same,same
5,40,5:40,5:40,5:42,5:42,5:42,5:42,5:42,same,same,same,same,same,same,same
5,41,5:41,5:41,5:43,5:43,5:43,5:43,5:43,same,same,same,same,same,same,same
5,42,5:42,5:42,5:44,5:44,5:44,5:44,5:44,same,same,same,same,same,same,same
5,43,5:43,5:43,5:45,5:45,5:45,5:45,5:45,same,same,same,same,same,same,same
5,44,5:44,5:44,5:46,5:46,5:46,5:46,5:46,same,same,same,same,same,same,same
5,45,5:45,5:45,5:47,5:47,5:47,5:47,5:47,same,same,same,same,same,same,same
5,46,5:46,5:46,5:48,5:48,5:48,5:48,5:48,same,same,same,same,same,same,same
5,47,5:47,5:47,5:49,5:49,5:49,5:49,5:49,same,same,same,same,same,same,same
5,48,5:48,5:48,5:50,5:50,5:50,5:50,5:50,same,same,same,same,same,same,same
5,49,5:49,5:49,5:51,5:51,5:51,5:51,5:51,same,same,same,same,same,same,same
5,50,5:50,5:50,5:52,5:52,5:52,5:52,5:52,same,same,same,same,same,same,same
5,51,5:51,5:51,5:53,5:53,5:53,5:53,5:53,same,same,same,same,same,same,same
5,52,5:52,5:52,5:54,5:54,5:54,5:54,5:54,same,same,same,same,same,same,same
5,53,5:53,5:53,5:55,5:55,5:55,5:55,5:55,same,same,same,same,same,same,same
5,54,5:54,5:54,5:56,5:56,5:56,5:56,5:56,same,same,same,same,same,same,same
5,55,5:55,5:55,5:57,5:57,5:57,5:57,5:57,same,same,same,same,same,same,same
5,56,5:56,5:56,5:58,5:58,5:58,5:58,5:58,same,same,same,same,same,same,same
5,57,5:57,5:57,5:59,5:59,5:59,5:59,5:59,same,same,same,same,same,same,same
5,58,5:58,5:58,5:60,5:60,5:60,5:60,5:60,same,same,same,same,same,same,same
5,59,5:59,5:59,5:61,5:61,5:61,5:61,5:61,same,same,same,same,same,same,same
5,60,5:60,5:60,5:62,5:62,5:62,5:62,5:62,same,same,same,same,same,same,same
5,61,5:61,5:61,5:63,5:63,5:63,5:63,5:63,same,same,same,same,same,same,same
5,62,5:62,5:62,5:64,5:64,5:64,5:64,5:64,same,same,same,same,same,same,same
5,63,5:63,5:63,5:65,5:65,5:65,5:65,5:65,same,same,same,same,same,same,same
5,64,5:64,5:64,5:66,5:66,5:66,5:66,5:66,same,same,same,same,same,same,same
5,65,5:65,5:65,5:67,5:67,5:67,5:67,5:67,same,same,same,same,same,same,same
5,66,5:66,5:66,5:68,5:68,5:68,5:68,5:68,same,same,same,same,same,same,same
5,67,5:67,5:67,5:69,5:69,5:69,5:69,5:69,same,same,same,same,same,same,same
5,68,5:68,5:68,5:70,5:70,5:70,5:70,5:70,same,same,same,same,same,same,same
5,69,5:69,5:69,5:71,5:71,5:71,5:71,5:71,same,same,same,same,same,same,same
5,70,5:70,5:70,5:72,5:72,5:72,5:72,5:72,same,same,same,same,same,same,same
5,71,5:71,5:71,5:73,5:73,5:73,5:73,5:73,same,same,same,same,same,same,same
5,72,5:72,5:72,5:74,5:74,5:74,5:74,5:74,same,same,same,same,same,same,same
5,73,5:73,5:73,5:75,5:75,5:75,5:75,5:75,same,same,same,same,same,same,same
5,74,5:74,5:74,5:76,5:76,5:76,5:76,5:76,same,same,same,same,same,same,same
5,75,5:75,5:75,5:77,5:77,5:77,5:77,5:77,same,same,same,same,same,same,same
5,76,5:76,5:76,5:78,5:78,5:78,5:78,5:78,same,same,same,same,same,same,same
5,77,5:77,5:77,5:79,5:79,5:79,5:79,5:79,same,same,same,same,same,same,same
5,78,5:78,5:78,5:80,5:80,5:80,5:80,5:80,same,same,same,same,same,same,same
5,79,5:79,5:79,5:81,5:81,5:81,5:81,5:81,same,same,same,same,same,same,same
5,80,5:80,5:80,5:82,5:82,5:82,5:82,5:82,same,same,same,same,same,same,same
5,81,5:81,5:81,5:83,5:83,5:83,5:83,5:83,same,same,same,same,same,same,same
5,82,5:82,5:82,5:84,5:84,5:84,5:84,5:84,same,same,same,same,same,same,same
5,83,5:83,5:83,5:85,5:85,5:85,5:85,5:85,same,same,same,same,same,same,same
5,84,5:84,5:84,5:86,5:86,5:86,5:86,5:86,same,same,same,same,same,same,same
5,85,5:85,5:85,5:87,5:87,5:87,5:87,5:87,same,same,same,same,same,same,same
5,86,5:86,5:86,5:88,5:88,5:88,5:88,5:88,same,same,same,same,same,same,same
5,87,5:87,5:87,5:89,5:89,5:89,5:89,5:89,same,same,same,same,same,same,same
5,88,5:88,5:88,5:90,5:90,5:90,5:90,5:90,same,same,same,same,same,same,same
5,89,5:89,5:89,5:91,5:91,5:91,5:91,5:91,same,same,same,same,same,same,same
5,90,5:90,5:90,5:92,5:92,5:92,5:92,5:92,same,same,same,same,same,same,same
5,91,5:91,5:91,5:93,5:93,5:93,5:93,5:93,same,same,same,same,same,same,same
5,92,5:92,5:92,5:94,5:94,5:94,5:94,5:94,same,same,same,same,same,same,same
5,93,5:93,5:93,5:95,5:95,5:95,5:95,5:95,same,same,same,same,same,same,same
5,94,5:94,5:94,5:96,5:96,5:96,5:96,5:96,same,same,same,same,same,same,same
5,95,5:95,5:95,5:97,5:97,5:97,5:97,5:97,same,same,same,same,same,same,same
5,96,5:96,5:96,5:98,5:98,5:98,5:98,5:98,same,same,same,same,same,same,same
5,97,5:97,5:97,5:99,5:99,5:99,5:99,5:99,same,same,same,same,same,same,same
5,98,5:98,5:98,5:100,5:100,5:100,5:100,5:100,same,same,same,same,same,same,same
5,99,5:99,5:99,5:101,5:101,5:101,5:101,5:101,same,same,same,same,same,same,same
5,100,5:100,5:100,5:102,5:102,5:102,5:102,5:102,same,same,same,same,same,same,same
5,101,5:101,5:101,5:103,5:103,5:103,5:103,5:103,same,same,same,same,same,same,same
5,102,5:102,5:102,5:104,5:104,5:104,5:104,5:104,same,same,same,same,same,same,same
5,103,5:103,5:103,5:105,5:105,5:105,5:105,5:105,same,same,same,same,same,same,same
5,104,5:104,5:104,5:106,5:106,5:106,5:106,5:106,same,same,same,same,same,same,same
5,105,5:105,5:105,5:107,5:107,5:107,5:107,5:107,same,same,same,same,same,same,same
5,106,5:106,5:106,5:108,5:108,5:108,5:108,5:108,same,same,same,same,same,same,same
5,107,5:107,5:107,5:109,5:109,5:109,5:109,5:109,same,same,same,same,same,same,same
5,108,5:108,5:108,5:110,5:110,5:110,5:110,5:110,same,same,same,same,same,same,same
5,109,5:109,5:109,5:111,5:111,5:111,5:111,5:111,same,same,same,same,same,same,same
5,110,5:110,5:110,5:112,5:112,5:112,5:112,5:112,same,same,same,same,same,same,same
5,111,5:111,5:111,5:113,5:113,5:113,5:113,5:113,same,same,same,same,same,same,same
5,112,5:112,5:112,5:114,5:114,5:114,5:114,5:114,same,same,same,same,same,same,same
5,113,5:113,5:113,5:115,5:115,5:115,5:115,5:115,same,same,same,same,same,same,same
5,114,5:114,5:114,5:116,5:116,5:116,5:116,5:116,same,same,same,same,same,same,same
5,115,5:115,5:115,5:117,5:117,5:117,5:117,5:117,same,same,same,same,same,same,same
5,116,5:116,5:116,5:118,5:118,5:118,5:118,5:118,same,same,same,same,same,same,same
5,117,5:117,5:117,5:119,5:119,5:119,5:119,5:119,same,same,same,same,same,same,same
5,118,5:118,5:118,5:120,5:120,5:120,5:120,5:120,same,same,same,same,same,same,same
5,119,5:119,5:119,5:121,5:121,5:121,5:121,5:121,same,same,same,same,same,same,same
5,120,5:120,5:120,5:122,5:122,5:122,5:122,5:122,same,same,same,same,same,same,same
6,1,6:1,6:1,6:1-2,6:1-2,6:1-2,6:1-2,6:1-2,same,same,split,split,split,split,split
6,2,6:2,6:2,6:3,6:3,6:3,6:3,6:3,same,same,same,same,same,same,same
6,3,6:3,6:3,6:4,6:4,6:4,6:4,6:4,same,same,same,same,same,same,same
6,4,6:4,6:4,6:5,6:5,6:5,6:5,6:5,same,same,same,same,same,same,same
6,5,6:5,6:5,6:6,6:6,6:6,6:6,6:6,same,same,same,same,same,same,same
6,6,6:6,6:6,6:7,6:7,6:7,6:7,6:7,same,same,same,same,same,same,same
6,7,6:7,6:7,6:8,6:8,6:8,6:8,6:8,same,same,same,same,same,same,same
6,8,6:8,6:8,6:9,6:9,6:9,6:9,6:9,same,same,same,same,same,same,same
6,9,6:9,6:9,6:10,6:10,6:10,6:10,6:10,same,same,same,same,same,same,same
6,10,6:10,6:10,6:11,6:11,6:11,6:11,6:11,same,same,same,same,same,same,same
6,11,6:11,6:11,6:12,6:12,6:12,6:12,6:12,same,same,same,same,same,same,same
6,12,6:12,6:12,6:13,6:13,6:13,6:13,6:13,same,same,same,same,same,same,same
6,13,6:13,6:13,6:14,6:14,6:14,6:14,6:14,same,same,same,same,same,same,same
6,14,6:14,6:14,6:15,6:15,6:15,6:15,6:15,same,same,same,same,same,same,same
6,15,6:15,6:15,6:16,6:16,6:16,6:16,6:16,same,same,same,same,same,same,same
6,16,6:16,6:16,6:17,6:17,6:17,6:17,6:17,same,same,same,same,same,same,same
6,17,6:17,6:17,6:18,6:18,6:18,6:18,6:18,same,same,same,same,same,same,same
6,18,6:18,6:18,6:19,6:19,6:19,6:19,6:19,same,same,same,same,same,same,same
6,19,6:19,6:19,6:20,6:20,6:20,6:20,6:20,same,same,same,same,same,same,same
6,20,6:20,6:20,6:21,6:21,6:21,6:21,6:21,same,same,same,same,same,same,same
6,21,6:21,6:21,6:22,6:22,6:22,6:22,6:22,same,same,same,same,same,same,same
6,22,6:22,6:22,6:23,6:23,6:23,6:23,6:23,same,same,same,same,same,same,same
6,23,6:23,6:23,6:24,6:24,6:24,6:24,6:24,same,same,same,same,same,same,same
6,24,6:24,6:24,6:25,6:25,6:25,6:25,6:25,same,same,same,same,same,same,same
6,25,6:25,6:25,6:26,6:26,6:26,6:26,6:26,same,same,same,same,same,same,same
6,26,6:26,6:26,6:27,6:27,6:27,6:27,6:27,same,same,same,same,same,same,same
6,27,6:27,6:27,6:28,6:28,6:28,6:28,6:28,same,same,same,same,same,same,same
6,28,6:28,6:28,6:29,6:29,6:29,6:29,6:29,same,same,same,same,same,same,same
6,29,6:29,6:29,6:30,6:30,6:30,6:30,6:30,same,same,same,same,same,same,same
6,30,6:30,6:30,6:31,6:31,6:31,6:31,6:31,same,same,same,same,same,same,same
6,31,6:31,6:31,6:32,6:32,6:32,6:32,6:32,same,same,same,same,same,same,same
6,32,6:32,6:32,6:33,6:33,6:33,6:33,6:33,same,same,same,same,same,same,same
6,33,6:33,6:33,6:34,6:34,6:34,6:34,6:34,same,same,same,same,same,same,same
6,34,6:34,6:34,6:35,6:35,6:35,6:35,6:35,same,same,same,same,same,same,same
6,35,6:35,6:35,6:36,6:36,6:36,6:36,6:36,same,same,same,same,same,same,same
6,36,6:36,6:36,6:37,6:37,6:37,6:37,6:37,same,same,same,same,same,same,same
6,37,6:37,6:37,6:38,6:38,6:38,6:38,6:38,same,same,same,same,same,same,same
6,38,6:38,6:38,6:39,6:39,6:39,6:39,6:39,same,same,same,same,same,same,same
6,39,6:39,6:39,6:40,6:40,6:40,6:40,6:40,same,same,same,same,same,same,same
6,40,6:40,6:40,6:41,6:41,6:41,6:41,6:41,same,same,same,same,same,same,same
6,41,6:41,6:41,6:42,6:42,6:42,6:42,6:42,same,same,same,same,same,same,same
6,42,6:42,6:42,6:43,6:43,6:43,6:43,6:43,same,same,same,same,same,same,same
6,43,6:43,6:43,6:44,6:44,6:44,6:44,6:44,same,same,same,same,same,same,same
6,44,6:44,6:44,6:45,6:45,6:45,6:45,6:45,same,same,same,same,same,same,same
6,45,6:45,6:45,6:46,6:46,6:46,6:46,6:46,same,same,same,same,same,same,same
6,46,6:46,6:46,6:47,6:47,6:47,6:47,6:47,same,same,same,same,same,same,same
6,47,6:47,6:47,6:48,6:48,6:48,6:48,6:48,same,same,same,same,same,same,same
6,48,6:48,6:48,6:49,6:49,6:49,6:49,6:49,same,same,same,same,same,same,same
6,49,6:49,6:49,6:50,6:50,6:50,6:50,6:50,same,same,same,same,same,same,same
6,50,6:50,6:50,6:51,6:51,6:51,6:51,6:51,same,same,same,same,same,same,same
6,51,6:51,6:51,6:52,6:52,6:52,6:52,6:52,same,same,same,same,same,same,same
6,52,6:52,6:52,6:53,6:53,6:53,6:53,6:53,same,same,same,same,same,same,same
6,53,6:53,6:53,6:54,6:54,6:54,6:54,6:54,same,same,same,same,same,same,same
6,54,6:54,6:54,6:55,6:55,6:55,6:55,6:55,same,same,same,same,same,same,same
6,55,6:55,6:55,6:56,6:56,6:56,6:56,6:56,same,same,same,same,same,same,same
6,56,6:56,6:56,6:57,6:57,6:57,6:57,6:57,same,same,same,same,same,same,same
6,57,6:57,6:57,6:58,6:58,6:58,6:58,6:58,same,same,same,same,same,same,same
6,58,6:58,6:58,6:59,6:59,6:59,6:59,6:59,same,same,same,same,same,same,same
6,59,6:59,6:59,6:60,6:60,6:60,6:60,6:60,same,same,same,same,same,same,same
6,60,6:60,6:60,6:61,6:61,6:61,6:61,6:61,same,same,same,same,same,same,same
6,61,6:61,6:61,6:62,6:62,6:62,6:62,6:62,same,same,same,same,same,same,same
6,62,6:62,6:62,6:63,6:63,6:63,6:63,6:63,same,same,same,same,same,same,same
6,63,6:63,6:63,6:64,6:64,6:64,6:64,6:64,same,same,same,same,same,same,same
6,64,6:64,6:64,6:65,6:65,6:65,6:65,6:65,same,same,same,same,same,same,same
6,65,6:65,6:65,6:66,6:66,6:66,6:66,6:66,same,same,same,same,same,same,same
6,66,6:66,6:66,6:67,6:67,6:67,6:67,6:67,same,same,merged,merged,merged,merged,merged
6,67,6:67,6:67,6:67,6:67,6:67,6:67,6:67,same,same,merged,merged,merged,merged,merged
6,68,6:68,6:68,6:68,6:68,6:68,6:68,6:68,same,same,same,same,same,same,same
6,69,6:69,6:69,6:69,6:69,6:69,6:69,6:69,same,same,same,same,same,same,same
6,70,6:70,6:70,6:70,6:70,6:70,6:70,6:70,same,same,same,same,same,same,same
6,71,6:71,6:71,6:71,6:71,6:71,6:71,6:71,same,same,same,same,same,same,same
6,72,6:72,6:72,6:72,6:72,6:72,6:72,6:72,same,same,same,same,same,same,same
6,73,6:73,6:73,6:73-74,6:73-74,6:73-74,6:73-74,6:73-74,same,same,split,split,split,split,split
6,74,6:74,6:74,6:75,6:75,6:75,6:75,6:75,same,same,same,same,same,same,same
6,75,6:75,6:75,6:76,6:76,6:76,6:76,6:76,same,same,same,same,same,same,same
6,76,6:76,6:76,6:77,6:77,6:77,6:77,6:77,same,same,same,same,same,same,same
6,77,6:77,6:77,6:78,6:78,6:78,6:78,6:78,same,same,same,same,same,same,same
6,78,6:78,6:78,6:79,6:79,6:79,6:79,6:79,same,same,same,same,same,same,same
6,79,6:79,6:79,6:80,6:80,6:80,6:80,6:80,same,same,same,same,same,same,same
6,80,6:80,6:80,6:81,6:81,6:81,6:81,6:81,same,same,same,same,same,same,same
6,81,6:81,6:81,6:82,6:82,6:82,6:82,6:82,same,same,same,same,same,same,same
6,82,6:82,6:82,6:83,6:83,6:83,6:83,6:83,same,same,same,same,same,same,same
6,83,6:83,6:83,6:84,6:84,6:84,6:84,6:84,same,same,same,same,same,same,same
6,84,6:84,6:84,6:85,6:85,6:85,6:85,6:85,same,same,same,same,same,same,same
6,85,6:85,6:85,6:86,6:86,6:86,6:86,6:86,same,same,same,same,same,same,same
6,86,6:86,6:86,6:87,6:87,6:87,6:87,6:87,same,same,same,same,same,same,same
6,87,6:87,6:87,6:88,6:88,6:88,6:88,6:88,same,same,same,same,same,same,same
6,88,6:88,6:88,6:89,6:89,6:89,6:89,6:89,same,same,same,same,same,same,same
6,89,6:89,6:89,6:90,6:90,6:90,6:90,6:90,same,same,same,same,same,same,same
6,90,6:90,6:90,6:91,6:91,6:91,6:91,6:91,same,same,same,same,same,same,same
6,91,6:91,6:91,6:92,6:92,6:92,6:92,6:92,same,same,same,same,same,same,same
6,92,6:92,6:92,6:93,6:93,6:93,6:93,6:93,same,same,same,same,same,same,same
6,93,6:93,6:93,6:94,6:94,6:94,6:94,6:94,same,same,same,same,same,same,same
6,94,6:94,6:94,6:95,6:95,6:95,6:95,6:95,same,same,same,same,same,same,same
6,95,6:95,6:95,6:96,6:96,6:96,6:96,6:96,same,same,same,same,same,same,same
6,96,6:96,6:96,6:97,6:97,6:97,6:97,6:97,same,same,same,same,same,same,same
6,97,6:97,6:97,6:98,6:98,6:98,6:98,6:98,same,same,same,same,same,same,same
6,98,6:98,6:98,6:99,6:99,6:99,6:99,6:99,same,same,same,same,same,same,same
6,99,6:99,6:99,6:100,6:100,6:100,6:100,6:100,same,same,same,same,same,same,same
6,100,6:100,6:100,6:101,6:101,6:101,6:101,6:101,same,same,same,same,same,same,same
6,101,6:101,6:101,6:102,6:102,6:102,6:102,6:102,same,same,same,same,same,same,same
6,102,6:102,6:102,6:103,6:103,6:103,6:103,6:103,same,same,same,same,same,same,same
6,103,6:103,6:103,6:104,6:104,6:104,6:104,6:104,same,same,same,same,same,same,same
6,104,6:104,6:104,6:105,6:105,6:105,6:105,6:105,same,same,same,same,same,same,same
6,105,6:105,6:105,6:106,6:106,6:106,6:106,6:106,same,same,same,same,same,same,same
6,106,6:106,6:106,6:107,6:107,6:107,6:107,6:107,same,same,same,same,same,same,same
6,107,6:107,6:107,6:108,6:108,6:108,6:108,6:108,same,same,same,same,same,same,same
6,108,6:108,6:108,6:109,6:109,6:109,6:109,6:109,same,same,same,same,same,same,same
6,109,6:109,6:109,6:110,6:110,6:110,6:110,6:110,same,same,same,same,same,same,same
6,110,6:110,6:110,6:111,6:111,6:111,6:111,6:111,same,same,same,same,same,same,same
6,111,6:111,6:111,6:112,6:112,6:112,6:112,6:112,same,same,same,same,same,same,same
6,112,6:112,6:112,6:113,6:113,6:113,6:113,6:113,same,same,same,same,same,same,same
6,113,6:113,6:113,6:114,6:114,6:114,6:114,6:114,same,same,same,same,same,same,same
6,114,6:114,6:114,6:115,6:115,6:115,6:115,6:115,same,same,same,same,same,same,same
6,115,6:115,6:115,6:116,6:116,6:116,6:116,6:116,same,same,same,same,same,same,same
6,116,6:116,6:116,6:117,6:117,6:117,6:117,6:117,same,same,same,same,same,same,same
6,117,6:117,6:117,6:118,6:118,6:118,6:118,6:118,same,same,same,same,same,same,same
6,118,6:118,6:118,6:119,6:119,6:119,6:119,6:119,same,same,same,same,same,same,same
6,119,6:119,6:119,6:120,6:120,6:120,6:120,6:120,same,same,same,same,same,same,same
6,120,6:120,6:120,6:121,6:121,6:121,6:121,6:121,same,same,same,same,same,same,same
6,121,6:121,6:121,6:122,6:122,6:122,6:122,6:122,same,same,same,same,same,same,same
6,122,6:122,6:122,6:123,6:123,6:123,6:123,6:123,same,same,same,same,same,same,same
6,123,6:123,6:123,6:124,6:124,6:124,6:124,6:124,same,same,same,same,same,same,same
6,124,6:124,6:124,6:125,6:125,6:125,6:125,6:125,same,same,same,same,same,same,same
6,125,6:125,6:125,6:126,6:126,6:126,6:126,6:126,same,same,same,same,same,same,same
6,126,6:126,6:126,6:127,6:127,6:127,6:127,6:127,same,same,same,same,same,same,same
6,127,6:127,6:127,6:128,6:128,6:128,6:128,6:128,same,same,same,same,same,same,same
6,128,6:128,6:128,6:129,6:129,6:129,6:129,6:129,same,same,same,same,same,same,same
6,129,6:129,6:129,6:130,6:130,6:130,6:130,6:130,same,same,same,same,same,same,same
6,130,6:130,6:130,6:131,6:131,6:131,6:131,6:131,same,same,same,same,same,same,same
6,131,6:131,6:131,6:132,6:132,6:132,6:132,6:132,same,same,same,same,same,same,same
6,132,6:132,6:132,6:133,6:133,6:133,6:133,6:133,same,same,same,same,same,same,same
6,133,6:133,6:133,6:134,6:134,6:134,6:134,6:134,same,same,same,same,same,same,same
6,134,6:134,6:134,6:135,6:135,6:135,6:135,6:135,same,same,same,same,same,same,same
6,135,6:135,6:135,6:136,6:136,6:136,6:136,6:136,same,same,same,same,same,same,same
6,136,6:136,6:136,6:137,6:137,6:137,6:137,6:137,same,same,same,same,same,same,same
6,137,6:137,6:137,6:138,6:138,6:138,6:138,6:138,same,same,same,same,same,same,same
6,138,6:138,6:138,6:139,6:139,6:139,6:139,6:139,same,same,same,same,same,same,same
6,139,6:139,6:139,6:140,6:140,6:140,6:140,6:140,same,same,same,same,same,same,same
6,140,6:140,6:140,6:141,6:141,6:141,6:141,6:141,same,same,same,same,same,same,same
6,141,6:141,6:141,6:142,6:142,6:142,6:142,6:142,same,same,same,same,same,same,same
6,142,6:142,6:142,6:143,6:143,6:143,6:143,6:143,same,same,same,same,same,same,same
6,143,6:143,6:143,6:144,6:144,6:144,6:144,6:144,same,same,same,same,same,same,same
6,144,6:144,6:144,6:145,6:145,6:145,6:145,6:145,same,same,same,same,same,same,same
6,145,6:145,6:145,6:146,6:146,6:146,6:146,6:146,same,same,same,same,same,same,same
6,146,6:146,6:146,6:147,6:147,6:147,6:147,6:147,same,same,same,same,same,same,same
6,147,6:147,6:147,6:148,6:148,6:148,6:148,6:148,same,same,same,same,same,same,same
6,148,6:148,6:148,6:149,6:149,6:149,6:149,6:149,same,same,same,same,same,same,same
6,149,6:149,6:149,6:150,6:150,6:150,6:150,6:150,same,same,same,same,same,same,same
6,150,6:150,6:150,6:151,6:151,6:151,6:151,6:151,same,same,same,same,same,same,same
6,151,6:151,6:151,6:152,6:152,6:152,6:152,6:152,same,same,same,same,same,same,same
6,152,6:152,6:152,6:153,6:153,6:153,6:153,6:153,same,same,same,same,same,same,same
6,153,6:153,6:153,6:154,6:154,6:154,6:154,6:154,same,same,same,same,same,same,same
6,154,6:154,6:154,6:155,6:155,6:155,6:155,6:155,same,same,same,same,same,same,same
6,155,6:155,6:155,6:156,6:156,6:156,6:156,6:156,same,same,same,same,same,same,same
6,156,6:156,6:156,6:157,6:157,6:157,6:157,6:157,same,same,same,same,same,same,same
6,157,6:157,6:157,6:158,6:158,6:158,6:158,6:158,same,same,same,same,same,same,same
6,158,6:158,6:158,6:159,6:159,6:159,6:159,6:159,same,same,same,same,same,same,same
6,159,6:159,6:159,6:160,6:160,6:160,6:160,6:160,same,same,same,same,same,same,same
6,160,6:160,6:160,6:161,6:161,6:161,6:161,6:161,same,same,same,same,same,same,same
6,161,6:161,6:161,6:162-163,6:162-163,6:162-163,6:162-163,6:162-163,same,same,split,split,split,split,split
6,162,6:162,6:162,6:164,6:164,6:164,6:164,6:164,same,same,same,same,same,same,same
6,163,6:163,6:163,6:165,6:165,6:165,6:165,6:165,same,same,same,same,same,same,same
6,164,6:164,6:164,6:166,6:166,6:166,6:166,6:166,same,same,same,same,same,same,same
6,165,6:165,6:165,6:167,6:167,6:167,6:167,6:167,same,same,same,same,same,same,same
7,1,7:1,7:1,7:1,7:1,7:1,7:1,7:1,same,same,merged,merged,merged,merged,merged
7,2,7:2,7:2,7:1,7:1,7:1,7:1,7:1,same,same,merged,merged,merged,merged,merged
7,3,7:3,7:3,7:2,7:2,7:2,7:2,7:2,same,same,same,same,same,same,same
7,4,7:4,7:4,7:3,7:3,7:3,7:3,7:3,same,same,same,same,same,same,same
7,5,7:5,7:5,7:4,7:4,7:4,7:4,7:4,same,same,same,same,same,same,same
7,6,7:6,7:6,7:5,7:5,7:5,7:5,7:5,same,same,same,same,same,same,same
7,7,7:7,7:7,7:6,7:6,7:6,7:6,7:6,same,same,same,same,same,same,same
7,8,7:8,7:8,7:7,7:7,7:7,7:7,7:7,same,same,same,same,same,same,same
7,9,7:9,7:9,7:8,7:8,7:8,7:8,7:8,same,same,same,same,same,same,same
7,10,7:10,7:10,7:9,7:9,7:9,7:9,7:9,same,same,same,same,same,same,same
7,11,7:11,7:11,7:10,7:10,7:10,7:10,7:10,same,same,same,same,same,same,same
7,12,7:12,7:12,7:11,7:11,7:11,7:11,7:11,same,same,same,same,same,same,same
7,13,7:13,7:13,7:12,7:12,7:12,7:12,7:12,same,same,same,same,same,same,same
7,14,7:14,7:14,7:13,7:13,7:13,7:13,7:13,same,same,same,same,same,same,same
7,15,7:15,7:15,7:14,7:14,7:14,7:14,7:14,same,same,same,same,same,same,same
7,16,7:16,7:16,7:15,7:15,7:15,7:15,7:15,same,same,same,same,same,same,same
7,17,7:17,7:17,7:16,7:16,7:16,7:16,7:16,same,same,same,same,same,same,same
7,18,7:18,7:18,7:17,7:17,7:17,7:17,7:17,same,same,same,same,same,same,same
7,19,7:19,7:19,7:18,7:18,7:18,7:18,7:18,same,same,same,same,same,same,same
7,20,7:20,7:20,7:19,7:19,7:19,7:19,7:19,same,same,same,same,same,same,same
7,21,7:21,7:21,7:20,7:20,7:20,7:20,7:20,same,same,same,same,same,same,same
7,22,7:22,7:22,7:21,7:21,7:21,7:21,7:21,same,same,same,same,same,same,same
7,23,7:23,7:23,7:22,7:22,7:22,7:22,7:22,same,same,same,same,same,same,same
7,24,7:24,7:24,7:23,7:23,7:23,7:23,7:23,same,same,same,same,same,same,same
7,25,7:25,7:25,7:24,7:24,7:24,7:24,7:24,same,same,same,same,same,same,same
7,26,7:26,7:26,7:25,7:25,7:25,7:25,7:25,same,same,same,same,same,same,same
7,27,7:27,7:27,7:26,7:26,7:26,7:26,7:26,same,same,same,same,same,same,same
7,28,7:28,7:28,7:27,7:27,7:27,7:27,7:27,same,same,same,same,same,same,same
7,29,7:29,7:29,7:28,7:28,7:28,7:28,7:28,same,same,merged,merged,merged,merged,merged
7,30,7:30,7:30,7:28,7:28,7:28,7:28,7:28,same,same,merged,merged,merged,merged,merged
7,31,7:31,7:31,7:29,7:29,7:29,7:29,7:29,same,same,same,same,same,same,same
7,32,7:32,7:32,7:30,7:30,7:30,7:30,7:30,same,same,same,same,same,same,same
7,33,7:33,7:33,7:31,7:31,7:31,7:31,7:31,same,same,same,same,same,same,same
7,34,7:34,7:34,7:32,7:32,7:32,7:32,7:32,same,same,same,same,same,same,same
7,35,7:35,7:35,7:33,7:33,7:33,7:33,7:33,same,same,same,same,same,same,same
7,36,7:36,7:36,7:34,7:34,7:34,7:34,7:34,same,same,same,same,same,same,same
7,37,7:37,7:37,7:35,7:35,7:35,7:35,7:35,same,same,same,same,same,same,same
7,38,7:38,7:38,7:36-37,7:36-37,7:36-37,7:36-37,7:36-37,same,same,split,split,split,split,split
7,39,7:39,7:39,7:38,7:38,7:38,7:38,7:38,same,same,same,same,same,same,same
7,40,7:40,7:40,7:39,7:39,7:39,7:39,7:39,same,same,same,same,same,same,same
7,41,7:41,7:41,7:40,7:40,7:40,7:40,7:40,same,same,same,same,same,same,same
7,42,7:42,7:42,7:41,7:41,7:41,7:41,7:41,same,same,same,same,same,same,same
7,43,7:43,7:43,7:42,7:42,7:42,7:42,7:42,same,same,same,same,same,same,same
7,44,7:44,7:44,7:43,7:43,7:43,7:43,7:43,same,same,same,same,same,same,same
7,45,7:45,7:45,7:44,7:44,7:44,7:44,7:44,same,same,same,same,same,same,same
7,46,7:46,7:46,7:45,7:45,7:45,7:45,7:45,same,same,same,same,same,same,same
7,47,7:47,7:47,7:46,7:46,7:46,7:46,7:46,same,same,same,same,same,same,same
7,48,7:48,7:48,7:47,7:47,7:47,7:47,7:47,same,same,same,same,same,same,same
7,49,7:49,7:49,7:48,7:48,7:48,7:48,7:48,same,same,same,same,same,same,same
7,50,7:50,7:50,7:49,7:49,7:49,7:49,7:49,same,same,same,same,same,same,same
7,51,7:51,7:51,7:50,7:50,7:50,7:50,7:50,same,same,same,same,same,same,same
7,52,7:52,7:52,7:51,7:51,7:51,7:51,7:51,same,same,same,same,same,same,same
7,53,7:53,7:53,7:52,7:52,7:52,7:52,7:52,same,same,same,same,same,same,same
7,54,7:54,7:54,7:53,7:53,7:53,7:53,7:53,same,same,same,same,same,same,same
7,55,7:55,7:55,7:54,7:54,7:54,7:54,7:54,same,same,same,same,same,same,same
7,56,7:56,7:56,7:55,7:55,7:55,7:55,7:55,same,same,same,same,same,same,same
7,57,7:57,7:57,7:56,7:56,7:56,7:56,7:56,same,same,same,same,same,same,same
7,58,7:58,7:58,7:57,7:57,7:57,7:57,7:57,same,same,same,same,same,same,same
7,59,7:59,7:59,7:58,7:58,7:58,7:58,7:58,same,same,same,same,same,same,same
7,60,7:60,7:60,7:59,7:59,7:59,7:59,7:59,same,same,same,same,same,same,same
7,61,7:61,7:61,7:60,7:60,7:60,7:60,7:60,same,same,same,same,same,same,same
7,62,7:62,7:62,7:61,7:61,7:61,7:61,7:61,same,same,same,same,same,same,same
7,63,7:63,7:63,7:62,7:62,7:62,7:62,7:62,same,same,same,same,same,same,same
7,64,7:64,7:64,7:63,7:63,7:63,7:63,7:63,same,same,same,same,same,same,same
7,65,7:65,7:65,7:64,7:64,7:64,7:64,7:64,same,same,same,same,same,same,same
7,66,7:66,7:66,7:65,7:65,7:65,7:65,7:65,same,same,same,same,same,same,same
7,67,7:67,7:67,7:66,7:66,7:66,7:66,7:66,same,same,same,same,same,same,same
7,68,7:68,7:68,7:67,7:67,7:67,7:67,7:67,same,same,same,same,same,same,same
7,69,7:69,7:69,7:68,7:68,7:68,7:68,7:68,same,same,same,same,same,same,same
7,70,7:70,7:70,7:69,7:69,7:69,7:69,7:69,same,same,same,same,same,same,same
7,71,7:71,7:71,7:70,7:70,7:70,7:70,7:70,same,same,same,same,same,same,same
7,72,7:72,7:72,7:71,7:71,7:71,7:71,7:71,same,same,same,same,same,same,same
7,73,7:73,7:73,7:72,7:72,7:72,7:72,7:72,same,same,same,same,same,same,same
7,74,7:74,7:74,7:73,7:73,7:73,7:73,7:73,same,same,same,same,same,same,same
7,75,7:75,7:75,7:74,7:74,7:74,7:74,7:74,same,same,same,same,same,same,same
7,76,7:76,7:76,7:75,7:75,7:75,7:75,7:75,same,same,same,same,same,same,same
7,77,7:77,7:77,7:76,7:76,7:76,7:76,7:76,same,same,same,same,same,same,same
7,78,7:78,7:78,7:77,7:77,7:77,7:77,7:77,same,same,same,same,same,same,same
7,79,7:79,7:79,7:78,7:78,7:78,7:78,7:78,same,same,same,same,same,same,same
7,80,7:80,7:80,7:79,7:79,7:79,7:79,7:79,same,same,same,same,same,same,same
7,81,7:81,7:81,7:80,7:80,7:80,7:80,7:80,same,same,same,same,same,same,same
7,82,7:82,7:82,7:81,7:81,7:81,7:81,7:81,same,same,same,same,same,same,same
7,83,7:83,7:83,7:82,7:82,7:82,7:82,7:82,same,same,same,same,same,same,same
7,84,7:84,7:84,7:83,7:83,7:83,7:83,7:83,same,same,same,same,same,same,same
7,85,7:85,7:85,7:84,7:84,7:84,7:84,7:84,same,same,same,same,same,same,same
7,86,7:86,7:86,7:85,7:85,7:85,7:85,7:85,same,same,same,same,same,same,same
7,87,7:87,7:87,7:86,7:86,7:86,7:86,7:86,same,same,same,same,same,same,same
7,88,7:88,7:88,7:87,7:87,7:87,7:87,7:87,same,same,same,same,same,same,same
7,89,7:89,7:89,7:88,7:88,7:88,7:88,7:88,same,same,same,same,same,same,same
7,90,7:90,7:90,7:89,7:89,7:89,7:89,7:89,same,same,same,same,same,same,same
7,91,7:91,7:91,7:90,7:90,7:90,7:90,7:90,same,same,same,same,same,same,same
7,92,7:92,7:92,7:91,7:91,7:91,7:91,7:91,same,same,same,same,same,same,same
7,93,7:93,7:93,7:92,7:92,7:92,7:92,7:92,same,same,same,same,same,same,same
7,94,7:94,7:94,7:93,7:93,7:93,7:93,7:93,same,same,same,same,same,same,same
7,95,7:95,7:95,7:94,7:94,7:94,7:94,7:94,same,same,same,same,same,same,same
7,96,7:96,7:96,7:95,7:95,7:95,7:95,7:95,same,same,same,same,same,same,same
7,97,7:97,7:97,7:96,7:96,7:96,7:96,7:96,same,same,same,same,same,same,same
7,98,7:98,7:98,7:97,7:97,7:97,7:97,7:97,same,same,same,same,same,same,same
7,99,7:99,7:99,7:98,7:98,7:98,7:98,7:98,same,same,same,same,same,same,same
7,100,7:100,7:100,7:99,7:99,7:99,7:99,7:99,same,same,same,same,same,same,same
7,101,7:101,7:101,7:100,7:100,7:100,7:100,7:100,same,same,same,same,same,same,same
7,102,7:102,7:102,7:101,7:101,7:101,7:101,7:101,same,same,same,same,same,same,same
7,103,7:103,7:103,7:102,7:102,7:102,7:102,7:102,same,same,same,same,same,same,same
7,104,7:104,7:104,7:103,7:103,7:103,7:103,7:103,same,same,same,same,same,same,same
7,105,7:105,7:105,7:104,7:104,7:104,7:104,7:104,same,same,same,same,same,same,same
7,106,7:106,7:106,7:105,7:105,7:105,7:105,7:105,same,same,same,same,same,same,same
7,107,7:107,7:107,7:106,7:106,7:106,7:106,7:106,same,same,same,same,same,same,same
7,108,7:108,7:108,7:107,7:107,7:107,7:107,7:107,same,same,same,same,same,same,same
7,109,7:109,7:109,7:108,7:108,7:108,7:108,7:108,same,same,same,same,same,same,same
7,110,7:110,7:110,7:109,7:109,7:109,7:109,7:109,same,same,same,same,same,same,same
7,111,7:111,7:111,7:110,7:110,7:110,7:110,7:110,same,same,same,same,same,same,same
7,112,7:112,7:112,7:111,7:111,7:111,7:111,7:111,same,same,same,same,same,same,same
7,113,7:113,7:113,7:112,7:112,7:112,7:112,7:112,same,same,same,same,same,same,same
7,114,7:114,7:114,7:113,7:113,7:113,7:113,7:113,same,same,same,same,same,same,same
7,115,7:115,7:115,7:114,7:114,7:114,7:114,7:114,same,same,same,same,same,same,same
7,116,7:116,7:116,7:115,7:115,7:115,7:115,7:115,same,same,same,same,same,same,same
7,117,7:117,7:117,7:116,7:116,7:116,7:116,7:116,same,same,same,same,same,same,same
7,118,7:118,7:118,7:117,7:117,7:117,7:117,7:117,same,same,same,same,same,same,same
7,119,7:119,7:119,7:118,7:118,7:118,7:118,7:118,same,same,same,same,same,same,same
7,120,7:120,7:120,7:119,7:119,7:119,7:119,7:119,same,same,same,same,same,same,same
7,121,7:121,7:121,7:120,7:120,7:120,7:120,7:120,same,same,same,same,same,same,same
7,122,7:122,7:122,7:121,7:121,7:121,7:121,7:121,same,same,same,same,same,same,same
7,123,7:123,7:123,7:122,7:122,7:122,7:122,7:122,same,same,same,same,same,same,same
7,124,7:124,7:124,7:123,7:123,7:123,7:123,7:123,same,same,same,same,same,same,same
7,125,7:125,7:125,7:124,7:124,7:124,7:124,7:124,same,same,same,same,same,same,same
7,126,7:126,7:126,7:125,7:125,7:125,7:125,7:125,same,same,same,same,same,same,same
7,127,7:127,7:127,7:126,7:126,7:126,7:126,7:126,same,same,same,same,same,same,same
7,128,7:128,7:128,7:127,7:127,7:127,7:127,7:127,same,same,same,same,same,same,same
7,129,7:129,7:129,7:128,7:128,7:128,7:128,7:128,same,same,same,same,same,same,same
7,130,7:130,7:130,7:129,7:129,7:129,7:129,7:129,same,same,same,same,same,same,same
7,131,7:131,7:131,7:130,7:130,7:130,7:130,7:130,same,same,same,same,same,same,same
7,132,7:132,7:132,7:131,7:131,7:131,7:131,7:131,same,same,same,same,same,same,same
7,133,7:133,7:133,7:132,7:132,7:132,7:132,7:132,same,same,same,same,same,same,same
7,134,7:134,7:134,7:133,7:133,7:133,7:133,7:133,same,same,same,same,same,same,same
7,135,7:135,7:135,7:134,7:134,7:134,7:134,7:134,same,same,same,same,same,same,same
7,136,7:136,7:136,7:135,7:135,7:135,7:135,7:135,same,same,same,same,same,same,same
7,137,7:137,7:137,7:136-137,7:136-137,7:136-137,7:136-137,7:136-137,same,same,split,split,split,split,split
7,138,7:138,7:138,7:138,7:138,7:138,7:138,7:138,same,same,same,same,same,same,same
7,139,7:139,7:139,7:139,7:139,7:139,7:139,7:139,same,same,same,same,same,same,same
7,140,7:140,7:140,7:140,7:140,7:140,7:140,7:140,same,same,same,same,same,same,same
7,141,7:141,7:141,7:141,7:141,7:141,7:141,7:141,same,same,same,same,same,same,same
7,142,7:142,7:142,7:142,7:142,7:142,7:142,7:142,same,same,same,same,same,same,same
7,143,7:143,7:143,7:143,7:143,7:143,7:143,7:143,same,same,same,same,same,same,same
7,144,7:144,7:144,7:144,7:144,7:144,7:144,7:144,same,same,same,same,same,same,same
7,145,7:145,7:145,7:145,7:145,7:145,7:145,7:145,same,same,same,same,same,same,same
7,146,7:146,7:146,7:146,7:146,7:146,7:146,7:146,same,same,same,same,same,same,same
7,147,7:147,7:147,7:147,7:147,7:147,7:147,7:147,same,same,same,same,same,same,same
7,148,7:148,7:148,7:148,7:148,7:148,7:148,7:148,same,same,same,same,same,same,same
7,149,7:149,7:149,7:149,7:149,7:149,7:149,7:149,same,same,same,same,same,same,same
7,150,7:150,7:150,7:150,7:150,7:150,7:150,7:150,same,same,same,same,same,same,same
7,151,7:151,7:151,7:151,7:151,7:151,7:151,7:151,same,same,same,same,same,same,same
7,152,7:152,7:152,7:152,7:152,7:152,7:152,7:152,same,same,same,same,same,same,same
7,153,7:153,7:153,7:153,7:153,7:153,7:153,7:153,same,same,same,same,same,same,same
7,154,7:154,7:154,7:154,7:154,7:154,7:154,7:154,same,same,same,same,same,same,same
7,155,7:155,7:155,7:155,7:155,7:155,7:155,7:155,same,same,same,same,same,same,same
7,156,7:156,7:156,7:156,7:156,7:156,7:156,7:156,same,same,same,same,same,same,same
7,157,7:157,7:157,7:157,7:157,7:157,7:157,7:157,same,same,same,same,same,same,same
7,158,7:158,7:158,7:158,7:158,7:158,7:158,7:158,same,same,same,same,same,same,same
7,159,7:159,7:159,7:159,7:159,7:159,7:159,7:159,same,same,same,same,same,same,same
7,160,7:160,7:160,7:160,7:160,7:160,7:160,7:160,same,same,same,same,same,same,same
7,161,7:161,7:161,7:161,7:161,7:161,7:161,7:161,same,same,same,same,same,same,same
7,162,7:162,7:162,7:162,7:162,7:162,7:162,7:162,same,same,same,same,same,same,same
7,163,7:163,7:163,7:163,7:163,7:163,7:163,7:163,same,same,same,same,same,same,same
7,164,7:164,7:164,7:164,7:164,7:164,7:164,7:164,same,same,same,same,same,same,same
7,165,7:165,7:165,7:165,7:165,7:165,7:165,7:165,same,same,same,same,same,same,same
7,166,7:166,7:166,7:166,7:166,7:166,7:166,7:166,same,same,same,same,same,same,same
7,167,7:167,7:167,7:167,7:167,7:167,7:167,7:167,same,same,same,same,same,same,same
7,168,7:168,7:168,7:168,7:168,7:168,7:168,7:168,same,same,same,same,same,same,same
7,169,7:169,7:169,7:169,7:169,7:169,7:169,7:169,same,same,same,same,same,same,same
7,170,7:170,7:170,7:170,7:170,7:170,7:170,7:170,same,same,same,same,same,same,same
7,171,7:171,7:171,7:171,7:171,7:171,7:171,7:171,same,same,same,same,same,same,same
7,172,7:172,7:172,7:172,7:172,7:172,7:172,7:172,same,same,same,same,same,same,same
7,173,7:173,7:173,7:173,7:173,7:173,7:173,7:173,same,same,same,same,same,same,same
7,174,7:174,7:174,7:174,7:174,7:174,7:174,7:174,same,same,same,same,same,same,same
7,175,7:175,7:175,7:175,7:175,7:175,7:175,7:175,same,same,same,same,same,same,same
7,176,7:176,7:176,7:176,7:176,7:176,7:176,7:176,same,same,same,same,same,same,same
7,177,7:177,7:177,7:177,7:177,7:177,7:177,7:177,same,same,same,same,same,same,same
7,178,7:178,7:178,7:178,7:178,7:178,7:178,7:178,same,same,same,same,same,same,same
7,179,7:179,7:179,7:179,7:179,7:179,7:179,7:179,same,same,same,same,same,same,same
7,180,7:180,7:180,7:180,7:180,7:180,7:180,7:180,same,same,same,same,same,same,same
7,181,7:181,7:181,7:181,7:181,7:181,7:181,7:181,same,same,same,same,same,same,same
7,182,7:182,7:182,7:182,7:182,7:182,7:182,7:182,same,same,same,same,same,same,same
7,183,7:183,7:183,7:183,7:183,7:183,7:183,7:183,same,same,same,same,same,same,same
7,184,7:184,7:184,7:184,7:184,7:184,7:184,7:184,same,same,same,same,same,same,same
7,185,7:185,7:185,7:185,7:185,7:185,7:185,7:185,same,same,same,same,same,same,same
7,186,7:186,7:186,7:186,7:186,7:186,7:186,7:186,same,same,same,same,same,same,same
7,187,7:187,7:187,7:187,7:187,7:187,7:187,7:187,same,same,same,same,same,same,same
7,188,7:188,7:188,7:188,7:188,7:188,7:188,7:188,same,same,same,same,same,same,same
7,189,7:189,7:189,7:189,7:189,7:189,7:189,7:189,same,same,same,same,same,same,same
7,190,7:190,7:190,7:190,7:190,7:190,7:190,7:190,same,same,same,same,same,same,same
7,191,7:191,7:191,7:191,7:191,7:191,7:191,7:191,same,same,same,same,same,same,same
7,192,7:192,7:192,7:192,7:192,7:192,7:192,7:192,same,same,same,same,same,same,same
7,193,7:193,7:193,7:193,7:193,7:193,7:193,7:193,same,same,same,same,same,same,same
7,194,7:194,7:194,7:194,7:194,7:194,7:194,7:194,same,same,same,same,same,same,same
7,195,7:195,7:195,7:195,7:195,7:195,7:195,7:195,same,same,same,same,same,same,same
7,196,7:196,7:196,7:196,7:196,7:196,7:196,7:196,same,same,same,same,same,same,same
7,197,7:197,7:197,7:197,7:197,7:197,7:197,7:197,same,same,same,same,same,same,same
7,198,7:198,7:198,7:198,7:198,7:198,7:198,7:198,same,same,same,same,same,same,same
7,199,7:199,7:199,7:199,7:199,7:199,7:199,7:199,same,same,same,same,same,same,same
7,200,7:200,7:200,7:200,7:200,7:200,7:200,7:200,same,same,same,same,same,same,same
7,201,7:201,7:201,7:201,7:201,7:201,7:201,7:201,same,same,same,same,same,same,same
7,202,7:202,7:202,7:202,7:202,7:202,7:202,7:202,same,same,same,same,same,same,same
7,203,7:203,7:203,7:203,7:203,7:203,7:203,7:203,same,same,same,same,same,same,same
7,204,7:204,7:204,7:204,7:204,7:204,7:204,7:204,same,same,same,same,same,same,same
7,205,7:205,7:205,7:205,7:205,7:205,7:205,7:205,same,same,same,same,same,same,same
7,206,7:206,7:206,7:206,7:206,7:206,7:206,7:206,same,same,same,same,same,same,same
8,1,8:1,8:1,8:1,8:1,8:1,8:1,8:1,same,same,same,same,same,same,same
8,2,8:2,8:2,8:2,8:2,8:2,8:2,8:2,same,same,same,same,same,same,same
8,3,8:3,8:3,8:3,8:3,8:3,8:3,8:3,same,same,same,same,same,same,same
8,4,8:4,8:4,8:4,8:4,8:4,8:4,8:4,same,same,same,same,same,same,same
8,5,8:5,8:5,8:5,8:5,8:5,8:5,8:5,same,same,same,same,same,same,same
8,6,8:6,8:6,8:6,8:6,8:6,8:6,8:6,same,same,same,same,same,same,same
8,7,8:7,8:7,8:7,8:7,8:7,8:7,8:7,same,same,same,same,same,same,same
8,8,8:8,8:8,8:8,8:8,8:8,8:8,8:8,same,same,same,same,same,same,same
8,9,8:9,8:9,8:9,8:9,8:9,8:9,8:9,same,same,same,same,same,same,same
8,10,8:10,8:10,8:10,8:10,8:10,8:10,8:10,same,same,same,same,same,same,same
8,11,8:11,8:11,8:11,8:11,8:11,8:11,8:11,same,same,same,same,same,same,same
8,12,8:12,8:12,8:12,8:12,8:12,8:12,8:12,same,same,same,same,same,same,same
8,13,8:13,8:13,8:13,8:13,8:13,8:13,8:13,same,same,same,same,same,same,same
8,14,8:14,8:14,8:14,8:14,8:14,8:14,8:14,same,same,same,same,same,same,same
8,15,8:15,8:15,8:15,8:15,8:15,8:15,8:15,same,same,same,same,same,same,same
8,16,8:16,8:16,8:16,8:16,8:16,8:16,8:16,same,same,same,same,same,same,same
8,17,8:17,8:17,8:17,8:17,8:17,8:17,8:17,same,same,same,same,same,same,same
8,18,8:18,8:18,8:18,8:18,8:18,8:18,8:18,same,same,same,same,same,same,same
8,19,8:19,8:19,8:19,8:19,8:19,8:19,8:19,same,same,same,same,same,same,same
8,20,8:20,8:20,8:20,8:20,8:20,8:20,8:20,same,same,same,same,same,same,same
8,21,8:21,8:21,8:21,8:21,8:21,8:21,8:21,same,same,same,same,same,same,same
8,22,8:22,8:22,8:22,8:22,8:22,8:22,8:22,same,same,same,same,same,same,same
8,23,8:23,8:23,8:23,8:23,8:23,8:23,8:23,same,same,same,same,same,same,same
8,24,8:24,8:24,8:24,8:24,8:24,8:24,8:24,same,same,same,same,same,same,same
8,25,8:25,8:25,8:25,8:25,8:25,8:25,8:25,same,same,same,same,same,same,same
8,26,8:26,8:26,8:26,8:26,8:26,8:26,8:26,same,same,same,same,same,same,same
8,27,8:27,8:27,8:27,8:27,8:27,8:27,8:27,same,same,same,same,same,same,same
8,28,8:28,8:28,8:28,8:28,8:28,8:28,8:28,same,same,same,same,same,same,same
8,29,8:29,8:29,8:29,8:29,8:29,8:29,8:29,same,same,same,same,same,same,same
8,30,8:30,8:30,8:30,8:30,8:30,8:30,8:30,same,same,same,same,same,same,same
8,31,8:31,8:31,8:31,8:31,8:31,8:31,8:31,same,same,same,same,same,same,same
8,32,8:32,8:32,8:32,8:32,8:32,8:32,8:32,same,same,same,same,same,same,same
8,33,8:33,8:33,8:33,8:33,8:33,8:33,8:33,same,same,same,same,same,same,same
8,34,8:34,8:34,8:34,8:34,8:34,8:34,8:34,same,same,same,same,same,same,same
8,35,8:35,8:35,8:35,8:35,8:35,8:35,8:35,same,same,same,same,same,same,same
8,36,8:36,8:36,8:36,8:36,8:36,8:36,8:36,same,same,same,same,same,same,same
8,37,8:37,8:37,8:37,8:37,8:37,8:37,8:37,same,same,same,same,same,same,same
8,38,8:38,8:38,8:38,8:38,8:38,8:38,8:38,same,same,same,same,same,same,same
8,39,8:39,8:39,8:39,8:39,8:39,8:39,8:39,same,same,same,same,same,same,same
8,40,8:40,8:40,8:40,8:40,8:40,8:40,8:40,same,same,same,same,same,same,same
8,41,8:41,8:41,8:41,8:41,8:41,8:41,8:41,same,same,same,same,same,same,same
8,42,8:42,8:42,8:42-43,8:42-43,8:42-43,8:42-43,8:42-43,same,same,split,split,split,split,split
8,43,8:43,8:43,8:44,8:44,8:44,8:44,8:44,same,same,same,same,same,same,same
8,44,8:44,8:44,8:45,8:45,8:45,8:45,8:45,same,same,same,same,same,same,same
8,45,8:45,8:45,8:46,8:46,8:46,8:46,8:46,same,same,same,same,same,same,same
8,46,8:46,8:46,8:47,8:47,8:47,8:47,8:47,same,same,same,same,same,same,same
8,47,8:47,8:47,8:48,8:48,8:48,8:48,8:48,same,same,same,same,same,same,same
8,48,8:48,8:48,8:49,8:49,8:49,8:49,8:49,same,same,same,same,same,same,same
8,49,8:49,8:49,8:50,8:50,8:50,8:50,8:50,same,same,same,same,same,same,same
8,50,8:50,8:50,8:51,8:51,8:51,8:51,8:51,same,same,same,same,same,same,same
8,51,8:51,8:51,8:52,8:52,8:52,8:52,8:52,same,same,same,same,same,same,same
8,52,8:52,8:52,8:53,8:53,8:53,8:53,8:53,same,same,same,same,same,same,same
8,53,8:53,8:53,8:54,8:54,8:54,8:54,8:54,same,same,same,same,same,same,same
8,54,8:54,8:54,8:55,8:55,8:55,8:55,8:55,same,same,same,same,same,same,same
8,55,8:55,8:55,8:56,8:56,8:56,8:56,8:56,same,same,same,same,same,same,same
8,56,8:56,8:56,8:57,8:57,8:57,8:57,8:57,same,same,same,same,same,same,same
8,57,8:57,8:57,8:58,8:58,8:58,8:58,8:58,same,same,same,same,same,same,same
8,58,8:58,8:58,8:59,8:59,8:59,8:59,8:59,same,same,same,same,same,same,same
8,59,8:59,8:59,8:60,8:60,8:60,8:60,8:60,same,same,same,same,same,same,same
8,60,8:60,8:60,8:61,8:61,8:61,8:61,8:61,same,same,same,same,same,same,same
8,61,8:61,8:61,8:62,8:62,8:62,8:62,8:62,same,same,same,same,same,same,same
8,62,8:62,8:62,8:63,8:63,8:63,8:63,8:63,same,same,same,same,same,same,same
8,63,8:63,8:63,8:64,8:64,8:64,8:64,8:64,same,same,same,same,same,same,same
8,64,8:64,8:64,8:65,8:65,8:65,8:65,8:65,same,same,same,same,same,same,same
8,65,8:65,8:65,8:66,8:66,8:66,8:66,8:66,same,same,same,same,same,same,same
8,66,8:66,8:66,8:67,8:67,8:67,8:67,8:67,same,same,same,same,same,same,same
8,67,8:67,8:67,8:68,8:68,8:68,8:68,8:68,same,same,same,same,same,same,same
8,68,8:68,8:68,8:69,8:69,8:69,8:69,8:69,same,same,same,same,same,same,same
8,69,8:69,8:69,8:70,8:70,8:70,8:70,8:70,same,same,same,same,same,same,same
8,70,8:70,8:70,8:71,8:71,8:71,8:71,8:71,same,same,same,same,same,same,same
8,71,8:71,8:71,8:72,8:72,8:72,8:72,8:72,same,same,same,same,same,same,same
8,72,8:72,8:72,8:73,8:73,8:73,8:73,8:73,same,same,same,same,same,same,same
8,73,8:73,8:73,8:74,8:74,8:74,8:74,8:74,same,same,same,same,same,same,same
8,74,8:74,8:74,8:75,8:75,8:75,8:75,8:75,same,same,same,same,same,same,same
8,75,8:75,8:75,8:76,8:76,8:76,8:76,8:76,same,same,same,same,same,same,same
9,1,9:1,9:1,9:1,9:1,9:1,9:1,9:1,same,same,same,same,same,same,same
9,2,9:2,9:2,9:2,9:2,9:2,9:2,9:2,same,same,same,same,same,same,same
9,3,9:3,9:3,9:3,9:3,9:3,9:3,9:3,same,same,same,same,same,same,same
9,4,9:4,9:4,9:4,9:4,9:4,9:4,9:4,same,same,same,same,same,same,same
9,5,9:5,9:5,9:5,9:5,9:5,9:5,9:5,same,same,same,same,same,same,same
9,6,9:6,9:6,9:6,9:6,9:6,9:6,9:6,same,same,same,same,same,same,same
9,7,9:7,9:7,9:7,9:7,9:7,9:7,9:7,same,same,same,same,same,same,same
9,8,9:8,9:8,9:8,9:8,9:8,9:8,9:8,same,same,same,same,same,same,same
9,9,9:9,9:9,9:9,9:9,9:9,9:9,9:9,same,same,same,same,same,same,same
9,10,9:10,9:10,9:10,9:10,9:10,9:10,9:10,same,same,same,same,same,same,same
9,11,9:11,9:11,9:11,9:11,9:11,9:11,9:11,same,same,same,same,same,same,same
9,12,9:12,9:12,9:12,9:12,9:12,9:12,9:12,same,same,same,same,same,same,same
9,13,9:13,9:13,9:13,9:13,9:13,9:13,9:13,same,same,same,same,same,same,same
9,14,9:14,9:14,9:14,9:14,9:14,9:14,9:14,same,same,same,same,same,same,same
9,15,9:15,9:15,9:15,9:15,9:15,9:15,9:15,same,same,same,same,same,same,same
9,16,9:16,9:16,9:16,9:16,9:16,9:16,9:16,same,same,same,same,same,same,same
9,17,9:17,9:17,9:17,9:17,9:17,9:17,9:17,same,same,same,same,same,same,same
9,18,9:18,9:18,9:18,9:18,9:18,9:18,9:18,same,same,same,same,same,same,same
9,19,9:19,9:19,9:19,9:19,9:19,9:19,9:19,same,same,same,same,same,same,same
9,20,9:20,9:20,9:20,9:20,9:20,9:20,9:20,same,same,same,same,same,same,same
9,21,9:21,9:21,9:21,9:21,9:21,9:21,9:21,same,same,same,same,same,same,same
9,22,9:22,9:22,9:22,9:22,9:22,9:22,9:22,same,same,same,same,same,same,same
9,23,9:23,9:23,9:23,9:23,9:23,9:23,9:23,same,same,same,same,same,same,same
9,24,9:24,9:24,9:24,9:24,9:24,9:24,9:24,same,same,same,same,same,same,same
9,25,9:25,9:25,9:25,9:25,9:25,9:25,9:25,same,same,same,same,same,same,same
9,26,9:26,9:26,9:26,9:26,9:26,9:26,9:26,same,same,same,same,same,same,same
9,27,9:27,9:27,9:27,9:27,9:27,9:27,9:27,same,same,same,same,same,same,same
9,28,9:28,9:28,9:28,9:28,9:28,9:28,9:28,same,same,same,same,same,same,same
9,29,9:29,9:29,9:29,9:29,9:29,9:29,9:29,same,same,same,same,same,same,same
9,30,9:30,9:30,9:30,9:30,9:30,9:30,9:30,same,same,same,same,same,same,same
9,31,9:31,9:31,9:31,9:31,9:31,9:31,9:31,same,same,same,same,same,same,same
9,32,9:32,9:32,9:32,9:32,9:32,9:32,9:32,same,same,same,same,same,same,same
9,33,9:33,9:33,9:33,9:33,9:33,9:33,9:33,same,same,same,same,same,same,same
9,34,9:34,9:34,9:34,9:34,9:34,9:34,9:34,same,same,same,same,same,same,same
9,35,9:35,9:35,9:35,9:35,9:35,9:35,9:35,same,same,same,same,same,same,same
9,36,9:36,9:36,9:36,9:36,9:36,9:36,9:36,same,same,same,same,same,same,same
9,37,9:37,9:37,9:37,9:37,9:37,9:37,9:37,same,same,same,same,same,same,same
9,38,9:38,9:38,9:38,9:38,9:38,9:38,9:38,same,same,same,same,same,same,same
9,39,9:39,9:39,9:39,9:39,9:39,9:39,9:39,same,same,same,same,same,same,same
9,40,9:40,9:40,9:40,9:40,9:40,9:40,9:40,same,same,same,same,same,same,same
9,41,9:41,9:41,9:41,9:41,9:41,9:41,9:41,same,same,same,same,same,same,same
9,42,9:42,9:42,9:42,9:42,9:42,9:42,9:42,same,same,same,same,same,same,same
9,43,9:43,9:43,9:43,9:43,9:43,9:43,9:43,same,same,same,same,same,same,same
9,44,9:44,9:44,9:44,9:44,9:44,9:44,9:44,same,same,same,same,same,same,same
9,45,9:45,9:45,9:45,9:45,9:45,9:45,9:45,same,same,same,same,same,same,same
9,46,9:46,9:46,9:46,9:46,9:46,9:46,9:46,same,same,same,same,same,same,same
9,47,9:47,9:47,9:47,9:47,9:47,9:47,9:47,same,same,same,same,same,same,same
9,48,9:48,9:48,9:48,9:48,9:48,9:48,9:48,same,same,same,same,same,same,same
9,49,9:49,9:49,9:49,9:49,9:49,9:49,9:49,same,same,same,same,same,same,same
9,50,9:50,9:50,9:50,9:50,9:50,9:50,9:50,same,same,same,same,same,same,same
9,51,9:51,9:51,9:51,9:51,9:51,9:51,9:51,same,same,same,same,same,same,same
9,52,9:52,9:52,9:52,9:52,9:52,9:52,9:52,same,same,same,same,same,same,same
9,53,9:53,9:53,9:53,9:53,9:53,9:53,9:53,same,same,same,same,same,same,same
9,54,9:54,9:54,9:54,9:54,9:54,9:54,9:54,same,same,same,same,same,same,same
9,55,9:55,9:55,9:55,9:55,9:55,9:55,9:55,same,same,same,same,same,same,same
9,56,9:56,9:56,9:56,9:56,9:56,9:56,9:56,same,same,same,same,same,same,same
9,57,9:57,9:57,9:57,9:57,9:57,9:57,9:57,same,same,same,same,same,same,same
9,58,9:58,9:58,9:58,9:58,9:58,9:58,9:58,same,same,same,same,same,same,same
9,59,9:59,9:59,9:59,9:59,9:59,9:59,9:59,same,same,same,same,same,same,same
9,60,9:60,9:60,9:60,9:60,9:60,9:60,9:60,same,same,same,same,same,same,same
9,61,9:61,9:61,9:61,9:61,9:61,9:61,9:61,same,same,same,same,same,same,same
9,62,9:62,9:62,9:62,9:62,9:62,9:62,9:62,same,same,same,same,same,same,same
9,63,9:63,9:63,9:63,9:63,9:63,9:63,9:63,same,same,same,same,same,same,same
9,64,9:64,9:64,9:64,9:64,9:64,9:64,9:64,same,same,same,same,same,same,same
9,65,9:65,9:65,9:65,9:65,9:65,9:65,9:65,same,same,same,same,same,same,same
9,66,9:66,9:66,9:66,9:66,9:66,9:66,9:66,same,same,same,same,same,same,same
9,67,9:67,9:67,9:67,9:67,9:67,9:67,9:67,same,same,same,same,same,same,same
9,68,9:68,9:68,9:68,9:68,9:68,9:68,9:68,same,same,same,same,same,same,same
9,69,9:69,9:69,9:69,9:69,9:69,9:69,9:69,same,same,same,same,same,same,same
9,70,9:70,9:70,9:70-71,9:70-71,9:70-71,9:70-71,9:70-71,same,same,split,split,split,split,split
9,71,9:71,9:71,9:72,9:72,9:72,9:72,9:72,same,same,same,same,same,same,same
9,72,9:72,9:72,9:73,9:73,9:73,9:73,9:73,same,same,same,same,same,same,same
9,73,9:73,9:73,9:74,9:74,9:74,9:74,9:74,same,same,same,same,same,same,same
9,74,9:74,9:74,9:75,9:75,9:75,9:75,9:75,same,same,same,same,same,same,same
9,75,9:75,9:75,9:76,9:76,9:76,9:76,9:76,same,same,same,same,same,same,same
9,76,9:76,9:76,9:77,9:77,9:77,9:77,9:77,same,same,same,same,same,same,same
9,77,9:77,9:77,9:78,9:78,9:78,9:78,9:78,same,same,same,same,same,same,same
9,78,9:78,9:78,9:79,9:79,9:79,9:79,9:79,same,same,same,same,same,same,same
9,79,9:79,9:79,9:80,9:80,9:80,9:80,9:80,same,same,same,same,same,same,same
9,80,9:80,9:80,9:81,9:81,9:81,9:81,9:81,same,same,same,same,same,same,same
9,81,9:81,9:81,9:82,9:82,9:82,9:82,9:82,same,same,same,same,same,same,same
9,82,9:82,9:82,9:83,9:83,9:83,9:83,9:83,same,same,same,same,same,same,same
9,83,9:83,9:83,9:84,9:84,9:84,9:84,9:84,same,same,same,same,same,same,same
9,84,9:84,9:84,9:85,9:85,9:85,9:85,9:85,same,same,same,same,same,same,same
9,85,9:85,9:85,9:86,9:86,9:86,9:86,9:86,same,same,same,same,same,same,same
9,86,9:86,9:86,9:87,9:87,9:87,9:87,9:87,same,same,same,same,same,same,same
9,87,9:87,9:87,9:88,9:88,9:88,9:88,9:88,same,same,same,same,same,same,same
9,88,9:88,9:88,9:89,9:89,9:89,9:89,9:89,same,same,same,same,same,same,same
9,89,9:89,9:89,9:90,9:90,9:90,9:90,9:90,same,same,same,same,same,same,same
9,90,9:90,9:90,9:91,9:91,9:91,9:91,9:91,same,same,same,same,same,same,same
9,91,9:91,9:91,9:92,9:92,9:92,9:92,9:92,same,same,same,same,same,same,same
9,92,9:92,9:92,9:93,9:93,9:93,9:93,9:93,same,same,same,same,same,same,same
9,93,9:93,9:93,9:94,9:94,9:94,9:94,9:94,same,same,same,same,same,same,same
9,94,9:94,9:94,9:95,9:95,9:95,9:95,9:95,same,same,same,same,same,same,same
9,95,9:95,9:95,9:96,9:96,9:96,9:96,9:96,same,same,same,same,same,same,same
9,96,9:96,9:96,9:97,9:97,9:97,9:97,9:97,same,same,same,same,same,same,same
9,97,9:97,9:97,9:98,9:98,9:98,9:98,9:98,same,same,same,same,same,same,same
9,98,9:98,9:98,9:99,9:99,9:99,9:99,9:99,same,same,same,same,same,same,same
9,99,9:99,9:99,9:100,9:100,9:100,9:100,9:100,same,same,same,same,same,same,same
9,100,9:100,9:100,9:101,9:101,9:101,9:101,9:101,same,same,merged,same,same,same,same
9,101,9:101,9:101,9:102,9:102,9:102,9:102,9:102,same,same,same,same,same,same,same
9,102,9:102,9:102,9:103,9:103,9:103,9:103,9:103,same,same,same,same,same,same,same
9,103,9:103,9:103,9:104,9:104,9:104,9:104,9:104,same,same,same,same,same,same,same
9,104,9:104,9:104,9:105,9:105,9:105,9:105,9:105,same,same,same,same,same,same,same
9,105,9:105,9:105,9:106,9:106,9:106,9:106,9:106,same,same,same,same,same,same,same
9,106,9:106,9:106,9:107,9:107,9:107,9:107,9:107,same,same,same,same,same,same,same
9,107,9:107,9:107,9:108,9:108,9:108,9:108,9:108,same,same,same,same,same,same,same
9,108,9:108,9:108,9:109,9:109,9:109,9:109,9:109,same,same,same,same,same,same,same
9,109,9:109,9:109,9:110,9:110,9:110,9:110,9:110,same,same,same,same,same,same,same
9,110,9:110,9:110,9:111,9:111,9:111,9:111,9:111,same,same,same,same,same,same,same
9,111,9:111,9:111,9:112,9:112,9:112,9:112,9:112,same,same,same,same,same,same,same
9,112,9:112,9:112,9:113,9:113,9:113,9:113,9:113,same,same,same,same,same,same,same
9,113,9:113,9:113,9:114,9:114,9:114,9:114,9:114,same,same,same,same,same,same,same
9,114,9:114,9:114,9:115,9:115,9:115,9:115,9:115,same,same,same,same,same,same,same
9,115,9:115,9:115,9:116,9:116,9:116,9:116,9:116,same,same,same,same,same,same,same
9,116,9:116,9:116,9:117,9:117,9:117,9:117,9:117,same,same,same,same,same,same,same
9,117,9:117,9:117,9:118,9:118,9:118,9:118,9:118,same,same,same,same,same,same,same
9,118,9:118,9:118,9:119,9:119,9:119,9:119,9:119,same,same,same,same,same,same,same
9,119,9:119,9:119,9:120,9:120,9:120,9:120,9:120,same,same,same,same,same,same,same
9,120,9:120,9:120,9:121,9:121,9:121,9:121,9:121,same,same,same,same,same,same,same
9,121,9:121,9:121,9:122,9:122,9:122,9:122,9:122,same,same,same,same,same,same,same
9,122,9:122,9:122,9:123,9:123,9:123,9:123,9:123,same,same,same,same,same,same,same
9,123,9:123,9:123,9:124,9:124,9:124,9:124,9:124,same,same,same,same,same,same,same
9,124,9:124,9:124,9:125,9:125,9:125,9:125,9:125,same,same,same,same,same,same,same
9,125,9:125,9:125,9:126,9:126,9:126,9:126,9:126,same,same,same,same,same,same,same
9,126,9:126,9:126,9:127,9:127,9:127,9:127,9:127,same,same,same,same,same,same,same
9,127,9:127,9:127,9:128,9:128,9:128,9:128,9:128,same,same,same,same,same,same,same
9,128,9:128,9:128,9:129,9:129,9:129,9:129,9:129,same,same,same,same,same,same,same
9,129,9:129,9:129,9:130,9:130,9:130,9:130,9:130,same,same,same,same,same,same,same
10,1,10:1,10:1,10:1,10:1,10:1,10:1,10:1,same,same,same,same,same,same,same
10,2,10:2,10:2,10:2,10:2,10:2,10:2,10:2,same,same,same,same,same,same,same
10,3,10:3,10:3,10:3,10:3,10:3,10:3,10:3,same,same,same,same,same,same,same
10,4,10:4,10:4,10:4,10:4,10:4,10:4,10:4,same,same,same,same,same,same,same
10,5,10:5,10:5,10:5,10:5,10:5,10:5,10:5,same,same,same,same,same,same,same
10,6,10:6,10:6,10:6,10:6,10:6,10:6,10:6,same,same,same,same,same,same,same
10,7,10:7,10:7,10:7,10:7,10:7,10:7,10:7,same,same,same,same,same,same,same
10,8,10:8,10:8,10:8,10:8,10:8,10:8,10:8,same,same,same,same,same,same,same
10,9,10:9,10:9,10:9,10:9,10:9,10:9,10:9,same,same,same,same,same,same,same
10,10,10:10,10:10,10:10,10:10,10:10,10:10,10:10,same,same,same,same,same,same,same
10,11,10:11,10:11,10:11,10:11,10:11,10:11,10:11,same,same,same,same,same,same,same
10,12,10:12,10:12,10:12,10:12,10:12,10:12,10:12,same,same,same,same,same,same,same
10,13,10:13,10:13,10:13,10:13,10:13,10:13,10:13,same,same,same,same,same,same,same
10,14,10:14,10:14,10:14,10:14,10:14,10:14,10:14,same,same,same,same,same,same,same
10,15,10:15,10:15,10:15,10:15,10:15,10:15,10:15,same,same,same,same,same,same,same
10,16,10:16,10:16,10:16,10:16,10:16,10:16,10:16,same,same,same,same,same,same,same
10,17,10:17,10:17,10:17,10:17,10:17,10:17,10:17,same,same,same,same,same,same,same
10,18,10:18,10:18,10:18,10:18,10:18,10:18,10:18,same,same,same,same,same,same,same
10,19,10:19,10:19,10:19,10:19,10:19,10:19,10:19,same,same,same,same,same,same,same
10,20,10:20,10:20,10:20,10:20,10:20,10:20,10:20,same,same,same,same,same,same,same
10,21,10:21,10:21,10:21,10:21,10:21,10:21,10:21,same,same,same,same,same,same,same
10,22,10:22,10:22,10:22,10:22,10:22,10:22,10:22,same,same,same,same,same,same,same
10,23,10:23,10:23,10:23,10:23,10:23,10:23,10:23,same,same,same,same,same,same,same
10,24,10:24,10:24,10:24,10:24,10:24,10:24,10:24,same,same,same,same,same,same,same
10,25,10:25,10:25,10:25,10:25,10:25,10:25,10:25,same,same,same,same,same,same,same
10,26,10:26,10:26,10:26,10:26,10:26,10:26,10:26,same,same,same,same,same,same,same
10,27,10:27,10:27,10:27,10:27,10:27,10:27,10:27,same,same,same,same,same,same,same
10,28,10:28,10:28,10:28,10:28,10:28,10:28,10:28,same,same,same,same,same,same,same
10,29,10:29,10:29,10:29,10:29,10:29,10:29,10:29,same,same,same,same,same,same,same
10,30,10:30,10:30,10:30,10:30,10:30,10:30,10:30,same,same,same,same,same,same,same
10,31,10:31,10:31,10:31,10:31,10:31,10:31,10:31,same,same,same,same,same,same,same
10,32,10:32,10:32,10:32,10:32,10:32,10:32,10:32,same,same,same,same,same,same,same
10,33,10:33,10:33,10:33,10:33,10:33,10:33,10:33,same,same,same,same,same,same,same
10,34,10:34,10:34,10:34,10:34,10:34,10:34,10:34,same,same,same,same,same,same,same
10,35,10:35,10:35,10:35,10:35,10:35,10:35,10:35,same,same,same,same,same,same,same
10,36,10:36,10:36,10:36,10:36,10:36,10:36,10:36,same,same,same,same,same,same,same
10,37,10:37,10:37,10:37,10:37,10:37,10:37,10:37,same,same,same,same,same,same,same
10,38,10:38,10:38,10:38,10:38,10:38,10:38,10:38,same,same,same,same,same,same,same
10,39,10:39,10:39,10:39,10:39,10:39,10:39,10:39,same,same,same,same,same,same,same
10,40,10:40,10:40,10:40,10:40,10:40,10:40,10:40,same,same,same,same,same,same,same
10,41,10:41,10:41,10:41,10:41,10:41,10:41,10:41,same,same,same,same,same,same,same
10,42,10:42,10:42,10:42,10:42,10:42,10:42,10:42,same,same,same,same,same,same,same
10,43,10:43,10:43,10:43,10:43,10:43,10:43,10:43,same,same,same,same,same,same,same
10,44,10:44,10:44,10:44,10:44,10:44,10:44,10:44,same,same,same,same,same,same,same
10,45,10:45,10:45,10:45,10:45,10:45,10:45,10:45,same,same,same,same,same,same,same
10,46,10:46,10:46,10:46,10:46,10:46,10:46,10:46,same,same,same,same,same,same,same
10,47,10:47,10:47,10:47,10:47,10:47,10:47,10:47,same,same,same,same,same,same,same
10,48,10:48,10:48,10:48,10:48,10:48,10:48,10:48,same,same,same,same,same,same,same
10,49,10:49,10:49,10:49,10:49,10:49,10:49,10:49,same,same,same,same,same,same,same
10,50,10:50,10:50,10:50,10:50,10:50,10:50,10:50,same,same,same,same,same,same,same
10,51,10:51,10:51,10:51,10:51,10:51,10:51,10:51,same,same,same,same,same,same,same
10,52,10:52,10:52,10:52,10:52,10:52,10:52,10:52,same,same,same,same,same,same,same
10,53,10:53,10:53,10:53,10:53,10:53,10:53,10:53,same,same,same,same,same,same,same
10,54,10:54,10:54,10:54,10:54,10:54,10:54,10:54,same,same,same,same,same,same,same
10,55,10:55,10:55,10:55,10:55,10:55,10:55,10:55,same,same,same,same,same,same,same
10,56,10:56,10:56,10:56,10:56,10:56,10:56,10:56,same,same,same,same,same,same,same
10,57,10:57,10:57,10:57,10:57,10:57,10:57,10:57,same,same,same,same,same,same,same
10,58,10:58,10:58,10:58,10:58,10:58,10:58,10:58,same,same,same,same,same,same,same
10,59,10:59,10:59,10:59,10:59,10:59,10:59,10:59,same,same,same,same,same,same,same
10,60,10:60,10:60,10:60,10:60,10:60,10:60,10:60,same,same,same,same,same,same,same
10,61,10:61,10:61,10:61,10:61,10:61,10:61,10:61,same,same,same,same,same,same,same
10,62,10:62,10:62,10:62,10:62,10:62,10:62,10:62,same,same,same,same,same,same,same
10,63,10:63,10:63,10:63,10:63,10:63,10:63,10:63,same,same,same,same,same,same,same
10,64,10:64,10:64,10:64,10:64,10:64,10:64,10:64,same,same,same,same,same,same,same
10,65,10:65,10:65,10:65,10:65,10:65,10:65,10:65,same,same,same,same,same,same,same
10,66,10:66,10:66,10:66,10:66,10:66,10:66,10:66,same,same,same,same,same,same,same
10,67,10:67,10:67,10:67,10:67,10:67,10:67,10:67,same,same,same,same,same,same,same
10,68,10:68,10:68,10:68,10:68,10:68,10:68,10:68,same,same,same,same,same,same,same
10,69,10:69,10:69,10:69,10:69,10:69,10:69,10:69,same,same,same,same,same,same,same
10,70,10:70,10:70,10:70,10:70,10:70,10:70,10:70,same,same,same,same,same,same,same
10,71,10:71,10:71,10:71,10:71,10:71,10:71,10:71,same,same,same,same,same,same,same
10,72,10:72,10:72,10:72,10:72,10:72,10:72,10:72,same,same,same,same,same,same,same
10,73,10:73,10:73,10:73,10:73,10:73,10:73,10:73,same,same,same,same,same,same,same
10,74,10:74,10:74,10:74,10:74,10:74,10:74,10:74,same,same,same,same,same,same,same
10,75,10:75,10:75,10:75,10:75,10:75,10:75,10:75,same,same,same,same,same,same,same
10,76,10:76,10:76,10:76,10:76,10:76,10:76,10:76,same,same,same,same,same,same,same
10,77,10:77,10:77,10:77,10:77,10:77,10:77,10:77,same,same,same,same,same,same,same
10,78,10:78,10:78,10:78,10:78,10:78,10:78,10:78,same,same,same,same,same,same,same
10,79,10:79,10:79,10:79,10:79,10:79,10:79,10:79,same,same,same,same,same,same,same
10,80,10:80,10:80,10:80,10:80,10:80,10:80,10:80,same,same,same,same,same,same,same
10,81,10:81,10:81,10:81,10:81,10:81,10:81,10:81,same,same,same,same,same,same,same
10,82,10:82,10:82,10:82,10:82,10:82,10:82,10:82,same,same,same,same,same,same,same
10,83,10:83,10:83,10:83,10:83,10:83,10:83,10:83,same,same,same,same,same,same,same
10,84,10:84,10:84,10:84,10:84,10:84,10:84,10:84,same,same,same,same,same,same,same
10,85,10:85,10:85,10:85,10:85,10:85,10:85,10:85,same,same,same,same,same,same,same
10,86,10:86,10:86,10:86,10:86,10:86,10:86,10:86,same,same,same,same,same,same,same
10,87,10:87,10:87,10:87,10:87,10:87,10:87,10:87,same,same,same,same,same,same,same
10,88,10:88,10:88,10:88,10:88,10:88,10:88,10:88,same,same,same,same,same,same,same
10,89,10:89,10:89,10:89,10:89,10:89,10:89,10:89,same,same,same,same,same,same,same
10,90,10:90,10:90,10:90,10:90,10:90,10:90,10:90,same,same,same,same,same,same,same
10,91,10:91,10:91,10:91,10:91,10:91,10:91,10:91,same,same,same,same,same,same,same
10,92,10:92,10:92,10:92,10:92,10:92,10:92,10:92,same,same,same,same,same,same,same
10,93,10:93,10:93,10:93,10:93,10:93,10:93,10:93,same,same,same,same,same,same,same
10,94,10:94,10:94,10:94,10:94,10:94,10:94,10:94,same,same,same,same,same,same,same
10,95,10:95,10:95,10:95,10:95,10:95,10:95,10:95,same,same,same,same,same,same,same
10,96,10:96,10:96,10:96,10:96,10:96,10:96,10:96,same,same,same,same,same,same,same
10,97,10:97,10:97,10:97,10:97,10:97,10:97,10:97,same,same,same,same,same,same,same
10,98,10:98,10:98,10:98,10:98,10:98,10:98,10:98,same,same,same,same,same,same,same
10,99,10:99,10:99,10:99,10:99,10:99,10:99,10:99,same,same,same,same,same,same,same
10,100,10:100,10:100,10:100,10:100,10:100,10:100,10:100,same,same,same,same,same,same,same
10,101,10:101,10:101,10:101,10:101,10:101,10:101,10:101,same,same,same,same,same,same,same
10,102,10:102,10:102,10:102,10:102,10:102,10:102,10:102,same,same,same,same,same,same,same
10,103,10:103,10:103,10:103,10:103,10:103,10:103,10:103,same,same,same,same,same,same,same
10,104,10:104,10:104,10:104,10:104,10:104,10:104,10:104,same,same,same,same,same,same,same
10,105,10:105,10:105,10:105,10:105,10:105,10:105,10:105,same,same,same,same,same,same,same
10,106,10:106,10:106,10:106,10:106,10:106,10:106,10:106,same,same,same,same,same,same,same
10,107,10:107,10:107,10:107,10:107,10:107,10:107,10:107,same,same,same,same,same,same,same
10,108,10:108,10:108,10:108,10:108,10:108,10:108,10:108,same,same,same,same,same,same,same
10,109,10:109,10:109,10:109,10:109,10:109,10:109,10:109,same,same,same,same,same,same,same
11,1,11:1,11:1,11:1,11:1,11:1,11:1,11:1,same,same,same,same,same,same,same
11,2,11:2,11:2,11:2,11:2,11:2,11:2,11:2,same,same,same,same,same,same,same
11,3,11:3,11:3,11:3,11:3,11:3,11:3,11:3,same,same,same,same,same,same,same
11,4,11:4,11:4,11:4,11:4,11:4,11:4,11:4,same,same,same,same,same,same,same
11,5,11:5,11:5,11:5,11:5,11:5,11:5,11:5,same,same,same,same,same,same,same
11,6,11:6,11:6,11:6,11:6,11:6,11:6,11:6,same,same,same,same,same,same,same
11,7,11:7,11:7,11:7,11:7,11:7,11:7,11:7,same,same,same,same,same,same,same
11,8,11:8,11:8,11:8,11:8,11:8,11:8,11:8,same,same,same,same,same,same,same
11,9,11:9,11:9,11:9,11:9,11:9,11:9,11:9,same,same,same,same,same,same,same
11,10,11:10,11:10,11:10,11:10,11:10,11:10,11:10,same,same,same,same,same,same,same
11,11,11:11,11:11,11:11,11:11,11:11,11:11,11:11,same,same,same,same,same,same,same
11,12,11:12,11:12,11:12,11:12,11:12,11:12,11:12,same,same,same,same,same,same,same
11,13,11:13,11:13,11:13,11:13,11:13,11:13,11:13,same,same,same,same,same,same,same
11,14,11:14,11:14,11:14,11:14,11:14,11:14,11:14,same,same,same,same,same,same,same
11,15,11:15,11:15,11:15,11:15,11:15,11:15,11:15,same,same,same,same,same,same,same
11,16,11:16,11:16,11:16,11:16,11:16,11:16,11:16,same,same,same,same,same,same,same
11,17,11:17,11:17,11:17,11:17,11:17,11:17,11:17,same,same,same,same,same,same,same
11,18,11:18,11:18,11:18,11:18,11:18,11:18,11:18,same,same,same,same,same,same,same
11,19,11:19,11:19,11:19,11:19,11:19,11:19,11:19,same,same,same,same,same,same,same
11,20,11:20,11:20,11:20,11:20,11:20,11:20,11:20,same,same,same,same,same,same,same
11,21,11:21,11:21,11:21,11:21,11:21,11:21,11:21,same,same,same,same,same,same,same
11,22,11:22,11:22,11:22,11:22,11:22,11:22,11:22,same,same,same,same,same,same,same
11,23,11:23,11:23,11:23,11:23,11:23,11:23,11:23,same,same,same,same,same,same,same
11,24,11:24,11:24,11:24,11:24,11:24,11:24,11:24,same,same,same,same,same,same,same
11,25,11:25,11:25,11:25,11:25,11:25,11:25,11:25,same,same,same,same,same,same,same
11,26,11:26,11:26,11:26,11:26,11:26,11:26,11:26,same,same,same,same,same,same,same
11,27,11:27,11:27,11:27,11:27,11:27,11:27,11:27,same,same,same,same,same,same,same
11,28,11:28,11:28,11:28,11:28,11:28,11:28,11:28,same,same,same,same,same,same,same
11,29,11:29,11:29,11:29,11:29,11:29,11:29,11:29,same,same,same,same,same,same,same
11,30,11:30,11:30,11:30,11:30,11:30,11:30,11:30,same,same,same,same,same,same,same
11,31,11:31,11:31,11:31,11:31,11:31,11:31,11:31,same,same,same,same,same,same,same
11,32,11:32,11:32,11:32,11:32,11:32,11:32,11:32,same,same,same,same,same,same,same
11,33,11:33,11:33,11:33,11:33,11:33,11:33,11:33,same,same,same,same,same,same,same
11,34,11:34,11:34,11:34,11:34,11:34,11:34,11:34,same,same,same,same,same,same,same
11,35,11:35,11:35,11:35,11:35,11:35,11:35,11:35,same,same,same,same,same,same,same
11,36,11:36,11:36,11:36,11:36,11:36,11:36,11:36,same,same,same,same,same,same,same
11,37,11:37,11:37,11:37,11:37,11:37,11:37,11:37,same,same,same,same,same,same,same
11,38,11:38,11:38,11:38,11:38,11:38,11:38,11:38,same,same,same,same,same,same,same
11,39,11:39,11:39,11:39,11:39,11:39,11:39,11:39,same,same,same,same,same,same,same
11,40,11:40,11:40,11:40,11:40,11:40,11:40,11:40,same,same,same,same,same,same,same
11,41,11:41,11:41,11:41,11:41,11:41,11:41,11:41,same,same,same,same,same,same,same
11,42,11:42,11:42,11:42,11:42,11:42,11:42,11:42,same,same,same,same,same,same,same
11,43,11:43,11:43,11:43,11:43,11:43,11:43,11:43,same,same,same,same,same,same,same
11,44,11:44,11:44,11:44,11:44,11:44,11:44,11:44,same,same,same,same,same,same,same
11,45,11:45,11:45,11:45,11:45,11:45,11:45,11:45,same,same,same,same,same,same,same
11,46,11:46,11:46,11:46,11:46,11:46,11:46,11:46,same,same,same,same,same,same,same
11,47,11:47,11:47,11:47,11:47,11:47,11:47,11:47,same,same,same,same,same,same,same
11,48,11:48,11:48,11:48,11:48,11:48,11:48,11:48,same,same,same,same,same,same,same
11,49,11:49,11:49,11:49,11:49,11:49,11:49,11:49,same,same,same,same,same,same,same
11,50,11:50,11:50,11:50,11:50,11:50,11:50,11:50,same,same,same,same,same,same,same
11,51,11:51,11:51,11:51,11:51,11:51,11:51,11:51,same,same,same,same,same,same,same
11,52,11:52,11:52,11:52,11:52,11:52,11:52,11:52,same,same,same,same,same,same,same
11,53,11:53,11:53,11:53,11:53,11:53,11:53,11:53,same,same,same,same,same,same,same
11,54,11:54,11:54,11:54,11:54,11:54,11:54,11:54,same,same,merged,merged,merged,merged,merged
11,55,11:55,11:55,11:54,11:54,11:54,11:54,11:54,same,same,merged,merged,merged,merged,merged
11,56,11:56,11:56,11:55,11:55,11:55,11:55,11:55,same,same,same,same,same,same,same
11,57,11:57,11:57,11:56,11:56,11:56,11:56,11:56,same,same,same,same,same,same,same
11,58,11:58,11:58,11:57,11:57,11:57,11:57,11:57,same,same,same,same,same,same,same
11,59,11:59,11:59,11:58,11:58,11:58,11:58,11:58,same,same,same,same,same,same,same
11,60,11:60,11:60,11:59,11:59,11:59,11:59,11:59,same,same,same,same,same,same,same
11,61,11:61,11:61,11:60,11:60,11:60,11:60,11:60,same,same,same,same,same,same,same
11,62,11:62,11:62,11:61,11:61,11:61,11:61,11:61,same,same,same,same,same,same,same
11,63,11:63,11:63,11:62,11:62,11:62,11:62,11:62,same,same,same,same,same,same,same
11,64,11:64,11:64,11:63,11:63,11:63,11:63,11:63,same,same,same,same,same,same,same
11,65,11:65,11:65,11:64,11:64,11:64,11:64,11:64,same,same,same,same,same,same,same
11,66,11:66,11:66,11:65,11:65,11:65,11:65,11:65,same,same,same,same,same,same,same
11,67,11:67,11:67,11:66,11:66,11:66,11:66,11:66,same,same,same,same,same,same,same
11,68,11:68,11:68,11:67,11:67,11:67,11:67,11:67,same,same,same,same,same,same,same
11,69,11:69,11:69,11:68,11:68,11:68,11:68,11:68,same,same,same,same,same,same,same
11,70,11:70,11:70,11:69,11:69,11:69,11:69,11:69,same,same,same,same,same,same,same
11,71,11:71,11:71,11:70,11:70,11:70,11:70,11:70,same,same,same,same,same,same,same
11,72,11:72,11:72,11:71,11:71,11:71,11:71,11:71,same,same,same,same,same,same,same
11,73,11:73,11:73,11:72,11:72,11:72,11:72,11:72,same,same,same,same,same,same,same
11,74,11:74,11:74,11:73,11:73,11:73,11:73,11:73,same,same,same,same,same,same,same
11,75,11:75,11:75,11:74,11:74,11:74,11:74,11:74,same,same,same,same,same,same,same
11,76,11:76,11:76,11:75,11:75,11:75,11:75,11:75,same,same,same,same,same,same,same
11,77,11:77,11:77,11:76,11:76,11:76,11:76,11:76,same,same,same,same,same,same,same
11,78,11:78,11:78,11:77,11:77,11:77,11:77,11:77,same,same,same,same,same,same,same
11,79,11:79,11:79,11:78,11:78,11:78,11:78,11:78,same,same,same,same,same,same,same
11,80,11:80,11:80,11:79,11:79,11:79,11:79,11:79,same,same,same,same,same,same,same
11,81,11:81,11:81,11:80,11:80,11:80,11:80,11:80,same,same,same,same,same,same,same
11,82,11:82,11:82,11:81-82,11:81-82,11:81-82,11:81,11:81,same,same,split,split,split,same,same
11,83,11:83,11:83,11:82,11:82,11:82,11:82,11:82,same,same,merged,merged,merged,same,same
11,84,11:84,11:84,11:83,11:83,11:83,11:83,11:83,same,same,same,same,same,same,same
11,85,11:85,11:85,11:84,11:84,11:84,11:84,11:84,same,same,same,same,same,same,same
11,86,11:86,11:86,11:85-86,11:85-86,11:85-86,11:85-86,11:85-86,same,same,split,split,split,split,split
11,87,11:87,11:87,11:87,11:87,11:87,11:87,11:87,same,same,same,same,same,same,same
11,88,11:88,11:88,11:88,11:88,11:88,11:88,11:88,same,same,same,same,same,same,same
11,89,11:89,11:89,11:89,11:89,11:89,11:89,11:89,same,same,same,same,same,same,same
11,90,11:90,11:90,11:90,11:90,11:90,11:90,11:90,same,same,same,same,same,same,same
11,91,11:91,11:91,11:91,11:91,11:91,11:91,11:91,same,same,same,same,same,same,same
11,92,11:92,11:92,11:92,11:92,11:92,11:92,11:92,same,same,same,same,same,same,same
11,93,11:93,11:93,11:93,11:93,11:93,11:93,11:93,same,same,same,same,same,same,same
11,94,11:94,11:94,11:94,11:94,11:94,11:94,11:94,same,same,same,same,same,same,same
11,95,11:95,11:95,11:95,11:95,11:95,11:95,11:95,same,same,same,same,same,same,same
11,96,11:96,11:96,11:96,11:96,11:96,11:96,11:96,same,same,same,same,same,same,same
11,97,11:97,11:97,11:97,11:97,11:97,11:97,11:97,same,same,same,same,same,same,same
11,98,11:98,11:98,11:98,11:98,11:98,11:98,11:98,same,same,same,same,same,same,same
11,99,11:99,11:99,11:99,11:99,11:99,11:99,11:99,same,same,same,same,same,same,same
11,100,11:100,11:100,11:100,11:100,11:100,11:100,11:100,same,same,same,same,same,same,same
11,101,11:101,11:101,11:101,11:101,11:101,11:101,11:101,same,same,same,same,same,same,same
11,102,11:102,11:102,11:102,11:102,11:102,11:102,11:102,same,same,same,same,same,same,same
11,103,11:103,11:103,11:103,11:103,11:103,11:103,11:103,same,same,same,same,same,same,same
11,104,11:104,11:104,11:104,11:104,11:104,11:104,11:104,same,same,same,same,same,same,same
11,105,11:105,11:105,11:105,11:105,11:105,11:105,11:105,same,same,same,same,same,same,same
11,106,11:106,11:106,11:106,11:106,11:106,11:106,11:106,same,same,same,same,same,same,same
11,107,11:107,11:107,11:107,11:107,11:107,11:107,11:107,same,same,same,same,same,same,same
11,108,11:108,11:108,11:108,11:108,11:108,11:108,11:108,same,same,same,same,same,same,same
11,109,11:109,11:109,11:109,11:109,11:109,11:109,11:109,same,same,same,same,same,same,same
11,110,11:110,11:110,11:110,11:110,11:110,11:110,11:110,same,same,same,same,same,same,same
11,111,11:111,11:111,11:111,11:111,11:111,11:111,11:111,same,same,same,same,same,same,same
11,112,11:112,11:112,11:112,11:112,11:112,11:112,11:112,same,same,same,same,same,same,same
11,113,11:113,11:113,11:113,11:113,11:113,11:113,11:113,same,same,same,same,same,same,same
11,114,11:114,11:114,11:114,11:114,11:114,11:114,11:114,same,same,same,same,same,same,same
11,115,11:115,11:115,11:115,11:115,11:115,11:115,11:115,same,same,same,same,same,same,same
11,116,11:116,11:116,11:116,11:116,11:116,11:116,11:116,same,same,same,same,same,same,same
11,117,11:117,11:117,11:117,11:117,11:117,11:117,11:117,same,same,same,same,same,same,same
11,118,11:118,11:118,11:118,11:118,11:118,11:118,11:118,same,same,merged,merged,merged,merged,merged
11,119,11:119,11:119,11:118,11:118,11:118,11:118,11:118,same,same,merged,merged,merged,merged,merged
11,120,11:120,11:120,11:119,11:119,11:119,11:119,11:119,same,same,same,same,same,same,same
11,121,11:121,11:121,11:120,11:120,11:120,11:120,11:120,same,same,merged,merged,merged,same,same
11,122,11:122,11:122,11:120,11:120,11:120,11:121,11:121,same,same,merged,merged,merged,same,same
11,123,11:123,11:123,11:121,11:121,11:121,11:122,11:122,same,same,same,same,same,same,same
12,1,12:1,12:1,12:1,12:1,12:1,12:1,12:1,same,same,same,same,same,same,same
12,2,12:2,12:2,12:2,12:2,12:2,12:2,12:2,same,same,same,same,same,same,same
12,3,12:3,12:3,12:3,12:3,12:3,12:3,12:3,same,same,same,same,same,same,same
12,4,12:4,12:4,12:4,12:4,12:4,12:4,12:4,same,same,same,same,same,same,same
12,5,12:5,12:5,12:5,12:5,12:5,12:5,12:5,same,same,same,same,same,same,same
12,6,12:6,12:6,12:6,12:6,12:6,12:6,12:6,same,same,same,same,same,same,same
12,7,12:7,12:7,12:7,12:7,12:7,12:7,12:7,same,same,same,same,same,same,same
12,8,12:8,12:8,12:8,12:8,12:8,12:8,12:8,same,same,same,same,same,same,same
12,9,12:9,12:9,12:9,12:9,12:9,12:9,12:9,same,same,same,same,same,same,same
12,10,12:10,12:10,12:10,12:10,12:10,12:10,12:10,same,same,same,same,same,same,same
12,11,12:11,12:11,12:11,12:11,12:11,12:11,12:11,same,same,same,same,same,same,same
12,12,12:12,12:12,12:12,12:12,12:12,12:12,12:12,same,same,same,same,same,same,same
12,13,12:13,12:13,12:13,12:13,12:13,12:13,12:13,same,same,same,same,same,same,same
12,14,12:14,12:14,12:14,12:14,12:14,12:14,12:14,same,same,same,same,same,same,same
12,15,12:15,12:15,12:15,12:15,12:15,12:15,12:15,same,same,same,same,same,same,same
12,16,12:16,12:16,12:16,12:16,12:16,12:16,12:16,same,same,same,same,same,same,same
12,17,12:17,12:17,12:17,12:17,12:17,12:17,12:17,same,same,same,same,same,same,same
12,18,12:18,12:18,12:18,12:18,12:18,12:18,12:18,same,same,same,same,same,same,same
12,19,12:19,12:19,12:19,12:19,12:19,12:19,12:19,same,same,same,same,same,same,same
12,20,12:20,12:20,12:20,12:20,12:20,12:20,12:20,same,same,same,same,same,same,same
12,21,12:21,12:21,12:21,12:21,12:21,12:21,12:21,same,same,same,same,same,same,same
12,22,12:22,12:22,12:22,12:22,12:22,12:22,12:22,same,same,same,same,same,same,same
12,23,12:23,12:23,12:23,12:23,12:23,12:23,12:23,same,same,same,same,same,same,same
12,24,12:24,12:24,12:24,12:24,12:24,12:24,12:24,same,same,same,same,same,same,same
12,25,12:25,12:25,12:25,12:25,12:25,12:25,12:25,same,same,same,same,same,same,same
12,26,12:26,12:26,12:26,12:26,12:26,12:26,12:26,same,same,same,same,same,same,same
12,27,12:27,12:27,12:27,12:27,12:27,12:27,12:27,same,same,same,same,same,same,same
12,28,12:28,12:28,12:28,12:28,12:28,12:28,12:28,same,same,same,same,same,same,same
12,29,12:29,12:29,12:29,12:29,12:29,12:29,12:29,same,same,same,same,same,same,same
12,30,12:30,12:30,12:30,12:30,12:30,12:30,12:30,same,same,same,same,same,same,same
12,31,12:31,12:31,12:31,12:31,12:31,12:31,12:31,same,same,same,same,same,same,same
12,32,12:32,12:32,12:32,12:32,12:32,12:32,12:32,same,same,same,same,same,same,same
12,33,12:33,12:33,12:33,12:33,12:33,12:33,12:33,same,same,same,same,same,same,same
12,34,12:34,12:34,12:34,12:34,12:34,12:34,12:34,same,same,same,same,same,same,same
12,35,12:35,12:35,12:35,12:35,12:35,12:35,12:35,same,same,same,same,same,same,same
12,36,12:36,12:36,12:36,12:36,12:36,12:36,12:36,same,same,same,same,same,same,same
12,37,12:37,12:37,12:37,12:37,12:37,12:37,12:37,same,same,same,same,same,same,same
12,38,12:38,12:38,12:38,12:38,12:38,12:38,12:38,same,same,same,same,same,same,same
12,39,12:39,12:39,12:39,12:39,12:39,12:39,12:39,same,same,same,same,same,same,same
12,40,12:40,12:40,12:40,12:40,12:40,12:40,12:40,same,same,same,same,same,same,same
12,41,12:41,12:41,12:41,12:41,12:41,12:41,12:41,same,same,same,same,same,same,same
12,42,12:42,12:42,12:42,12:42,12:42,12:42,12:42,same,same,same,same,same,same,same
12,43,12:43,12:43,12:43,12:43,12:43,12:43,12:43,same,same,same,same,same,same,same
12,44,12:44,12:44,12:44,12:44,12:44,12:44,12:44,same,same,same,same,same,same,same
12,45,12:45,12:45,12:45,12:45,12:45,12:45,12:45,same,same,same,same,same,same,same
12,46,12:46,12:46,12:46,12:46,12:46,12:46,12:46,same,same,same,same,same,same,same
12,47,12:47,12:47,12:47,12:47,12:47,12:47,12:47,same,same,same,same,same,same,same
12,48,12:48,12:48,12:48,12:48,12:48,12:48,12:48,same,same,same,same,same,same,same
12,49,12:49,12:49,12:49,12:49,12:49,12:49,12:49,same,same,same,same,same,same,same
12,50,12:50,12:50,12:50,12:50,12:50,12:50,12:50,same,same,same,same,same,same,same
12,51,12:51,12:51,12:51,12:51,12:51,12:51,12:51,same,same,same,same,same,same,same
12,52,12:52,12:52,12:52,12:52,12:52,12:52,12:52,same,same,same,same,same,same,same
12,53,12:53,12:53,12:53,12:53,12:53,12:53,12:53,same,same,same,same,same,same,same
12,54,12:54,12:54,12:54,12:54,12:54,12:54,12:54,same,same,same,same,same,same,same
12,55,12:55,12:55,12:55,12:55,12:55,12:55,12:55,same,same,same,same,same,same,same
12,56,12:56,12:56,12:56,12:56,12:56,12:56,12:56,same,same,same,same,same,same,same
12,57,12:57,12:57,12:57,12:57,12:57,12:57,12:57,same,same,same,same,same,same,same
12,58,12:58,12:58,12:58,12:58,12:58,12:58,12:58,same,same,same,same,same,same,same
12,59,12:59,12:59,12:59,12:59,12:59,12:59,12:59,same,same,same,same,same,same,same
12,60,12:60,12:60,12:60,12:60,12:60,12:60,12:60,same,same,same,same,same,same,same
12,61,12:61,12:61,12:61,12:61,12:61,12:61,12:61,same,same,same,same,same,same,same
12,62,12:62,12:62,12:62,12:62,12:62,12:62,12:62,same,same,same,same,same,same,same
12,63,12:63,12:63,12:63,12:63,12:63,12:63,12:63,same,same,same,same,same,same,same
12,64,12:64,12:64,12:64,12:64,12:64,12:64,12:64,same,same,same,same,same,same,same
12,65,12:65,12:65,12:65,12:65,12:65,12:65,12:65,same,same,same,same,same,same,same
12,66,12:66,12:66,12:66,12:66,12:66,12:66,12:66,same,same,same,same,same,same,same
12,67,12:67,12:67,12:67,12:67,12:67,12:67,12:67,same,same,same,same,same,same,same
12,68,12:68,12:68,12:68,12:68,12:68,12:68,12:68,same,same,same,same,same,same,same
12,69,12:69,12:69,12:69,12:69,12:69,12:69,12:69,same,same,same,same,same,same,same
12,70,12:70,12:70,12:70,12:70,12:70,12:70,12:70,same,same,same,same,same,same,same
12,71,12:71,12:71,12:71,12:71,12:71,12:71,12:71,same,same,same,same,same,same,same
12,72,12:72,12:72,12:72,12:72,12:72,12:72,12:72,same,same,same,same,same,same,same
12,73,12:73,12:73,12:73,12:73,12:73,12:73,12:73,same,same,same,same,same,same,same
12,74,12:74,12:74,12:74,12:74,12:74,12:74,12:74,same,same,same,same,same,same,same
12,75,12:75,12:75,12:75,12:75,12:75,12:75,12:75,same,same,same,same,same,same,same
12,76,12:76,12:76,12:76,12:76,12:76,12:76,12:76,same,same,same,same,same,same,same
12,77,12:77,12:77,12:77,12:77,12:77,12:77,12:77,same,same,same,same,same,same,same
12,78,12:78,12:78,12:78,12:78,12:78,12:78,12:78,same,same,same,same,same,same,same
12,79,12:79,12:79,12:79,12:79,12:79,12:79,12:79,same,same,same,same,same,same,same
12,80,12:80,12:80,12:80,12:80,12:80,12:80,12:80,same,same,same,same,same,same,same
12,81,12:81,12:81,12:81,12:81,12:81,12:81,12:81,same,same,same,same,same,same,same
12,82,12:82,12:82,12:82,12:82,12:82,12:82,12:82,same,same,same,same,same,same,same
12,83,12:83,12:83,12:83,12:83,12:83,12:83,12:83,same,same,same,same,same,same,same
12,84,12:84,12:84,12:84,12:84,12:84,12:84,12:84,same,same,same,same,same,same,same
12,85,12:85,12:85,12:85,12:85,12:85,12:85,12:85,same,same,same,same,same,same,same
12,86,12:86,12:86,12:86,12:86,12:86,12:86,12:86,same,same,same,same,same,same,same
12,87,12:87,12:87,12:87,12:87,12:87,12:87,12:87,same,same,same,same,same,same,same
12,88,12:88,12:88,12:88,12:88,12:88,12:88,12:88,same,same,same,same,same,same,same
12,89,12:89,12:89,12:89,12:89,12:89,12:89,12:89,same,same,same,same,same,same,same
12,90,12:90,12:90,12:90,12:90,12:90,12:90,12:90,same,same,same,same,same,same,same
12,91,12:91,12:91,12:91,12:91,12:91,12:91,12:91,same,same,same,same,same,same,same
12,92,12:92,12:92,12:92,12:92,12:92,12:92,12:92,same,same,same,same,same,same,same
12,93,12:93,12:93,12:93,12:93,12:93,12:93,12:93,same,same,same,same,same,same,same
12,94,12:94,12:94,12:94,12:94,12:94,12:94,12:94,same,same,same,same,same,same,same
12,95,12:95,12:95,12:95,12:95,12:95,12:95,12:95,same,same,same,same,same,same,same
12,96,12:96,12:96,12:96,12:96,12:96,12:96,12:96,same,same,same,same,same,same,same
12,97,12:97,12:97,12:97,12:97,12:97,12:97,12:97,same,same,same,same,same,same,same
12,98,12:98,12:98,12:98,12:98,12:98,12:98,12:98,same,same,same,same,same,same,same
12,99,12:99,12:99,12:99,12:99,12:99,12:99,12:99,same,same,same,same,same,same,same
12,100,12:100,12:100,12:100,12:100,12:100,12:100,12:100,same,same,same,same,same,same,same
12,101,12:101,12:101,12:101,12:101,12:101,12:101,12:101,same,same,same,same,same,same,same
12,102,12:102,12:102,12:102,12:102,12:102,12:102,12:102,same,same,same,same,same,same,same
12,103,12:103,12:103,12:103,12:103,12:103,12:103,12:103,same,same,same,same,same,same,same
12,104,12:104,12:104,12:104,12:104,12:104,12:104,12:104,same,same,same,same,same,same,same
12,105,12:105,12:105,12:105,12:105,12:105,12:105,12:105,same,same,same,same,same,same,same
12,106,12:106,12:106,12:106,12:106,12:106,12:106,12:106,same,same,same,same,same,same,same
12,107,12:107,12:107,12:107,12:107,12:107,12:107,12:107,same,same,same,same,same,same,same
12,108,12:108,12:108,12:108,12:108,12:108,12:108,12:108,same,same,same,same,same,same,same
12,109,12:109,12:109,12:109,12:109,12:109,12:109,12:109,same,same,same,same,same,same,same
12,110,12:110,12:110,12:110,12:110,12:110,12:110,12:110,same,same,same,same,same,same,same
12,111,12:111,12:111,12:111,12:111,12:111,12:111,12:111,same,same,same,same,same,same,same
13,1,13:1,13:1,13:1,13:1,13:1,13:1,13:1,same,same,same,same,same,same,same
13,2,13:2,13:2,13:2,13:2,13:2,13:2,13:2,same,same,same,same,same,same,same
13,3,13:3,13:3,13:3,13:3,13:3,13:3,13:3,same,same,same,same,same,same,same
13,4,13:4,13:4,13:4,13:4,13:4,13:4,13:4,same,same,same,same,same,same,same
13,5,13:5,13:5,13:5-6,13:5-6,13:5-6,13:5-6,13:5-6,same,same,split,split,split,split,split
13,6,13:6,13:6,13:7,13:7,13:7,13:7,13:7,same,same,same,same,same,same,same
13,7,13:7,13:7,13:8,13:8,13:8,13:8,13:8,same,same,same,same,same,same,same
13,8,13:8,13:8,13:9,13:9,13:9,13:9,13:9,same,same,same,same,same,same,same
13,9,13:9,13:9,13:10,13:10,13:10,13:10,13:10,same,same,same,same,same,same,same
13,10,13:10,13:10,13:11,13:11,13:11,13:11,13:11,same,same,same,same,same,same,same
13,11,13:11,13:11,13:12,13:12,13:12,13:12,13:12,same,same,same,same,same,same,same
13,12,13:12,13:12,13:13,13:13,13:13,13:13,13:13,same,same,same,same,same,same,same
13,13,13:13,13:13,13:14,13:14,13:14,13:14,13:14,same,same,same,same,same,same,same
13,14,13:14,13:14,13:15,13:15,13:15,13:15,13:15,same,same,same,same,same,same,same
13,15,13:15,13:15,13:16,13:16,13:16,13:16,13:16,same,same,same,same,same,same,same
13,16,13:16,13:16,13:17-18,13:17-18,13:17-18,13:17-18,13:17-18,same,same,split,split,split,split,split
13,17,13:17,13:17,13:19,13:19,13:19,13:19,13:19,same,same,same,same,same,same,same
13,18,13:18,13:18,13:20,13:20,13:20,13:20,13:20,same,same,same,same,same,same,same
13,19,13:19,13:19,13:21,13:21,13:21,13:21,13:21,same,same,same,same,same,same,same
13,20,13:20,13:20,13:22,13:22,13:22,13:22,13:22,same,same,same,same,same,same,same
13,21,13:21,13:21,13:23,13:23,13:23,13:23,13:23,same,same,same,same,same,same,same
13,22,13:22,13:22,13:24,13:24,13:24,13:24,13:24,same,same,same,same,same,same,same
13,23,13:23,13:23,13:25,13:25,13:25,13:25,13:25,same,same,merged,merged,merged,merged,merged
13,24,13:24,13:24,13:25,13:25,13:25,13:25,13:25,same,same,merged,merged,merged,merged,merged
13,25,13:25,13:25,13:26,13:26,13:26,13:26,13:26,same,same,same,same,same,same,same
13,26,13:26,13:26,13:27,13:27,13:27,13:27,13:27,same,same,same,same,same,same,same
13,27,13:27,13:27,13:28,13:28,13:28,13:28,13:28,same,same,same,same,same,same,same
13,28,13:28,13:28,13:29,13:29,13:29,13:29,13:29,same,same,same,same,same,same,same
13,29,13:29,13:29,13:30,13:30,13:30,13:30,13:30,same,same,same,same,same,same,same
13,30,13:30,13:30,13:31,13:31,13:31,13:31,13:31,same,same,same,same,same,same,same
13,31,13:31,13:31,13:32,13:32,13:32,13:32,13:32,same,same,same,same,same,same,same
13,32,13:32,13:32,13:33,13:33,13:33,13:33,13:33,same,same,same,same,same,same,same
13,33,13:33,13:33,13:34,13:34,13:34,13:34,13:34,same,same,same,same,same,same,same
13,34,13:34,13:34,13:35,13:35,13:35,13:35,13:35,same,same,same,same,same,same,same
13,35,13:35,13:35,13:36,13:36,13:36,13:36,13:36,same,same,same,same,same,same,same
13,36,13:36,13:36,13:37,13:37,13:37,13:37,13:37,same,same,same,same,same,same,same
13,37,13:37,13:37,13:38,13:38,13:38,13:38,13:38,same,same,same,same,same,same,same
13,38,13:38,13:38,13:39,13:39,13:39,13:39,13:39,same,same,same,same,same,same,same
13,39,13:39,13:39,13:40,13:40,13:40,13:40,13:40,same,same,same,same,same,same,same
13,40,13:40,13:40,13:41,13:41,13:41,13:41,13:41,same,same,same,same,same,same,same
13,41,13:41,13:41,13:42,13:42,13:42,13:42,13:42,same,same,same,same,same,same,same
13,42,13:42,13:42,13:43,13:43,13:43,13:43,13:43,same,same,same,same,same,same,same
13,43,13:43,13:43,13:44,13:44,13:44,13:44,13:44,same,same,same,same,same,same,same
14,1,14:1,14:1,14:1-2,14:1-2,14:1-2,14:1-2,14:1-2,same,same,split,split,split,split,split
14,2,14:2,14:2,14:3,14:3,14:3,14:3,14:3,same,same,same,same,same,same,same
14,3,14:3,14:3,14:4,14:4,14:4,14:4,14:4,same,same,same,same,same,same,same
14,4,14:4,14:4,14:5,14:5,14:5,14:5,14:5,same,same,same,same,same,same,same
14,5,14:5,14:5,14:6-7,14:6-7,14:6-7,14:6-7,14:6-7,same,same,split,split,split,split,split
14,6,14:6,14:6,14:8,14:8,14:8,14:8,14:8,same,same,same,same,same,same,same
14,7,14:7,14:7,14:9,14:9,14:9,14:9,14:9,same,same,same,same,same,same,same
14,8,14:8,14:8,14:10,14:10,14:10,14:10,14:10,same,same,same,same,same,same,same
14,9,14:9,14:9,14:11-12,14:11-12,14:11-12,14:11-12,14:11-12,same,same,split,split,split,split,split
14,10,14:10,14:10,14:13,14:13,14:13,14:13,14:13,same,same,same,same,same,same,same
14,11,14:11,14:11,14:14,14:14,14:14,14:14,14:14,same,same,same,same,same,same,same
14,12,14:12,14:12,14:15,14:15,14:15,14:15,14:15,same,same,same,same,same,same,same
14,13,14:13,14:13,14:16,14:16,14:16,14:16,14:16,same,same,same,same,same,same,same
14,14,14:14,14:14,14:17,14:17,14:17,14:17,14:17,same,same,same,same,same,same,same
14,15,14:15,14:15,14:18,14:18,14:18,14:18,14:18,same,same,same,same,same,same,same
14,16,14:16,14:16,14:19,14:19,14:19,14:19,14:19,same,same,same,same,same,same,same
14,17,14:17,14:17,14:20,14:20,14:20,14:20,14:20,same,same,same,same,same,same,same
14,18,14:18,14:18,14:21,14:21,14:21,14:21,14:21,same,same,same,same,same,same,same
14,19,14:19,14:19,14:22,14:22,14:22,14:22,14:22,same,same,merged,merged,merged,same,same
14,20,14:20,14:20,14:22,14:22,14:22,14:23,14:23,same,same,merged,merged,merged,same,same
14,21,14:21,14:21,14:23,14:23,14:23,14:24,14:24,same,same,same,same,same,same,same
14,22,14:22,14:22,14:24,14:24,14:24,14:25,14:25,same,same,same,same,same,same,same
14,23,14:23,14:23,14:25,14:25,14:25,14:26,14:26,same,same,same,same,same,same,same
14,24,14:24,14:24,14:26,14:26,14:26,14:27,14:27,same,same,same,same,same,merged,merged
14,25,14:25,14:25,14:27,14:27,14:27,14:27,14:27,same,same,same,same,same,merged,merged
14,26,14:26,14:26,14:28,14:28,14:28,14:28,14:28,same,same,same,same,same,same,same
14,27,14:27,14:27,14:29,14:29,14:29,14:29,14:29,same,same,same,same,same,same,same
14,28,14:28,14:28,14:30,14:30,14:30,14:30,14:30,same,same,same,same,same,same,same
14,29,14:29,14:29,14:31,14:31,14:31,14:31,14:31,same,same,same,same,same,same,same
14,30,14:30,14:30,14:32,14:32,14:32,14:32,14:32,same,same,same,same,same,same,same
14,31,14:31,14:31,14:33,14:33,14:33,14:33,14:33,same,same,same,same,same,same,same
14,32,14:32,14:32,14:34,14:34,14:34,14:34,14:34,same,same,same,same,same,same,same
14,33,14:33,14:33,14:35,14:35,14:35,14:35,14:35,same,same,same,same,same,same,same
14,34,14:34,14:34,14:36,14:36,14:36,14:36,14:36,same,same,same,same,same,same,same
14,35,14:35,14:35,14:37,14:37,14:37,14:37,14:37,same,same,same,same,same,same,same
14,36,14:36,14:36,14:38,14:38,14:38,14:38,14:38,same,same,same,same,same,same,same
14,37,14:37,14:37,14:39,14:39,14:39,14:39,14:39,same,same,same,same,same,same,same
14,38,14:38,14:38,14:40,14:40,14:40,14:40,14:40,same,same,same,same,same,same,same
14,39,14:39,14:39,14:41,14:41,14:41,14:41,14:41,same,same,same,same,same,same,same
14,40,14:40,14:40,14:42,14:42,14:42,14:42,14:42,same,same,same,same,same,same,same
14,41,14:41,14:41,14:43,14:43,14:43,14:43,14:43,same,same,same,same,same,same,same
14,42,14:42,14:42,14:44,14:44,14:44,14:44,14:44,same,same,same,same,same,same,same
14,43,14:43,14:43,14:45,14:45,14:45,14:45,14:45,same,same,same,same,same,same,same
14,44,14:44,14:44,14:46,14:46,14:46,14:46,14:46,same,same,same,same,same,same,same
14,45,14:45,14:45,14:47,14:47,14:47,14:47,14:47,same,same,same,same,same,same,same
14,46,14:46,14:46,14:48,14:48,14:48,14:48,14:48,same,same,same,same,same,same,same
14,47,14:47,14:47,14:49,14:49,14:49,14:49,14:49,same,same,same,same,same,same,same
14,48,14:48,14:48,14:50,14:50,14:50,14:50,14:50,same,same,same,same,same,same,same
14,49,14:49,14:49,14:51,14:51,14:51,14:51,14:51,same,same,same,same,same,same,same
14,50,14:50,14:50,14:52,14:52,14:52,14:52,14:52,same,same,same,same,same,same,same
14,51,14:51,14:51,14:53,14:53,14:53,14:53,14:53,same,same,same,same,same,same,same
14,52,14:52,14:52,14:54,14:54,14:54,14:54,14:54,same,same,same,same,same,same,same
15,1,15:1,15:1,15:1,15:1,15:1,15:1,15:1,same,same,same,same,same,same,same
15,2,15:2,15:2,15:2,15:2,15:2,15:2,15:2,same,same,same,same,same,same,same
15,3,15:3,15:3,15:3,15:3,15:3,15:3,15:3,same,same,same,same,same,same,same
15,4,15:4,15:4,15:4,15:4,15:4,15:4,15:4,same,same,same,same,same,same,same
15,5,15:5,15:5,15:5,15:5,15:5,15:5,15:5,same,same,same,same,same,same,same
15,6,15:6,15:6,15:6,15:6,15:6,15:6,15:6,same,same,same,same,same,same,same
15,7,15:7,15:7,15:7,15:7,15:7,15:7,15:7,same,same,same,same,same,same,same
15,8,15:8,15:8,15:8,15:8,15:8,15:8,15:8,same,same,same,same,same,same,same
15,9,15:9,15:9,15:9,15:9,15:9,15:9,15:9,same,same,same,same,same,same,same
15,10,15:10,15:10,15:10,15:10,15:10,15:10,15:10,same,same,same,same,same,same,same
15,11,15:11,15:11,15:11,15:11,15:11,15:11,15:11,same,same,same,same,same,same,same
15,12,15:12,15:12,15:12,15:12,15:12,15:12,15:12,same,same,same,same,same,same,same
15,13,15:13,15:13,15:13,15:13,15:13,15:13,15:13,same,same,same,same,same,same,same
15,14,15:14,15:14,15:14,15:14,15:14,15:14,15:14,same,same,same,same,same,same,same
15,15,15:15,15:15,15:15,15:15,15:15,15:15,15:15,same,same,same,same,same,same,same
15,16,15:16,15:16,15:16,15:16,15:16,15:16,15:16,same,same,same,same,same,same,same
15,17,15:17,15:17,15:17,15:17,15:17,15:17,15:17,same,same,same,same,same,same,same
15,18,15:18,15:18,15:18,15:18,15:18,15:18,15:18,same,same,same,same,same,same,same
15,19,15:19,15:19,15:19,15:19,15:19,15:19,15:19,same,same,same,same,same,same,same
15,20,15:20,15:20,15:20,15:20,15:20,15:20,15:20,same,same,same,same,same,same,same
15,21,15:21,15:21,15:21,15:21,15:21,15:21,15:21,same,same,same,same,same,same,same
15,22,15:22,15:22,15:22,15:22,15:22,15:22,15:22,same,same,same,same,same,same,same
15,23,15:23,15:23,15:23,15:23,15:23,15:23,15:23,same,same,same,same,same,same,same
15,24,15:24,15:24,15:24,15:24,15:24,15:24,15:24,same,same,same,same,same,same,same
15,25,15:25,15:25,15:25,15:25,15:25,15:25,15:25,same,same,same,same,same,same,same
15,26,15:26,15:26,15:26,15:26,15:26,15:26,15:26,same,same,same,same,same,same,same
15,27,15:27,15:27,15:27,15:27,15:27,15:27,15:27,same,same,same,same,same,same,same
15,28,15:28,15:28,15:28,15:28,15:28,15:28,15:28,same,same,same,same,same,same,same
15,29,15:29,15:29,15:29,15:29,15:29,15:29,15:29,same,same,same,same,same,same,same
15,30,15:30,15:30,15:30,15:30,15:30,15:30,15:30,same,same,same,same,same,same,same
15,31,15:31,15:31,15:31,15:31,15:31,15:31,15:31,same,same,same,same,same,same,same
15,32,15:32,15:32,15:32,15:32,15:32,15:32,15:32,same,same,same,same,same,same,same
15,33,15:33,15:33,15:33,15:33,15:33,15:33,15:33,same,same,same,same,same,same,same
15,34,15:34,15:34,15:34,15:34,15:34,15:34,15:34,same,same,same,same,same,same,same
15,35,15:35,15:35,15:35,15:35,15:35,15:35,15:35,same,same,same,same,same,same,same
15,36,15:36,15:36,15:36,15:36,15:36,15:36,15:36,same,same,same,same,same,same,same
15,37,15:37,15:37,15:37,15:37,15:37,15:37,15:37,same,same,same,same,same,same,same
15,38,15:38,15:38,15:38,15:38,15:38,15:38,15:38,same,same,same,same,same,same,same
15,39,15:39,15:39,15:39,15:39,15:39,15:39,15:39,same,same,same,same,same,same,same
15,40,15:40,15:40,15:40,15:40,15:40,15:40,15:40,same,same,same,same,same,same,same
15,41,15:41,15:41,15:41,15:41,15:41,15:41,15:41,same,same,same,same,same,same,same
15,42,15:42,15:42,15:42,15:42,15:42,15:42,15:42,same,same,same,same,same,same,same
15,43,15:43,15:43,15:43,15:43,15:43,15:43,15:43,same,same,same,same,same,same,same
15,44,15:44,15:44,15:44,15:44,15:44,15:44,15:44,same,same,same,same,same,same,same
15,45,15:45,15:45,15:45,15:45,15:45,15:45,15:45,same,same,same,same,same,same,same
15,46,15:46,15:46,15:46,15:46,15:46,15:46,15:46,same,same,same,same,same,same,same
15,47,15:47,15:47,15:47,15:47,15:47,15:47,15:47,same,same,same,same,same,same,same
15,48,15:48,15:48,15:48,15:48,15:48,15:48,15:48,same,same,same,same,same,same,same
15,49,15:49,15:49,15:49,15:49,15:49,15:49,15:49,same,same,same,same,same,same,same
15,50,15:50,15:50,15:50,15:50,15:50,15:50,15:50,same,same,same,same,same,same,same
15,51,15:51,15:51,15:51,15:51,15:51,15:51,15:51,same,same,same,same,same,same,same
15,52,15:52,15:52,15:52,15:52,15:52,15:52,15:52,same,same,same,same,same,same,same
15,53,15:53,15:53,15:53,15:53,15:53,15:53,15:53,same,same,same,same,same,same,same
15,54,15:54,15:54,15:54,15:54,15:54,15:54,15:54,same,same,same,same,same,same,same
15,55,15:55,15:55,15:55,15:55,15:55,15:55,15:55,same,same,same,same,same,same,same
15,56,15:56,15:56,15:56,15:56,15:56,15:56,15:56,same,same,same,same,same,same,same
15,57,15:57,15:57,15:57,15:57,15:57,15:57,15:57,same,same,same,same,same,same,same
15,58,15:58,15:58,15:58,15:58,15:58,15:58,15:58,same,same,same,same,same,same,same
15,59,15:59,15:59,15:59,15:59,15:59,15:59,15:59,same,same,same,same,same,same,same
15,60,15:60,15:60,15:60,15:60,15:60,15:60,15:60,same,same,same,same,same,same,same
15,61,15:61,15:61,15:61,15:61,15:61,15:61,15:61,same,same,same,same,same,same,same
15,62,15:62,15:62,15:62,15:62,15:62,15:62,15:62,same,same,same,same,same,same,same
15,63,15:63,15:63,15:63,15:63,15:63,15:63,15:63,same,same,same,same,same,same,same
15,64,15:64,15:64,15:64,15:64,15:64,15:64,15:64,same,same,same,same,same,same,same
15,65,15:65,15:65,15:65,15:65,15:65,15:65,15:65,same,same,same,same,same,same,same
15,66,15:66,15:66,15:66,15:66,15:66,15:66,15:66,same,same,same,same,same,same,same
15,67,15:67,15:67,15:67,15:67,15:67,15:67,15:67,same,same,same,same,same,same,same
15,68,15:68,15:68,15:68,15:68,15:68,15:68,15:68,same,same,same,same,same,same,same
15,69,15:69,15:69,15:69,15:69,15:69,15:69,15:69,same,same,same,same,same,same,same
15,70,15:70,15:70,15:70,15:70,15:70,15:70,15:70,same,same,same,same,same,same,same
15,71,15:71,15:71,15:71,15:71,15:71,15:71,15:71,same,same,same,same,same,same,same
15,72,15:72,15:72,15:72,15:72,15:72,15:72,15:72,same,same,same,same,same,same,same
15,73,15:73,15:73,15:73,15:73,15:73,15:73,15:73,same,same,same,same,same,same,same
15,74,15:74,15:74,15:74,15:74,15:74,15:74,15:74,same,same,same,same,same,same,same
15,75,15:75,15:75,15:75,15:75,15:75,15:75,15:75,same,same,same,same,same,same,same
15,76,15:76,15:76,15:76,15:76,15:76,15:76,15:76,same,same,same,same,same,same,same
15,77,15:77,15:77,15:77,15:77,15:77,15:77,15:77,same,same,same,same,same,same,same
15,78,15:78,15:78,15:78,15:78,15:78,15:78,15:78,same,same,same,same,same,same,same
15,79,15:79,15:79,15:79,15:79,15:79,15:79,15:79,same,same,same,same,same,same,same
15,80,15:80,15:80,15:80,15:80,15:80,15:80,15:80,same,same,same,same,same,same,same
15,81,15:81,15:81,15:81,15:81,15:81,15:81,15:81,same,same,same,same,same,same,same
15,82,15:82,15:82,15:82,15:82,15:82,15:82,15:82,same,same,same,same,same,same,same
15,83,15:83,15:83,15:83,15:83,15:83,15:83,15:83,same,same,same,same,same,same,same
15,84,15:84,15:84,15:84,15:84,15:84,15:84,15:84,same,same,same,same,same,same,same
15,85,15:85,15:85,15:85,15:85,15:85,15:85,15:85,same,same,same,same,same,same,same
15,86,15:86,15:86,15:86,15:86,15:86,15:86,15:86,same,same,same,same,same,same,same
15,87,15:87,15:87,15:87,15:87,15:87,15:87,15:87,same,same,same,same,same,same,same
15,88,15:88,15:88,15:88,15:88,15:88,15:88,15:88,same,same,same,same,same,same,same
15,89,15:89,15:89,15:89,15:89,15:89,15:89,15:89,same,same,same,same,same,same,same
15,90,15:90,15:90,15:90,15:90,15:90,15:90,15:90,same,same,same,same,same,same,same
15,91,15:91,15:91,15:91,15:91,15:91,15:91,15:91,same,same,same,same,same,same,same
15,92,15:92,15:92,15:92,15:92,15:92,15:92,15:92,same,same,same,same,same,same,same
15,93,15:93,15:93,15:93,15:93,15:93,15:93,15:93,same,same,same,same,same,same,same
15,94,15:94,15:94,15:94,15:94,15:94,15:94,15:94,same,same,same,same,same,same,same
15,95,15:95,15:95,15:95,15:95,15:95,15:95,15:95,same,same,same,same,same,same,same
15,96,15:96,15:96,15:96,15:96,15:96,15:96,15:96,same,same,same,same,same,same,same
15,97,15:97,15:97,15:97,15:97,15:97,15:97,15:97,same,same,same,same,same,same,same
15,98,15:98,15:98,15:98,15:98,15:98,15:98,15:98,same,same,same,same,same,same,same
15,99,15:99,15:99,15:99,15:99,15:99,15:99,15:99,same,same,same,same,same,same,same
16,1,16:1,16:1,16:1,16:1,16:1,16:1,16:1,same,same,same,same,same,same,same
16,2,16:2,16:2,16:2,16:2,16:2,16:2,16:2,same,same,same,same,same,same,same
16,3,16:3,16:3,16:3,16:3,16:3,16:3,16:3,same,same,same,same,same,same,same
16,4,16:4,16:4,16:4,16:4,16:4,16:4,16:4,same,same,same,same,same,same,same
16,5,16:5,16:5,16:5,16:5,16:5,16:5,16:5,same,same,same,same,same,same,same
16,6,16:6,16:6,16:6,16:6,16:6,16:6,16:6,same,same,same,same,same,same,same
16,7,16:7,16:7,16:7,16:7,16:7,16:7,16:7,same,same,same,same,same,same,same
16,8,16:8,16:8,16:8,16:8,16:8,16:8,16:8,same,same,same,same,same,same,same
16,9,16:9,16:9,16:9,16:9,16:9,16:9,16:9,same,same,same,same,same,same,same
16,10,16:10,16:10,16:10,16:10,16:10,16:10,16:10,same,same,same,same,same,same,same
16,11,16:11,16:11,16:11,16:11,16:11,16:11,16:11,same,same,same,same,same,same,same
16,12,16:12,16:12,16:12,16:12,16:12,16:12,16:12,same,same,same,same,same,same,same
16,13,16:13,16:13,16:13,16:13,16:13,16:13,16:13,same,same,same,same,same,same,same
16,14,16:14,16:14,16:14,16:14,16:14,16:14,16:14,same,same,same,same,same,same,same
16,15,16:15,16:15,16:15,16:15,16:15,16:15,16:15,same,same,same,same,same,same,same
16,16,16:16,16:16,16:16,16:16,16:16,16:16,16:16,same,same,same,same,same,same,same
16,17,16:17,16:17,16:17,16:17,16:17,16:17,16:17,same,same,same,same,same,same,same
16,18,16:18,16:18,16:18,16:18,16:18,16:18,16:18,same,same,same,same,same,same,same
16,19,16:19,16:19,16:19,16:19,16:19,16:19,16:19,same,same,same,same,same,same,same
16,20,16:20,16:20,16:20,16:20,16:20,16:20,16:20,same,same,same,same,same,same,same
16,21,16:21,16:21,16:21,16:21,16:21,16:21,16:21,same,same,same,same,same,same,same
16,22,16:22,16:22,16:22,16:22,16:22,16:22,16:22,same,same,same,same,same,same,same
16,23,16:23,16:23,16:23,16:23,16:23,16:23,16:23,same,same,same,same,same,same,same
16,24,16:24,16:24,16:24,16:24,16:24,16:24,16:24,same,same,same,same,same,same,same
16,25,16:25,16:25,16:25,16:25,16:25,16:25,16:25,same,same,same,same,same,same,same
16,26,16:26,16:26,16:26,16:26,16:26,16:26,16:26,same,same,same,same,same,same,same
16,27,16:27,16:27,16:27,16:27,16:27,16:27,16:27,same,same,same,same,same,same,same
16,28,16:28,16:28,16:28,16:28,16:28,16:28,16:28,same,same,same,same,same,same,same
16,29,16:29,16:29,16:29,16:29,16:29,16:29,16:29,same,same,same,same,same,same,same
16,30,16:30,16:30,16:30,16:30,16:30,16:30,16:30,same,same,same,same,same,same,same
16,31,16:31,16:31,16:31,16:31,16:31,16:31,16:31,same,same,same,same,same,same,same
16,32,16:32,16:32,16:32,16:32,16:32,16:32,16:32,same,same,same,same,same,same,same
16,33,16:33,16:33,16:33,16:33,16:33,16:33,16:33,same,same,same,same,same,same,same
16,34,16:34,16:34,16:34,16:34,16:34,16:34,16:34,same,same,same,same,same,same,same
16,35,16:35,16:35,16:35,16:35,16:35,16:35,16:35,same,same,same,same,same,same,same
16,36,16:36,16:36,16:36,16:36,16:36,16:36,16:36,same,same,same,same,same,same,same
16,37,16:37,16:37,16:37,16:37,16:37,16:37,16:37,same,same,same,same,same,same,same
16,38,16:38,16:38,16:38,16:38,16:38,16:38,16:38,same,same,same,same,same,same,same
16,39,16:39,16:39,16:39,16:39,16:39,16:39,16:39,same,same,same,same,same,same,same
16,40,16:40,16:40,16:40,16:40,16:40,16:40,16:40,same,same,same,same,same,same,same
16,41,16:41,16:41,16:41,16:41,16:41,16:41,16:41,same,same,same,same,same,same,same
16,42,16:42,16:42,16:42,16:42,16:42,16:42,16:42,same,same,same,same,same,same,same
16,43,16:43,16:43,16:43,16:43,16:43,16:43,16:43,same,same,same,same,same,same,same
16,44,16:44,16:44,16:44,16:44,16:44,16:44,16:44,same,same,same,same,same,same,same
16,45,16:45,16:45,16:45,16:45,16:45,16:45,16:45,same,same,same,same,same,same,same
16,46,16:46,16:46,16:46,16:46,16:46,16:46,16:46,same,same,same,same,same,same,same
16,47,16:47,16:47,16:47,16:47,16:47,16:47,16:47,same,same,same,same,same,same,same
16,48,16:48,16:48,16:48,16:48,16:48,16:48,16:48,same,same,same,same,same,same,same
16,49,16:49,16:49,16:49,16:49,16:49,16:49,16:49,same,same,same,same,same,same,same
16,50,16:50,16:50,16:50,16:50,16:50,16:50,16:50,same,same,same,same,same,same,same
16,51,16:51,16:51,16:51,16:51,16:51,16:51,16:51,same,same,same,same,same,same,same
16,52,16:52,16:52,16:52,16:52,16:52,16:52,16:52,same,same,same,same,same,same,same
16,53,16:53,16:53,16:53,16:53,16:53,16:53,16:53,same,same,same,same,same,same,same
16,54,16:54,16:54,16:54,16:54,16:54,16:54,16:54,same,same,same,same,same,same,same
16,55,16:55,16:55,16:55,16:55,16:55,16:55,16:55,same,same,same,same,same,same,same
16,56,16:56,16:56,16:56,16:56,16:56,16:56,16:56,same,same,same,same,same,same,same
16,57,16:57,16:57,16:57,16:57,16:57,16:57,16:57,same,same,same,same,same,same,same
16,58,16:58,16:58,16:58,16:58,16:58,16:58,16:58,same,same,same,same,same,same,same
16,59,16:59,16:59,16:59,16:59,16:59,16:59,16:59,same,same,same,same,same,same,same
16,60,16:60,16:60,16:60,16:60,16:60,16:60,16:60,same,same,same,same,same,same,same
16,61,16:61,16:61,16:61,16:61,16:61,16:61,16:61,same,same,same,same,same,same,same
16,62,16:62,16:62,16:62,16:62,16:62,16:62,16:62,same,same,same,same,same,same,same
16,63,16:63,16:63,16:63,16:63,16:63,16:63,16:63,same,same,same,same,same,same,same
16,64,16:64,16:64,16:64,16:64,16:64,16:64,16:64,same,same,same,same,same,same,same
16,65,16:65,16:65,16:65,16:65,16:65,16:65,16:65,same,same,same,same,same,same,same
16,66,16:66,16:66,16:66,16:66,16:66,16:66,16:66,same,same,same,same,same,same,same
16,67,16:67,16:67,16:67,16:67,16:67,16:67,16:67,same,same,same,same,same,same,same
16,68,16:68,16:68,16:68,16:68,16:68,16:68,16:68,same,same,same,same,same,same,same
16,69,16:69,16:69,16:69,16:69,16:69,16:69,16:69,same,same,same,same,same,same,same
16,70,16:70,16:70,16:70,16:70,16:70,16:70,16:70,same,same,same,same,same,same,same
16,71,16:71,16:71,16:71,16:71,16:71,16:71,16:71,same,same,same,same,same,same,same
16,72,16:72,16:72,16:72,16:72,16:72,16:72,16:72,same,same,same,same,same,same,same
16,73,16:73,16:73,16:73,16:73,16:73,16:73,16:73,same,same,same,same,same,same,same
16,74,16:74,16:74,16:74,16:74,16:74,16:74,16:74,same,same,same,same,same,same,same
16,75,16:75,16:75,16:75,16:75,16:75,16:75,16:75,same,same,same,same,same,same,same
16,76,16:76,16:76,16:76,16:76,16:76,16:76,16:76,same,same,same,same,same,same,same
16,77,16:77,16:77,16:77,16:77,16:77,16:77,16:77,same,same,same,same,same,same,same
16,78,16:78,16:78,16:78,16:78,16:78,16:78,16:78,same,same,same,same,same,same,same
16,79,16:79,16:79,16:79,16:79,16:79,16:79,16:79,same,same,same,same,same,same,same
16,80,16:80,16:80,16:80,16:80,16:80,16:80,16:80,same,same,same,same,same,same,same
16,81,16:81,16:81,16:81,16:81,16:81,16:81,16:81,same,same,same,same,same,same,same
16,82,16:82,16:82,16:82,16:82,16:82,16:82,16:82,same,same,same,same,same,same,same
16,83,16:83,16:83,16:83,16:83,16:83,16:83,16:83,same,same,same,same,same,same,same
16,84,16:84,16:84,16:84,16:84,16:84,16:84,16:84,same,same,same,same,same,same,same
16,85,16:85,16:85,16:85,16:85,16:85,16:85,16:85,same,same,same,same,same,same,same
16,86,16:86,16:86,16:86,16:86,16:86,16:86,16:86,same,same,same,same,same,same,same
16,87,16:87,16:87,16:87,16:87,16:87,16:87,16:87,same,same,same,same,same,same,same
16,88,16:88,16:88,16:88,16:88,16:88,16:88,16:88,same,same,same,same,same,same,same
16,89,16:89,16:89,16:89,16:89,16:89,16:89,16:89,same,same,same,same,same,same,same
16,90,16:90,16:90,16:90,16:90,16:90,16:90,16:90,same,same,same,same,same,same,same
16,91,16:91,16:91,16:91,16:91,16:91,16:91,16:91,same,same,same,same,same,same,same
16,92,16:92,16:92,16:92,16:92,16:92,16:92,16:92,same,same,same,same,same,same,same
16,93,16:93,16:93,16:93,16:93,16:93,16:93,16:93,same,same,same,same,same,same,same
16,94,16:94,16:94,16:94,16:94,16:94,16:94,16:94,same,same,same,same,same,same,same
16,95,16:95,16:95,16:95,16:95,16:95,16:95,16:95,same,same,same,same,same,same,same
16,96,16:96,16:96,16:96,16:96,16:96,16:96,16:96,same,same,same,same,same,same,same
16,97,16:97,16:97,16:97,16:97,16:97,16:97,16:97,same,same,same,same,same,same,same
16,98,16:98,16:98,16:98,16:98,16:98,16:98,16:98,same,same,same,same,same,same,same
16,99,16:99,16:99,16:99,16:99,16:99,16:99,16:99,same,same,same,same,same,same,same
16,100,16:100,16:100,16:100,16:100,16:100,16:100,16:100,same,same,same,same,same,same,same
16,101,16:101,16:101,16:101,16:101,16:101,16:101,16:101,same,same,same,same,same,same,same
16,102,16:102,16:102,16:102,16:102,16:102,16:102,16:102,same,same,same,same,same,same,same
16,103,16:103,16:103,16:103,16:103,16:103,16:103,16:103,same,same,same,same,same,same,same
16,104,16:104,16:104,16:104,16:104,16:104,16:104,16:104,same,same,same,same,same,same,same
16,105,16:105,16:105,16:105,16:105,16:105,16:105,16:105,same,same,same,same,same,same,same
16,106,16:106,16:106,16:106,16:106,16:106,16:106,16:106,same,same,same,same,same,same,same
16,107,16:107,16:107,16:107,16:107,16:107,16:107,16:107,same,same,same,same,same,same,same
16,108,16:108,16:108,16:108,16:108,16:108,16:108,16:108,same,same,same,same,same,same,same
16,109,16:109,16:109,16:109,16:109,16:109,16:109,16:109,same,same,same,same,same,same,same
16,110,16:110,16:110,16:110,16:110,16:110,16:110,16:110,same,same,same,same,same,same,same
16,111,16:111,16:111,16:111,16:111,16:111,16:111,16:111,same,same,same,same,same,same,same
16,112,16:112,16:112,16:112,16:112,16:112,16:112,16:112,same,same,same,same,same,same,same
16,113,16:113,16:113,16:113,16:113,16:113,16:113,16:113,same,same,same,same,same,same,same
16,114,16:114,16:114,16:114,16:114,16:114,16:114,16:114,same,same,same,same,same,same,same
16,115,16:115,16:115,16:115,16:115,16:115,16:115,16:115,same,same,same,same,same,same,same
16,116,16:116,16:116,16:116,16:116,16:116,16:116,16:116,same,same,same,same,same,same,same
16,117,16:117,16:117,16:117,16:117,16:117,16:117,16:117,same,same,same,same,same,same,same
16,118,16:118,16:118,16:118,16:118,16:118,16:118,16:118,same,same,same,same,same,same,same
16,119,16:119,16:119,16:119,16:119,16:119,16:119,16:119,same,same,same,same,same,same,same
16,120,16:120,16:120,16:120,16:120,16:120,16:120,16:120,same,same,same,same,same,same,same
16,121,16:121,16:121,16:121,16:121,16:121,16:121,16:121,same,same,same,same,same,same,same
16,122,16:122,16:122,16:122,16:122,16:122,16:122,16:122,same,same,same,same,same,same,same
16,123,16:123,16:123,16:123,16:123,16:123,16:123,16:123,same,same,same,same,same,same,same
16,124,16:124,16:124,16:124,16:124,16:124,16:124,16:124,same,same,same,same,same,same,same
16,125,16:125,16:125,16:125,16:125,16:125,16:125,16:125,same,same,same,same,same,same,same
16,126,16:126,16:126,16:126,16:126,16:126,16:126,16:126,same,same,same,same,same,same,same
16,127,16:127,16:127,16:127,16:127,16:127,16:127,16:127,same,same,same,same,same,same,same
16,128,16:128,16:128,16:128,16:128,16:128,16:128,16:128,same,same,same,same,same,same,same
17,1,17:1,17:1,17:1,17:1,17:1,17:1,17:1,same,same,same,same,same,same,same
17,2,17:2,17:2,17:2,17:2,17:2,17:2,17:2,same,same,same,same,same,same,same
17,3,17:3,17:3,17:3,17:3,17:3,17:3,17:3,same,same,same,same,same,same,same
17,4,17:4,17:4,17:4,17:4,17:4,17:4,17:4,same,same,same,same,same,same,same
17,5,17:5,17:5,17:5,17:5,17:5,17:5,17:5,same,same,same,same,same,same,same
17,6,17:6,17:6,17:6,17:6,17:6,17:6,17:6,same,same,same,same,same,same,same
17,7,17:7,17:7,17:7,17:7,17:7,17:7,17:7,same,same,same,same,same,same,same
17,8,17:8,17:8,17:8,17:8,17:8,17:8,17:8,same,same,same,same,same,same,same
17,9,17:9,17:9,17:9,17:9,17:9,17:9,17:9,same,same,same,same,same,same,same
17,10,17:10,17:10,17:10,17:10,17:10,17:10,17:10,same,same,same,same,same,same,same
17,11,17:11,17:11,17:11,17:11,17:11,17:11,17:11,same,same,same,same,same,same,same
17,12,17:12,17:12,17:12,17:12,17:12,17:12,17:12,same,same,same,same,same,same,same
17,13,17:13,17:13,17:13,17:13,17:13,17:13,17:13,same,same,same,same,same,same,same
17,14,17:14,17:14,17:14,17:14,17:14,17:14,17:14,same,same,same,same,same,same,same
17,15,17:15,17:15,17:15,17:15,17:15,17:15,17:15,same,same,same,same,same,same,same
17,16,17:16,17:16,17:16,17:16,17:16,17:16,17:16,same,same,same,same,same,same,same
17,17,17:17,17:17,17:17,17:17,17:17,17:17,17:17,same,same,same,same,same,same,same
17,18,17:18,17:18,17:18,17:18,17:18,17:18,17:18,same,same,same,same,same,same,same
17,19,17:19,17:19,17:19,17:19,17:19,17:19,17:19,same,same,same,same,same,same,same
17,20,17:20,17:20,17:20,17:20,17:20,17:20,17:20,same,same,same,same,same,same,same
17,21,17:21,17:21,17:21,17:21,17:21,17:21,17:21,same,same,same,same,same,same,same
17,22,17:22,17:22,17:22,17:22,17:22,17:22,17:22,same,same,same,same,same,same,same
17,23,17:23,17:23,17:23,17:23,17:23,17:23,17:23,same,same,same,same,same,same,same
17,24,17:24,17:24,17:24,17:24,17:24,17:24,17:24,same,same,same,same,same,same,same
17,25,17:25,17:25,17:25,17:25,17:25,17:25,17:25,same,same,same,same,same,same,same
17,26,17:26,17:26,17:26,17:26,17:26,17:26,17:26,same,same,same,same,same,same,same
17,27,17:27,17:27,17:27,17:27,17:27,17:27,17:27,same,same,same,same,same,same,same
17,28,17:28,17:28,17:28,17:28,17:28,17:28,17:28,same,same,same,same,same,same,same
17,29,17:29,17:29,17:29,17:29,17:29,17:29,17:29,same,same,same,same,same,same,same
17,30,17:30,17:30,17:30,17:30,17:30,17:30,17:30,same,same,same,same,same,same,same
17,31,17:31,17:31,17:31,17:31,17:31,17:31,17:31,same,same,same,same,same,same,same
17,32,17:32,17:32,17:32,17:32,17:32,17:32,17:32,same,same,same,same,same,same,same
17,33,17:33,17:33,17:33,17:33,17:33,17:33,17:33,same,same,same,same,same,same,same
17,34,17:34,17:34,17:34,17:34,17:34,17:34,17:34,same,same,same,same,same,same,same
17,35,17:35,17:35,17:35,17:35,17:35,17:35,17:35,same,same,same,same,same,same,same
17,36,17:36,17:36,17:36,17:36,17:36,17:36,17:36,same,same,same,same,same,same,same
17,37,17:37,17:37,17:37,17:37,17:37,17:37,17:37,same,same,same,same,same,same,same
17,38,17:38,17:38,17:38,17:38,17:38,17:38,17:38,same,same,same,same,same,same,same
17,39,17:39,17:39,17:39,17:39,17:39,17:39,17:39,same,same,same,same,same,same,same
17,40,17:40,17:40,17:40,17:40,17:40,17:40,17:40,same,same,same,same,same,same,same
17,41,17:41,17:41,17:41,17:41,17:41,17:41,17:41,same,same,same,same,same,same,same
17,42,17:42,17:42,17:42,17:42,17:42,17:42,17:42,same,same,same,same,same,same,same
17,43,17:43,17:43,17:43,17:43,17:43,17:43,17:43,same,same,same,same,same,same,same
17,44,17:44,17:44,17:44,17:44,17:44,17:44,17:44,same,same,same,same,same,same,same
17,45,17:45,17:45,17:45,17:45,17:45,17:45,17:45,same,same,same,same,same,same,same
17,46,17:46,17:46,17:46,17:46,17:46,17:46,17:46,same,same,same,same,same,same,same
17,47,17:47,17:47,17:47,17:47,17:47,17:47,17:47,same,same,same,same,same,same,same
17,48,17:48,17:48,17:48,17:48,17:48,17:48,17:48,same,same,same,same,same,same,same
17,49,17:49,17:49,17:49,17:49,17:49,17:49,17:49,same,same,same,same,same,same,same
17,50,17:50,17:50,17:50,17:50,17:50,17:50,17:50,same,same,same,same,same,same,same
17,51,17:51,17:51,17:51,17:51,17:51,17:51,17:51,same,same,same,same,same,same,same
17,52,17:52,17:52,17:52,17:52,17:52,17:52,17:52,same,same,same,same,same,same,same
17,53,17:53,17:53,17:53,17:53,17:53,17:53,17:53,same,same,same,same,same,same,same
17,54,17:54,17:54,17:54,17:54,17:54,17:54,17:54,same,same,same,same,same,same,same
17,55,17:55,17:55,17:55,17:55,17:55,17:55,17:55,same,same,same,same,same,same,same
17,56,17:56,17:56,17:56,17:56,17:56,17:56,17:56,same,same,same,same,same,same,same
17,57,17:57,17:57,17:57,17:57,17:57,17:57,17:57,same,same,same,same,same,same,same
17,58,17:58,17:58,17:58,17:58,17:58,17:58,17:58,same,same,same,same,same,same,same
17,59,17:59,17:59,17:59,17:59,17:59,17:59,17:59,same,same,same,same,same,same,same
17,60,17:60,17:60,17:60,17:60,17:60,17:60,17:60,same,same,same,same,same,same,same
17,61,17:61,17:61,17:61,17:61,17:61,17:61,17:61,same,same,same,same,same,same,same
17,62,17:62,17:62,17:62,17:62,17:62,17:62,17:62,same,same,same,same,same,same,same
17,63,17:63,17:63,17:63,17:63,17:63,17:63,17:63,same,same,same,same,same,same,same
17,64,17:64,17:64,17:64,17:64,17:64,17:64,17:64,same,same,same,same,same,same,same
17,65,17:65,17:65,17:65,17:65,17:65,17:65,17:65,same,same,same,same,same,same,same
17,66,17:66,17:66,17:66,17:66,17:66,17:66,17:66,same,same,same,same,same,same,same
17,67,17:67,17:67,17:67,17:67,17:67,17:67,17:67,same,same,same,same,same,same,same
17,68,17:68,17:68,17:68,17:68,17:68,17:68,17:68,same,same,same,same,same,same,same
17,69,17:69,17:69,17:69,17:69,17:69,17:69,17:69,same,same,same,same,same,same,same
17,70,17:70,17:70,17:70,17:70,17:70,17:70,17:70,same,same,same,same,same,same,same
17,71,17:71,17:71,17:71,17:71,17:71,17:71,17:71,same,same,same,same,same,same,same
17,72,17:72,17:72,17:72,17:72,17:72,17:72,17:72,same,same,same,same,same,same,same
17,73,17:73,17:73,17:73,17:73,17:73,17:73,17:73,same,same,same,same,same,same,same
17,74,17:74,17:74,17:74,17:74,17:74,17:74,17:74,same,same,same,same,same,same,same
17,75,17:75,17:75,17:75,17:75,17:75,17:75,17:75,same,same,same,same,same,same,same
17,76,17:76,17:76,17:76,17:76,17:76,17:76,17:76,same,same,same,same,same,same,same
17,77,17:77,17:77,17:77,17:77,17:77,17:77,17:77,same,same,same,same,same,same,same
17,78,17:78,17:78,17:78,17:78,17:78,17:78,17:78,same,same,same,same,same,same,same
17,79,17:79,17:79,17:79,17:79,17:79,17:79,17:79,same,same,same,same,same,same,same
17,80,17:80,17:80,17:80,17:80,17:80,17:80,17:80,same,same,same,same,same,same,same
17,81,17:81,17:81,17:81,17:81,17:81,17:81,17:81,same,same,same,same,same,same,same
17,82,17:82,17:82,17:82,17:82,17:82,17:82,17:82,same,same,same,same,same,same,same
17,83,17:83,17:83,17:83,17:83,17:83,17:83,17:83,same,same,same,same,same,same,same
17,84,17:84,17:84,17:84,17:84,17:84,17:84,17:84,same,same,same,same,same,same,same
17,85,17:85,17:85,17:85,17:85,17:85,17:85,17:85,same,same,same,same,same,same,same
17,86,17:86,17:86,17:86,17:86,17:86,17:86,17:86,same,same,same,same,same,same,same
17,87,17:87,17:87,17:87,17:87,17:87,17:87,17:87,same,same,same,same,same,same,same
17,88,17:88,17:88,17:88,17:88,17:88,17:88,17:88,same,same,same,same,same,same,same
17,89,17:89,17:89,17:89,17:89,17:89,17:89,17:89,same,same,same,same,same,same,same
17,90,17:90,17:90,17:90,17:90,17:90,17:90,17:90,same,same,same,same,same,same,same
17,91,17:91,17:91,17:91,17:91,17:91,17:91,17:91,same,same,same,same,same,same,same
17,92,17:92,17:92,17:92,17:92,17:92,17:92,17:92,same,same,same,same,same,same,same
17,93,17:93,17:93,17:93,17:93,17:93,17:93,17:93,same,same,same,same,same,same,same
17,94,17:94,17:94,17:94,17:94,17:94,17:94,17:94,same,same,same,same,same,same,same
17,95,17:95,17:95,17:95,17:95,17:95,17:95,17:95,same,same,same,same,same,same,same
17,96,17:96,17:96,17:96,17:96,17:96,17:96,17:96,same,same,same,same,same,same,same
17,97,17:97,17:97,17:97,17:97,17:97,17:97,17:97,same,same,same,same,same,same,same
17,98,17:98,17:98,17:98,17:98,17:98,17:98,17:98,same,same,same,same,same,same,same
17,99,17:99,17:99,17:99,17:99,17:99,17:99,17:99,same,same,same,same,same,same,same
17,100,17:100,17:100,17:100,17:100,17:100,17:100,17:100,same,same,same,same,same,same,same
17,101,17:101,17:101,17:101,17:101,17:101,17:101,17:101,same,same,same,same,same,same,same
17,102,17:102,17:102,17:102,17:102,17:102,17:102,17:102,same,same,same,same,same,same,same
17,103,17:103,17:103,17:103,17:103,17:103,17:103,17:103,same,same,same,same,same,same,same
17,104,17:104,17:104,17:104,17:104,17:104,17:104,17:104,same,same,same,same,same,same,same
17,105,17:105,17:105,17:105,17:105,17:105,17:105,17:105,same,same,same,same,same,same,same
17,106,17:106,17:106,17:106,17:106,17:106,17:106,17:106,same,same,same,same,same,same,same
17,107,17:107,17:107,17:107,17:107,17:107,17:107,17:107,same,same,merged,merged,merged,merged,merged
17,108,17:108,17:108,17:107,17:107,17:107,17:107,17:107,same,same,merged,merged,merged,merged,merged
17,109,17:109,17:109,17:108,17:108,17:108,17:108,17:108,same,same,same,same,same,same,same
17,110,17:110,17:110,17:109,17:109,17:109,17:109,17:109,same,same,same,same,same,same,same
17,111,17:111,17:111,17:110,17:110,17:110,17:110,17:110,same,same,same,same,same,same,same
18,1,18:1,18:1,18:1,18:1,18:1,18:1,18:1,same,same,same,same,same,same,same
18,2,18:2,18:2,18:2,18:2,18:2,18:2,18:2,same,same,same,same,same,same,same
18,3,18:3,18:3,18:3,18:3,18:3,18:3,18:3,same,same,same,same,same,same,same
18,4,18:4,18:4,18:4,18:4,18:4,18:4,18:4,same,same,same,same,same,same,same
18,5,18:5,18:5,18:5,18:5,18:5,18:5,18:5,same,same,same,same,same,same,same
18,6,18:6,18:6,18:6,18:6,18:6,18:6,18:6,same,same,same,same,same,same,same
18,7,18:7,18:7,18:7,18:7,18:7,18:7,18:7,same,same,same,same,same,same,same
18,8,18:8,18:8,18:8,18:8,18:8,18:8,18:8,same,same,same,same,same,same,same
18,9,18:9,18:9,18:9,18:9,18:9,18:9,18:9,same,same,same,same,same,same,same
18,10,18:10,18:10,18:10,18:10,18:10,18:10,18:10,same,same,same,same,same,same,same
18,11,18:11,18:11,18:11,18:11,18:11,18:11,18:11,same,same,same,same,same,same,same
18,12,18:12,18:12,18:12,18:12,18:12,18:12,18:12,same,same,same,same,same,same,same
18,13,18:13,18:13,18:13,18:13,18:13,18:13,18:13,same,same,same,same,same,same,same
18,14,18:14,18:14,18:14,18:14,18:14,18:14,18:14,same,same,same,same,same,same,same
18,15,18:15,18:15,18:15,18:15,18:15,18:15,18:15,same,same,same,same,same,same,same
18,16,18:16,18:16,18:16,18:16,18:16,18:16,18:16,same,same,same,same,same,same,same
18,17,18:17,18:17,18:17,18:17,18:17,18:17,18:17,same,same,same,same,same,same,same
18,18,18:18,18:18,18:18,18:18,18:18,18:18,18:18,same,same,same,same,same,same,same
18,19,18:19,18:19,18:19,18:19,18:19,18:19,18:19,same,same,same,same,same,same,same
18,20,18:20,18:20,18:20,18:20,18:20,18:20,18:20,same,same,same,same,same,same,same
18,21,18:21,18:21,18:21,18:21,18:21,18:21,18:21,same,same,same,same,same,same,same
18,22,18:22,18:22,18:22,18:22-23,18:22-23,18:22,18:22,same,same,same,split,split,same,same
18,23,18:23,18:23,18:23,18:24,18:24,18:23,18:23,same,same,same,merged,merged,same,same
18,24,18:24,18:24,18:24,18:24,18:24,18:24,18:24,same,same,same,merged,merged,same,same
18,25,18:25,18:25,18:25,18:25,18:25,18:25,18:25,same,same,same,same,same,same,same
18,26,18:26,18:26,18:26,18:26,18:26,18:26,18:26,same,same,same,same,same,same,same
18,27,18:27,18:27,18:27,18:27,18:27,18:27,18:27,same,same,same,same,same,same,same
18,28,18:28,18:28,18:28,18:28,18:28,18:28,18:28,same,same,same,same,same,same,same
18,29,18:29,18:29,18:29,18:29,18:29,18:29,18:29,same,same,same,same,same,same,same
18,30,18:30,18:30,18:30,18:30,18:30,18:30,18:30,same,same,same,same,same,same,same
18,31,18:31,18:31,18:31,18:31,18:31,18:31,18:31,same,same,same,same,same,same,same
18,32,18:32,18:32,18:32,18:32,18:32,18:32,18:32,same,same,merged,same,same,merged,merged
18,33,18:33,18:33,18:32,18:33,18:33,18:32,18:32,same,same,merged,same,same,merged,merged
18,34,18:34,18:34,18:33,18:34,18:34,18:33,18:33,same,same,same,same,same,same,same
18,35,18:35,18:35,18:34,18:35,18:35,18:34,18:34,same,same,same,merged,merged,same,same
18,36,18:36,18:36,18:35,18:35,18:35,18:35,18:35,same,same,same,merged,merged,same,same
18,37,18:37,18:37,18:36,18:36,18:36,18:36,18:36,same,same,same,same,same,same,same
18,38,18:38,18:38,18:37,18:37,18:37,18:37,18:37,same,same,same,same,same,same,same
18,39,18:39,18:39,18:38,18:38,18:38,18:38,18:38,same,same,same,same,same,same,same
18,40,18:40,18:40,18:39,18:39,18:39,18:39,18:39,same,same,same,same,same,same,same
18,41,18:41,18:41,18:40,18:40,18:40,18:40,18:40,same,same,same,same,same,same,same
18,42,18:42,18:42,18:41,18:41,18:41,18:41,18:41,same,same,same,same,same,same,same
18,43,18:43,18:43,18:42,18:42,18:42,18:42,18:42,same,same,same,same,same,same,same
18,44,18:44,18:44,18:43,18:43,18:43,18:43,18:43,same,same,same,same,same,same,same
18,45,18:45,18:45,18:44,18:44,18:44,18:44,18:44,same,same,same,same,same,same,same
18,46,18:46,18:46,18:45,18:45,18:45,18:45,18:45,same,same,same,same,same,same,same
18,47,18:47,18:47,18:46,18:46,18:46,18:46,18:46,same,same,same,same,same,same,same
18,48,18:48,18:48,18:47,18:47,18:47,18:47,18:47,same,same,same,same,same,same,same
18,49,18:49,18:49,18:48,18:48,18:48,18:48,18:48,same,same,same,same,same,same,same
18,50,18:50,18:50,18:49,18:49,18:49,18:49,18:49,same,same,same,same,same,same,same
18,51,18:51,18:51,18:50,18:50,18:50,18:50,18:50,same,same,same,same,same,same,same
18,52,18:52,18:52,18:51,18:51,18:51,18:51,18:51,same,same,same,same,same,same,same
18,53,18:53,18:53,18:52,18:52,18:52,18:52,18:52,same,same,same,same,same,same,same
18,54,18:54,18:54,18:53,18:53,18:53,18:53,18:53,same,same,same,same,same,same,same
18,55,18:55,18:55,18:54,18:54,18:54,18:54,18:54,same,same,same,same,same,same,same
18,56,18:56,18:56,18:55,18:55,18:55,18:55,18:55,same,same,same,same,same,same,same
18,57,18:57,18:57,18:56,18:56,18:56,18:56,18:56,same,same,same,same,same,same,same
18,58,18:58,18:58,18:57,18:57,18:57,18:57,18:57,same,same,same,same,same,same,same
18,59,18:59,18:59,18:58,18:58,18:58,18:58,18:58,same,same,same,same,same,same,same
18,60,18:60,18:60,18:59,18:59,18:59,18:59,18:59,same,same,same,same,same,same,same
18,61,18:61,18:61,18:60,18:60,18:60,18:60,18:60,same,same,same,same,same,same,same
18,62,18:62,18:62,18:61,18:61,18:61,18:61,18:61,same,same,same,same,same,same,same
18,63,18:63,18:63,18:62,18:62,18:62,18:62,18:62,same,same,same,same,same,same,same
18,64,18:64,18:64,18:63,18:63,18:63,18:63,18:63,same,same,same,same,same,same,same
18,65,18:65,18:65,18:64,18:64,18:64,18:64,18:64,same,same,same,same,same,same,same
18,66,18:66,18:66,18:65,18:65,18:65,18:65,18:65,same,same,same,same,same,same,same
18,67,18:67,18:67,18:66,18:66,18:66,18:66,18:66,same,same,same,same,same,same,same
18,68,18:68,18:68,18:67,18:67,18:67,18:67,18:67,same,same,same,same,same,same,same
18,69,18:69,18:69,18:68,18:68,18:68,18:68,18:68,same,same,same,same,same,same,same
18,70,18:70,18:70,18:69,18:69,18:69,18:69,18:69,same,same,same,same,same,same,same
18,71,18:71,18:71,18:70,18:70,18:70,18:70,18:70,same,same,same,same,same,same,same
18,72,18:72,18:72,18:71,18:71,18:71,18:71,18:71,same,same,same,same,same,same,same
18,73,18:73,18:73,18:72,18:72,18:72,18:72,18:72,same,same,same,same,same,same,same
18,74,18:74,18:74,18:73,18:73,18:73,18:73,18:73,same,same,same,same,same,same,same
18,75,18:75,18:75,18:74,18:74,18:74,18:74,18:74,same,same,same,same,same,same,same
18,76,18:76,18:76,18:75,18:75,18:75,18:75,18:75,same,same,same,same,same,same,same
18,77,18:77,18:77,18:76,18:76,18:76,18:76,18:76,same,same,same,same,same,same,same
18,78,18:78,18:78,18:77,18:77,18:77,18:77,18:77,same,same,same,same,same,same,same
18,79,18:79,18:79,18:78,18:78,18:78,18:78,18:78,same,same,same,same,same,same,same
18,80,18:80,18:80,18:79,18:79,18:79,18:79,18:79,same,same,same,same,same,same,same
18,81,18:81,18:81,18:80,18:80,18:80,18:80,18:80,same,same,same,same,same,same,same
18,82,18:82,18:82,18:81,18:81,18:81,18:81,18:81,same,same,same,same,same,same,same
18,83,18:83,18:83,18:82,18:82,18:82,18:82,18:82,same,same,same,same,same,same,same
18,84,18:84,18:84,18:83,18:83,18:83,18:83,18:83,same,same,merged,same,same,merged,merged
18,85,18:85,18:85,18:83,18:84,18:84,18:83,18:83,same,same,merged,merged,merged,merged,merged
18,86,18:86,18:86,18:83-84,18:84,18:84,18:83-84,18:83-84,same,same,split,merged,merged,split,split
18,87,18:87,18:87,18:85,18:85,18:85,18:85,18:85,same,same,same,same,same,same,same
18,88,18:88,18:88,18:86,18:86,18:86,18:86,18:86,same,same,same,same,same,same,same
18,89,18:89,18:89,18:87,18:87,18:87,18:87,18:87,same,same,merged,merged,merged,merged,merged
18,90,18:90,18:90,18:87,18:87,18:87,18:87,18:87,same,same,merged,merged,merged,merged,merged
18,91,18:91,18:91,18:88,18:88,18:88,18:88,18:88,same,same,same,same,same,same,same
18,92,18:92,18:92,18:89,18:89,18:89,18:89,18:89,same,same,merged,merged,merged,merged,merged
18,93,18:93,18:93,18:89,18:89,18:89,18:89,18:89,same,same,merged,merged,merged,merged,merged
18,94,18:94,18:94,18:90,18:90,18:90,18:90,18:90,same,same,same,same,same,same,same
18,95,18:95,18:95,18:91,18:91,18:91,18:91,18:91,same,same,same,same,same,same,same
18,96,18:96,18:96,18:92,18:92,18:92,18:92,18:92,same,same,same,same,same,same,same
18,97,18:97,18:97,18:93,18:93,18:93,18:93,18:93,same,same,same,same,same,same,same
18,98,18:98,18:98,18:94,18:94,18:94,18:94,18:94,same,same,same,same,same,same,same
18,99,18:99,18:99,18:95,18:95,18:95,18:95,18:95,same,same,same,same,same,same,same
18,100,18:100,18:100,18:96,18:96,18:96,18:96,18:96,same,same,same,same,same,same,same
18,101,18:101,18:101,18:97,18:97,18:97,18:97,18:97,same,same,same,same,same,same,same
18,102,18:102,18:102,18:98,18:98,18:98,18:98,18:98,same,same,same,same,same,same,same
18,103,18:103,18:103,18:99,18:99,18:99,18:99,18:99,same,same,merged,merged,merged,merged,merged
18,104,18:104,18:104,18:99,18:99,18:99,18:99,18:99,same,same,merged,merged,merged,merged,merged
18,105,18:105,18:105,18:100,18:100,18:100,18:100,18:100,same,same,same,same,same,same,same
18,106,18:106,18:106,18:101,18:101,18:101,18:101,18:101,same,same,same,same,same,same,same
18,107,18:107,18:107,18:102,18:102,18:102,18:102,18:102,same,same,same,same,same,same,same
18,108,18:108,18:108,18:103,18:103,18:103,18:103,18:103,same,same,same,same,same,same,same
18,109,18:109,18:109,18:104,18:104,18:104,18:104,18:104,same,same,same,same,same,same,same
18,110,18:110,18:110,18:105,18:105,18:105,18:105,18:105,same,same,same,same,same,same,same
19,1,19:1,19:1,19:1,19:1,19:1,19:1,19:1,same,same,merged,merged,merged,merged,merged
19,2,19:2,19:2,19:1,19:1,19:1,19:1,19:1,same,same,merged,merged,merged,merged,merged
19,3,19:3,19:3,19:2,19:2,19:2,19:2,19:2,same,same,same,same,same,same,same
19,4,19:4,19:4,19:3,19:3,19:3,19:3,19:3,same,same,same,same,same,same,same
19,5,19:5,19:5,19:4,19:4,19:4,19:4,19:4,same,same,same,same,same,same,same
19,6,19:6,19:6,19:5,19:5,19:5,19:5,19:5,same,same,same,same,same,same,same
19,7,19:7,19:7,19:6,19:6,19:6,19:6,19:6,same,same,same,same,same,same,same
19,8,19:8,19:8,19:7,19:7,19:7,19:7,19:7,same,same,same,same,same,same,same
19,9,19:9,19:9,19:8,19:8,19:8,19:8,19:8,same,same,same,same,same,same,same
19,10,19:10,19:10,19:9,19:9,19:9,19:9,19:9,same,same,same,same,same,same,same
19,11,19:11,19:11,19:10,19:10,19:10,19:10,19:10,same,same,same,same,same,same,same
19,12,19:12,19:12,19:11,19:11,19:11,19:11,19:11,same,same,same,same,same,same,same
19,13,19:13,19:13,19:12,19:12,19:12,19:12,19:12,same,same,same,same,same,same,same
19,14,19:14,19:14,19:13,19:13,19:13,19:13,19:13,same,same,same,same,same,same,same
19,15,19:15,19:15,19:14,19:14,19:14,19:14,19:14,same,same,same,same,same,same,same
19,16,19:16,19:16,19:15,19:15,19:15,19:15,19:15,same,same,same,same,same,same,same
19,17,19:17,19:17,19:16,19:16,19:16,19:16,19:16,same,same,same,same,same,same,same
19,18,19:18,19:18,19:17,19:17,19:17,19:17,19:17,same,same,same,same,same,same,same
19,19,19:19,19:19,19:18,19:18,19:18,19:18,19:18,same,same,same,same,same,same,same
19,20,19:20,19:20,19:19,19:19,19:19,19:19,19:19,same,same,same,same,same,same,same
19,21,19:21,19:21,19:20,19:20,19:20,19:20,19:20,same,same,same,same,same,same,same
19,22,19:22,19:22,19:21,19:21,19:21,19:21,19:21,same,same,same,same,same,same,same
19,23,19:23,19:23,19:22,19:22,19:22,19:22,19:22,same,same,same,same,same,same,same
19,24,19:24,19:24,19:23,19:23,19:23,19:23,19:23,same,same,same,same,same,same,same
19,25,19:25,19:25,19:24,19:24,19:24,19:24,19:24,same,same,same,same,same,same,same
19,26,19:26,19:26,19:25,19:25,19:25,19:25,19:25,same,same,same,same,same,same,same
19,27,19:27,19:27,19:26,19:26,19:26,19:26,19:26,same,same,same,same,same,same,same
19,28,19:28,19:28,19:27,19:27,19:27,19:27,19:27,same,same,same,same,same,same,same
19,29,19:29,19:29,19:28,19:28,19:28,19:28,19:28,same,same,same,same,same,same,same
19,30,19:30,19:30,19:29,19:29,19:29,19:29,19:29,same,same,same,same,same,same,same
19,31,19:31,19:31,19:30,19:30,19:30,19:30,19:30,same,same,same,same,same,same,same
19,32,19:32,19:32,19:31,19:31,19:31,19:31,19:31,same,same,same,same,same,same,same
19,33,19:33,19:33,19:32,19:32,19:32,19:32,19:32,same,same,same,same,same,same,same
19,34,19:34,19:34,19:33,19:33,19:33,19:33,19:33,same,same,same,same,same,same,same
19,35,19:35,19:35,19:34,19:34,19:34,19:34,19:34,same,same,same,same,same,same,same
19,36,19:36,19:36,19:35,19:35,19:35,19:35,19:35,same,same,same,same,same,same,same
19,37,19:37,19:37,19:36,19:36,19:36,19:36,19:36,same,same,same,same,same,same,same
19,38,19:38,19:38,19:37,19:37,19:37,19:37,19:37,same,same,same,same,same,same,same
19,39,19:39,19:39,19:38,19:38,19:38,19:38,19:38,same,same,same,same,same,same,same
19,40,19:40,19:40,19:39,19:39,19:39,19:39,19:39,same,same,same,same,same,same,same
19,41,19:41,19:41,19:40-41,19:40-41,19:40-41,19:40,19:40,same,same,split,split,split,same,same
19,42,19:42,19:42,19:42,19:42,19:42,19:41,19:41,same,same,same,same,same,same,same
19,43,19:43,19:43,19:43,19:43,19:43,19:42,19:42,same,same,same,same,same,same,same
19,44,19:44,19:44,19:44,19:44,19:44,19:43,19:43,same,same,same,same,same,same,same
19,45,19:45,19:45,19:45,19:45,19:45,19:44,19:44,same,same,same,same,same,same,same
19,46,19:46,19:46,19:46,19:46,19:46,19:45,19:45,same,same,same,same,same,same,same
19,47,19:47,19:47,19:47,19:47,19:47,19:46,19:46,same,same,same,same,same,same,same
19,48,19:48,19:48,19:48,19:48,19:48,19:47,19:47,same,same,same,same,same,same,same
19,49,19:49,19:49,19:49,19:49,19:49,19:48,19:48,same,same,same,same,same,same,same
19,50,19:50,19:50,19:50,19:50,19:50,19:49,19:49,same,same,same,same,same,same,same
19,51,19:51,19:51,19:51,19:51,19:51,19:50,19:50,same,same,same,same,same,same,same
19,52,19:52,19:52,19:52,19:52,19:52,19:51,19:51,same,same,same,same,same,same,same
19,53,19:53,19:53,19:53,19:53,19:53,19:52,19:52,same,same,same,same,same,same,same
19,54,19:54,19:54,19:54,19:54,19:54,19:53,19:53,same,same,same,same,same,same,same
19,55,19:55,19:55,19:55,19:55,19:55,19:54,19:54,same,same,same,same,same,same,same
19,56,19:56,19:56,19:56,19:56,19:56,19:55,19:55,same,same,same,same,same,same,same
19,57,19:57,19:57,19:57,19:57,19:57,19:56,19:56,same,same,same,same,same,same,same
19,58,19:58,19:58,19:58,19:58,19:58,19:57,19:57,same,same,same,same,same,same,same
19,59,19:59,19:59,19:59,19:59,19:59,19:58,19:58,same,same,same,same,same,same,same
19,60,19:60,19:60,19:60,19:60,19:60,19:59,19:59,same,same,same,same,same,same,same
19,61,19:61,19:61,19:61,19:61,19:61,19:60,19:60,same,same,same,same,same,same,same
19,62,19:62,19:62,19:62,19:62,19:62,19:61,19:61,same,same,same,same,same,same,same
19,63,19:63,19:63,19:63,19:63,19:63,19:62,19:62,same,same,same,same,same,same,same
19,64,19:64,19:64,19:64,19:64,19:64,19:63,19:63,same,same,same,same,same,same,same
19,65,19:65,19:65,19:65,19:65,19:65,19:64,19:64,same,same,same,same,same,same,same
19,66,19:66,19:66,19:66,19:66,19:66,19:65,19:65,same,same,same,same,same,same,same
19,67,19:67,19:67,19:67,19:67,19:67,19:66,19:66,same,same,same,same,same,same,same
19,68,19:68,19:68,19:68,19:68,19:68,19:67,19:67,same,same,same,same,same,same,same
19,69,19:69,19:69,19:69,19:69,19:69,19:68,19:68,same,same,same,same,same,same,same
19,70,19:70,19:70,19:70,19:70,19:70,19:69,19:69,same,same,same,same,same,same,same
19,71,19:71,19:71,19:71,19:71,19:71,19:70,19:70,same,same,same,same,same,same,same
19,72,19:72,19:72,19:72,19:72,19:72,19:71,19:71,same,same,same,same,same,same,same
19,73,19:73,19:73,19:73,19:73,19:73,19:72,19:72,same,same,same,same,same,same,same
19,74,19:74,19:74,19:74,19:74,19:74,19:73,19:73,same,same,same,same,same,same,same
19,75,19:75,19:75,19:75-76,19:75-76,19:75-76,19:74-75,19:74-75,same,same,split,split,split,split,split
19,76,19:76,19:76,19:77,19:77,19:77,19:76,19:76,same,same,same,same,same,same,same
19,77,19:77,19:77,19:78,19:78,19:78,19:77,19:77,same,same,same,same,same,same,same
19,78,19:78,19:78,19:79,19:79,19:79,19:78,19:78,same,same,same,same,same,same,same
19,79,19:79,19:79,19:80,19:80,19:80,19:79,19:79,same,same,same,same,same,same,same
19,80,19:80,19:80,19:81,19:81,19:81,19:80,19:80,same,same,same,same,same,same,same
19,81,19:81,19:81,19:82,19:82,19:82,19:81,19:81,same,same,same,same,same,same,same
19,82,19:82,19:82,19:83,19:83,19:83,19:82,19:82,same,same,same,same,same,same,same
19,83,19:83,19:83,19:84,19:84,19:84,19:83,19:83,same,same,same,same,same,same,same
19,84,19:84,19:84,19:85,19:85,19:85,19:84,19:84,same,same,same,same,same,same,same
19,85,19:85,19:85,19:86,19:86,19:86,19:85,19:85,same,same,same,same,same,same,same
19,86,19:86,19:86,19:87,19:87,19:87,19:86,19:86,same,same,same,same,same,same,same
19,87,19:87,19:87,19:88,19:88,19:88,19:87,19:87,same,same,same,same,same,same,same
19,88,19:88,19:88,19:89,19:89,19:89,19:88,19:88,same,same,same,same,same,same,same
19,89,19:89,19:89,19:90,19:90,19:90,19:89,19:89,same,same,same,same,same,same,same
19,90,19:90,19:90,19:91,19:91,19:91,19:90,19:90,same,same,same,same,same,same,same
19,91,19:91,19:91,19:92,19:92,19:92,19:91,19:91,same,same,same,same,same,same,same
19,92,19:92,19:92,19:93,19:93,19:93,19:92,19:92,same,same,same,same,same,same,same
19,93,19:93,19:93,19:94,19:94,19:94,19:93,19:93,same,same,same,same,same,same,same
19,94,19:94,19:94,19:95,19:95,19:95,19:94,19:94,same,same,same,same,same,same,same
19,95,19:95,19:95,19:96,19:96,19:96,19:95,19:95,same,same,same,same,same,same,same
19,96,19:96,19:96,19:97,19:97,19:97,19:96,19:96,same,same,same,same,same,same,same
19,97,19:97,19:97,19:98,19:98,19:98,19:97,19:97,same,same,same,same,same,same,same
19,98,19:98,19:98,19:99,19:99,19:99,19:98,19:98,same,same,same,same,same,same,same
20,1,20:1,20:1,20:1,20:1,20:1,20:1,20:1,same,same,merged,merged,merged,merged,merged
20,2,20:2,20:2,20:1,20:1,20:1,20:1,20:1,same,same,merged,merged,merged,merged,merged
20,3,20:3,20:3,20:2,20:2,20:2,20:2,20:2,same,same,same,same,same,same,same
20,4,20:4,20:4,20:3,20:3,20:3,20:3,20:3,same,same,same,same,same,same,same
20,5,20:5,20:5,20:4,20:4,20:4,20:4,20:4,same,same,same,same,same,same,same
20,6,20:6,20:6,20:5,20:5,20:5,20:5,20:5,same,same,same,same,same,same,same
20,7,20:7,20:7,20:6,20:6,20:6,20:6,20:6,same,same,same,same,same,same,same
20,8,20:8,20:8,20:7,20:7,20:7,20:7,20:7,same,same,same,same,same,same,same
20,9,20:9,20:9,20:8,20:8,20:8,20:8,20:8,same,same,same,same,same,same,same
20,10,20:10,20:10,20:9,20:9,20:9,20:9,20:9,same,same,same,same,same,same,same
20,11,20:11,20:11,20:10,20:10,20:10,20:10,20:10,same,same,same,same,same,same,same
20,12,20:12,20:12,20:11,20:11,20:11,20:11,20:11,same,same,same,same,same,same,same
20,13,20:13,20:13,20:12,20:12,20:12,20:12,20:12,same,same,same,same,same,same,same
20,14,20:14,20:14,20:13,20:13,20:13,20:13,20:13,same,same,same,same,same,same,same
20,15,20:15,20:15,20:14,20:14,20:14,20:14,20:14,same,same,same,same,same,same,same
20,16,20:16,20:16,20:15,20:15,20:15,20:15,20:15,same,same,same,same,same,same,same
20,17,20:17,20:17,20:16,20:16,20:16,20:16,20:16,same,same,same,same,same,same,same
20,18,20:18,20:18,20:17,20:17,20:17,20:17,20:17,same,same,same,same,same,same,same
20,19,20:19,20:19,20:18,20:18,20:18,20:18,20:18,same,same,same,same,same,same,same
20,20,20:20,20:20,20:19,20:19,20:19,20:19,20:19,same,same,same,same,same,same,same
20,21,20:21,20:21,20:20,20:20,20:20,20:20,20:20,same,same,same,same,same,same,same
20,22,20:22,20:22,20:21,20:21,20:21,20:21,20:21,same,same,same,same,same,same,same
20,23,20:23,20:23,20:22,20:22,20:22,20:22,20:22,same,same,same,same,same,same,same
20,24,20:24,20:24,20:23,20:23,20:23,20:23,20:23,same,same,same,same,same,same,same
20,25,20:25,20:25,20:24,20:24,20:24,20:24,20:24,same,same,same,same,same,same,same
20,26,20:26,20:26,20:25,20:25,20:25,20:25,20:25,same,same,same,same,same,same,same
20,27,20:27,20:27,20:26,20:26,20:26,20:26,20:26,same,same,same,same,same,same,same
20,28,20:28,20:28,20:27,20:27,20:27,20:27,20:27,same,same,same,same,same,same,same
20,29,20:29,20:29,20:28,20:28,20:28,20:28,20:28,same,same,same,same,same,same,same
20,30,20:30,20:30,20:29,20:29,20:29,20:29,20:29,same,same,same,same,same,same,same
20,31,20:31,20:31,20:30,20:30,20:30,20:30,20:30,same,same,same,same,same,same,same
20,32,20:32,20:32,20:31,20:31,20:31,20:31,20:31,same,same,same,same,same,same,same
20,33,20:33,20:33,20:32,20:32,20:32,20:32,20:32,same,same,same,same,same,same,same
20,34,20:34,20:34,20:33,20:33,20:33,20:33,20:33,same,same,same,same,same,same,same
20,35,20:35,20:35,20:34,20:34,20:34,20:34,20:34,same,same,same,same,same,same,same
20,36,20:36,20:36,20:35,20:35,20:35,20:35,20:35,same,same,same,same,same,same,same
20,37,20:37,20:37,20:36,20:36,20:36,20:36,20:36,same,same,same,same,same,same,same
20,38,20:38,20:38,20:37,20:37,20:37,20:37,20:37,same,same,same,same,same,same,same
20,39,20:39,20:39,20:38-39,20:38-39,20:38-39,20:38-39,20:38-39,same,same,split,split,split,split,split
20,40,20:40,20:40,20:40,20:40,20:40,20:40,20:40,same,same,same,same,same,same,same
20,41,20:41,20:41,20:41,20:41,20:41,20:41,20:41,same,same,merged,merged,merged,merged,merged
20,42,20:42,20:42,20:41,20:41,20:41,20:41,20:41,same,same,merged,merged,merged,merged,merged
20,43,20:43,20:43,20:42,20:42,20:42,20:42,20:42,same,same,same,same,same,same,same
20,44,20:44,20:44,20:43,20:43,20:43,20:43,20:43,same,same,same,same,same,same,same
20,45,20:45,20:45,20:44,20:44,20:44,20:44,20:44,same,same,same,same,same,same,same
20,46,20:46,20:46,20:45,20:45,20:45,20:45,20:45,same,same,same,same,same,same,same
20,47,20:47,20:47,20:46,20:46,20:46,20:46,20:46,same,same,same,same,same,same,same
20,48,20:48,20:48,20:47,20:47,20:47,20:47,20:47,same,same,same,same,same,same,same
20,49,20:49,20:49,20:48,20:48,20:48,20:48,20:48,same,same,same,same,same,same,same
20,50,20:50,20:50,20:49,20:49,20:49,20:49,20:49,same,same,same,same,same,same,same
20,51,20:51,20:51,20:50,20:50,20:50,20:50,20:50,same,same,same,same,same,same,same
20,52,20:52,20:52,20:51,20:51,20:51,20:51,20:51,same,same,same,same,same,same,same
20,53,20:53,20:53,20:52,20:52,20:52,20:52,20:52,same,same,same,same,same,same,same
20,54,20:54,20:54,20:53,20:53,20:53,20:53,20:53,same,same,same,same,same,same,same
20,55,20:55,20:55,20:54,20:54,20:54,20:54,20:54,same,same,same,same,same,same,same
20,56,20:56,20:56,20:55,20:55,20:55,20:55,20:55,same,same,same,same,same,same,same
20,57,20:57,20:57,20:56,20:56,20:56,20:56,20:56,same,same,same,same,same,same,same
20,58,20:58,20:58,20:57,20:57,20:57,20:57,20:57,same,same,same,same,same,same,same
20,59,20:59,20:59,20:58,20:58,20:58,20:58,20:58,same,same,same,same,same,same,same
20,60,20:60,20:60,20:59,20:59,20:59,20:59,20:59,same,same,same,same,same,same,same
20,61,20:61,20:61,20:60,20:60,20:60,20:60,20:60,same,same,same,same,same,same,same
20,62,20:62,20:62,20:61,20:61,20:61,20:61,20:61,same,same,same,same,same,same,same
20,63,20:63,20:63,20:62,20:62,20:62,20:62,20:62,same,same,same,same,same,same,same
20,64,20:64,20:64,20:63,20:63,20:63,20:63,20:63,same,same,same,same,same,same,same
20,65,20:65,20:65,20:64,20:64,20:64,20:64,20:64,same,same,same,same,same,same,same
20,66,20:66,20:66,20:65,20:65,20:65,20:65,20:65,same,same,same,same,same,same,same
20,67,20:67,20:67,20:66,20:66,20:66,20:66,20:66,same,same,same,same,same,same,same
20,68,20:68,20:68,20:67,20:67,20:67,20:67,20:67,same,same,same,same,same,same,same
20,69,20:69,20:69,20:68,20:68,20:68,20:68,20:68,same,same,same,same,same,same,same
20,70,20:70,20:70,20:69,20:69,20:69,20:69,20:69,same,same,same,same,same,same,same
20,71,20:71,20:71,20:70,20:70,20:70,20:70,20:70,same,same,same,same,same,same,same
20,72,20:72,20:72,20:71,20:71,20:71,20:71,20:71,same,same,same,same,same,same,same
20,73,20:73,20:73,20:72,20:72,20:72,20:72,20:72,same,same,same,same,same,same,same
20,74,20:74,20:74,20:73,20:73,20:73,20:73,20:73,same,same,same,same,same,same,same
20,75,20:75,20:75,20:74,20:74,20:74,20:74,20:74,same,same,same,same,same,same,same
20,76,20:76,20:76,20:75,20:75,20:75,20:75,20:75,same,same,same,same,same,same,same
20,77,20:77,20:77,20:76,20:76,20:76,20:76,20:76,same,same,same,same,same,same,same
20,78,20:78,20:78,20:77,20:77,20:77,20:77,20:77,same,same,merged,merged,merged,merged,merged
20,79,20:79,20:79,20:77,20:77,20:77,20:77,20:77,same,same,merged,merged,merged,merged,merged
20,80,20:80,20:80,20:78,20:78,20:78,20:78,20:78,same,same,same,same,same,same,same
20,81,20:81,20:81,20:79,20:79,20:79,20:79,20:79,same,same,same,same,same,same,same
20,82,20:82,20:82,20:80,20:80,20:80,20:80,20:80,same,same,same,same,same,same,same
20,83,20:83,20:83,20:81,20:81,20:81,20:81,20:81,same,same,same,same,same,same,same
20,84,20:84,20:84,20:82,20:82,20:82,20:82,20:82,same,same,same,same,same,same,same
20,85,20:85,20:85,20:83,20:83,20:83,20:83,20:83,same,same,same,same,same,same,same
20,86,20:86,20:86,20:84-85,20:84-85,20:84-85,20:84-85,20:84-85,same,same,split,split,split,split,split
20,87,20:87,20:87,20:86,20:86,20:86,20:86,20:86,same,same,same,merged,merged,same,same
20,88,20:88,20:88,20:87-88,20:86,20:86,20:87-88,20:87-88,same,same,split,merged,merged,split,split
20,89,20:89,20:89,20:88,20:87-88,20:87-88,20:88,20:88,same,same,merged,split,split,merged,merged
20,90,20:90,20:90,20:89,20:89,20:89,20:89,20:89,same,same,same,same,same,same,same
20,91,20:91,20:91,20:90,20:90,20:90,20:90,20:90,same,same,same,same,same,same,same
20,92,20:92,20:92,20:91,20:91,20:91,20:91,20:91,same,same,merged,merged,merged,merged,merged
20,93,20:93,20:93,20:91,20:91,20:91,20:91,20:91,same,same,merged,merged,merged,merged,merged
20,94,20:94,20:94,20:92,20:92,20:92,20:92,20:92,same,same,same,same,same,same,same
20,95,20:95,20:95,20:93,20:93,20:93,20:93,20:93,same,same,same,same,same,same,same
20,96,20:96,20:96,20:94,20:94,20:94,20:94,20:94,same,same,same,same,same,same,same
20,97,20:97,20:97,20:95,20:95,20:95,20:95,20:95,same,same,same,same,same,same,same
20,98,20:98,20:98,20:96,20:96,20:96,20:96,20:96,same,same,same,same,same,same,same
20,99,20:99,20:99,20:97,20:97,20:97,20:97,20:97,same,same,same,same,same,same,same
20,100,20:100,20:100,20:98,20:98,20:98,20:98,20:98,same,same,same,same,same,same,same
20,101,20:101,20:101,20:99,20:99,20:99,20:99,20:99,same,same,same,same,same,same,same
20,102,20:102,20:102,20:100,20:100,20:100,20:100,20:100,same,same,same,same,same,same,same
20,103,20:103,20:103,20:101,20:101,20:101,20:101,20:101,same,same,same,same,same,same,same
20,104,20:104,20:104,20:102,20:102,20:102,20:102,20:102,same,same,same,same,same,same,same
20,105,20:105,20:105,20:103,20:103,20:103,20:103,20:103,same,same,same,same,same,same,same
20,106,20:106,20:106,20:104,20:104,20:104,20:104,20:104,same,same,merged,merged,merged,merged,merged
20,107,20:107,20:107,20:104,20:104,20:104,20:104,20:104,same,same,merged,merged,merged,merged,merged
20,108,20:108,20:108,20:105,20:105,20:105,20:105,20:105,same,same,same,same,same,same,same
20,109,20:109,20:109,20:106,20:106,20:106,20:106,20:106,same,same,same,same,same,same,same
20,110,20:110,20:110,20:107,20:107,20:107,20:107,20:107,same,same,same,same,same,same,same
20,111,20:111,20:111,20:108,20:108,20:108,20:108,20:108,same,same,same,same,same,same,same
20,112,20:112,20:112,20:109,20:109,20:109,20:109,20:109,same,same,same,same,same,same,same
20,113,20:113,20:113,20:110,20:110,20:110,20:110,20:110,same,same,same,same,same,same,same
20,114,20:114,20:114,20:111,20:111,20:111,20:111,20:111,same,same,same,same,same,same,same
20,115,20:115,20:115,20:112,20:112,20:112,20:112,20:112,same,same,same,same,same,same,same
20,116,20:116,20:116,20:113,20:113,20:113,20:113,20:113,same,same,same,same,same,same,same
20,117,20:117,20:117,20:114,20:114,20:114,20:114,20:114,same,same,same,same,same,same,same
20,118,20:118,20:118,20:115,20:115,20:115,20:115,20:115,same,same,same,same,same,same,same
20,119,20:119,20:119,20:116,20:116,20:116,20:116,20:116,same,same,same,same,same,same,same
20,120,20:120,20:120,20:117,20:117,20:117,20:117,20:117,same,same,same,same,same,same,same
20,121,20:121,20:121,20:118,20:118,20:118,20:118,20:118,same,same,same,same,same,same,same
20,122,20:122,20:122,20:119,20:119,20:119,20:119,20:119,same,same,same,same,same,same,same
20,123,20:123,20:123,20:120-121,20:120-121,20:120-121,20:120-121,20:120-121,same,same,split,split,split,split,split
20,124,20:124,20:124,20:122,20:122,20:122,20:122,20:122,same,same,same,same,same,same,same
20,125,20:125,20:125,20:123,20:123,20:123,20:123,20:123,same,same,same,same,same,same,same
20,126,20:126,20:126,20:124,20:124,20:124,20:124,20:124,same,same,same,same,same,same,same
20,127,20:127,20:127,20:125,20:125,20:125,20:125,20:125,same,same,same,same,same,same,same
20,128,20:128,20:128,20:126,20:126,20:126,20:126,20:126,same,same,same,same,same,same,same
20,129,20:129,20:129,20:127,20:127,20:127,20:127,20:127,same,same,same,same,same,same,same
20,130,20:130,20:130,20:128,20:128,20:128,20:128,20:128,same,same,same,same,same,same,same
20,131,20:131,20:131,20:129-130,20:129-130,20:129-130,20:129-130,20:129-130,same,same,split,split,split,split,split
20,132,20:132,20:132,20:131,20:131,20:131,20:131,20:131,same,same,same,same,same,same,same
20,133,20:133,20:133,20:132,20:132,20:132,20:132,20:132,same,same,same,same,same,same,same
20,134,20:134,20:134,20:133,20:133,20:133,20:133,20:133,same,same,same,same,same,same,same
20,135,20:135,20:135,20:134,20:134,20:134,20:134,20:134,same,same,same,same,same,same,same
21,1,21:1,21:1,21:1,21:1,21:1,21:1,21:1,same,same,same,same,same,same,same
21,2,21:2,21:2,21:2,21:2,21:2,21:2,21:2,same,same,same,same,same,same,same
21,3,21:3,21:3,21:3,21:3,21:3,21:3,21:3,same,same,same,same,same,same,same
21,4,21:4,21:4,21:4,21:4,21:4,21:4,21:4,same,same,same,same,same,same,same
21,5,21:5,21:5,21:5,21:5,21:5,21:5,21:5,same,same,same,same,same,same,same
21,6,21:6,21:6,21:6,21:6,21:6,21:6,21:6,same,same,same,same,same,same,same
21,7,21:7,21:7,21:7,21:7,21:7,21:7,21:7,same,same,same,same,same,same,same
21,8,21:8,21:8,21:8,21:8,21:8,21:8,21:8,same,same,same,same,same,same,same
21,9,21:9,21:9,21:9,21:9,21:9,21:9,21:9,same,same,same,same,same,same,same
21,10,21:10,21:10,21:10,21:10,21:10,21:10,21:10,same,same,same,same,same,same,same
21,11,21:11,21:11,21:11,21:11,21:11,21:11,21:11,same,same,same,same,same,same,same
21,12,21:12,21:12,21:12,21:12,21:12,21:12,21:12,same,same,same,same,same,same,same
21,13,21:13,21:13,21:13,21:13,21:13,21:13,21:13,same,same,same,same,same,same,same
21,14,21:14,21:14,21:14,21:14,21:14,21:14,21:14,same,same,same,same,same,same,same
21,15,21:15,21:15,21:15,21:15,21:15,21:15,21:15,same,same,same,same,same,same,same
21,16,21:16,21:16,21:16,21:16,21:16,21:16,21:16,same,same,same,same,same,same,same
21,17,21:17,21:17,21:17,21:17,21:17,21:17,21:17,same,same,same,same,same,same,same
21,18,21:18,21:18,21:18,21:18,21:18,21:18,21:18,same,same,same,same,same,same,same
21,19,21:19,21:19,21:19,21:19,21:19,21:19,21:19,same,same,same,same,same,same,same
21,20,21:20,21:20,21:20,21:20,21:20,21:20,21:20,same,same,same,same,same,same,same
21,21,21:21,21:21,21:21,21:21,21:21,21:21,21:21,same,same,same,same,same,same,same
21,22,21:22,21:22,21:22,21:22,21:22,21:22,21:22,same,same,same,same,same,same,same
21,23,21:23,21:23,21:23,21:23,21:23,21:23,21:23,same,same,same,same,same,same,same
21,24,21:24,21:24,21:24,21:24,21:24,21:24,21:24,same,same,same,same,same,same,same
21,25,21:25,21:25,21:25,21:25,21:25,21:25,21:25,same,same,same,same,same,same,same
21,26,21:26,21:26,21:26,21:26,21:26,21:26,21:26,same,same,same,same,same,same,same
21,27,21:27,21:27,21:27,21:27,21:27,21:27,21:27,same,same,same,same,same,same,same
21,28,21:28,21:28,21:28,21:28,21:28,21:28,21:28,same,same,same,same,same,same,same
21,29,21:29,21:29,21:29,21:29,21:29,21:29,21:29,same,same,same,same,same,same,same
21,30,21:30,21:30,21:30,21:30,21:30,21:30,21:30,same,same,same,same,same,same,same
21,31,21:31,21:31,21:31,21:31,21:31,21:31,21:31,same,same,same,same,same,same,same
21,32,21:32,21:32,21:32,21:32,21:32,21:32,21:32,same,same,same,same,same,same,same
21,33,21:33,21:33,21:33,21:33,21:33,21:33,21:33,same,same,same,same,same,same,same
21,34,21:34,21:34,21:34,21:34,21:34,21:34,21:34,same,same,same,same,same,same,same
21,35,21:35,21:35,21:35,21:35,21:35,21:35,21:35,same,same,same,same,same,same,same
21,36,21:36,21:36,21:36,21:36,21:36,21:36,21:36,same,same,same,same,same,same,same
21,37,21:37,21:37,21:37,21:37,21:37,21:37,21:37,same,same,same,same,same,same,same
21,38,21:38,21:38,21:38,21:38,21:38,21:38,21:38,same,same,same,same,same,same,same
21,39,21:39,21:39,21:39,21:39,21:39,21:39,21:39,same,same,same,same,same,same,same
21,40,21:40,21:40,21:40,21:40,21:40,21:40,21:40,same,same,same,same,same,same,same
21,41,21:41,21:41,21:41,21:41,21:41,21:41,21:41,same,same,same,same,same,same,same
21,42,21:42,21:42,21:42,21:42,21:42,21:42,21:42,same,same,same,same,same,same,same
21,43,21:43,21:43,21:43,21:43,21:43,21:43,21:43,same,same,same,same,same,same,same
21,44,21:44,21:44,21:44,21:44,21:44,21:44,21:44,same,same,same,same,same,same,same
21,45,21:45,21:45,21:45,21:45,21:45,21:45,21:45,same,same,same,same,same,same,same
21,46,21:46,21:46,21:46,21:46,21:46,21:46,21:46,same,same,same,same,same,same,same
21,47,21:47,21:47,21:47,21:47,21:47,21:47,21:47,same,same,same,same,same,same,same
21,48,21:48,21:48,21:48,21:48,21:48,21:48,21:48,same,same,same,same,same,same,same
21,49,21:49,21:49,21:49,21:49,21:49,21:49,21:49,same,same,same,same,same,same,same
21,50,21:50,21:50,21:50,21:50,21:50,21:50,21:50,same,same,same,same,same,same,same
21,51,21:51,21:51,21:51,21:51,21:51,21:51,21:51,same,same,same,same,same,same,same
21,52,21:52,21:52,21:52,21:52,21:52,21:52,21:52,same,same,same,same,same,same,same
21,53,21:53,21:53,21:53,21:53,21:53,21:53,21:53,same,same,same,same,same,same,same
21,54,21:54,21:54,21:54,21:54,21:54,21:54,21:54,same,same,same,same,same,same,same
21,55,21:55,21:55,21:55,21:55,21:55,21:55,21:55,same,same,same,same,same,same,same
21,56,21:56,21:56,21:56,21:56,21:56,21:56,21:56,same,same,same,same,same,same,same
21,57,21:57,21:57,21:57,21:57,21:57,21:57,21:57,same,same,same,same,same,same,same
21,58,21:58,21:58,21:58,21:58,21:58,21:58,21:58,same,same,same,same,same,same,same
21,59,21:59,21:59,21:59,21:59,21:59,21:59,21:59,same,same,same,same,same,same,same
21,60,21:60,21:60,21:60,21:60,21:60,21:60,21:60,same,same,same,same,same,same,same
21,61,21:61,21:61,21:61,21:61,21:61,21:61,21:61,same,same,same,same,same,same,same
21,62,21:62,21:62,21:62,21:62,21:62,21:62,21:62,same,same,same,same,same,same,same
21,63,21:63,21:63,21:63,21:63,21:63,21:63,21:63,same,same,same,same,same,same,same
21,64,21:64,21:64,21:64,21:64,21:64,21:64,21:64,same,same,same,same,same,same,same
21,65,21:65,21:65,21:65,21:65,21:65,21:65,21:65,same,same,same,same,same,same,same
21,66,21:66,21:66,21:66,21:66,21:66,21:66,21:66,same,same,merged,merged,merged,merged,merged
21,67,21:67,21:67,21:66,21:66,21:66,21:66,21:66,same,same,merged,merged,merged,merged,merged
21,68,21:68,21:68,21:67,21:67,21:67,21:67,21:67,same,same,same,same,same,same,same
21,69,21:69,21:69,21:68,21:68,21:68,21:68,21:68,same,same,same,same,same,same,same
21,70,21:70,21:70,21:69,21:69,21:69,21:69,21:69,same,same,same,same,same,same,same
21,71,21:71,21:71,21:70,21:70,21:70,21:70,21:70,same,same,same,same,same,same,same
21,72,21:72,21:72,21:71,21:71,21:71,21:71,21:71,same,same,same,same,same,same,same
21,73,21:73,21:73,21:72,21:72,21:72,21:72,21:72,same,same,same,same,same,same,same
21,74,21:74,21:74,21:73,21:73,21:73,21:73,21:73,same,same,same,same,same,same,same
21,75,21:75,21:75,21:74,21:74,21:74,21:74,21:74,same,same,same,same,same,same,same
21,76,21:76,21:76,21:75,21:75,21:75,21:75,21:75,same,same,same,same,same,same,same
21,77,21:77,21:77,21:76,21:76,21:76,21:76,21:76,same,same,same,same,same,same,same
21,78,21:78,21:78,21:77,21:77,21:77,21:77,21:77,same,same,same,same,same,same,same
21,79,21:79,21:79,21:78,21:78,21:78,21:78,21:78,same,same,same,same,same,same,same
21,80,21:80,21:80,21:79,21:79,21:79,21:79,21:79,same,same,same,same,same,same,same
21,81,21:81,21:81,21:80,21:80,21:80,21:80,21:80,same,same,same,same,same,same,same
21,82,21:82,21:82,21:81,21:81,21:81,21:81,21:81,same,same,same,same,same,same,same
21,83,21:83,21:83,21:82,21:82,21:82,21:82,21:82,same,same,same,same,same,same,same
21,84,21:84,21:84,21:83,21:83,21:83,21:83,21:83,same,same,same,same,same,same,same
21,85,21:85,21:85,21:84,21:84,21:84,21:84,21:84,same,same,same,same,same,same,same
21,86,21:86,21:86,21:85,21:85,21:85,21:85,21:85,same,same,same,same,same,same,same
21,87,21:87,21:87,21:86,21:86,21:86,21:86,21:86,same,same,same,same,same,same,same
21,88,21:88,21:88,21:87,21:87,21:87,21:87,21:87,same,same,same,same,same,same,same
21,89,21:89,21:89,21:88,21:88,21:88,21:88,21:88,same,same,same,same,same,same,same
21,90,21:90,21:90,21:89,21:89,21:89,21:89,21:89,same,same,same,same,same,same,same
21,91,21:91,21:91,21:90,21:90,21:90,21:90,21:90,same,same,same,same,same,same,same
21,92,21:92,21:92,21:91,21:91,21:91,21:91,21:91,same,same,same,same,same,same,same
21,93,21:93,21:93,21:92,21:92,21:92,21:92,21:92,same,same,same,same,same,same,same
21,94,21:94,21:94,21:93,21:93,21:93,21:93,21:93,same,same,same,same,same,same,same
21,95,21:95,21:95,21:94,21:94,21:94,21:94,21:94,same,same,same,same,same,same,same
21,96,21:96,21:96,21:95,21:95,21:95,21:95,21:95,same,same,same,same,same,same,same
21,97,21:97,21:97,21:96,21:96,21:96,21:96,21:96,same,same,same,same,same,same,same
21,98,21:98,21:98,21:97,21:97,21:97,21:97,21:97,same,same,same,same,same,same,same
21,99,21:99,21:99,21:98,21:98,21:98,21:98,21:98,same,same,same,same,same,same,same
21,100,21:100,21:100,21:99,21:99,21:99,21:99,21:99,same,same,same,same,same,same,same
21,101,21:101,21:101,21:100,21:100,21:100,21:100,21:100,same,same,same,same,same,same,same
21,102,21:102,21:102,21:101,21:101,21:101,21:101,21:101,same,same,same,same,same,same,same
21,103,21:103,21:103,21:102,21:102,21:102,21:102,21:102,same,same,same,same,same,same,same
21,104,21:104,21:104,21:103,21:103,21:103,21:103,21:103,same,same,same,same,same,same,same
21,105,21:105,21:105,21:104,21:104,21:104,21:104,21:104,same,same,same,same,same,same,same
21,106,21:106,21:106,21:105,21:105,21:105,21:105,21:105,same,same,same,same,same,same,same
21,107,21:107,21:107,21:106,21:106,21:106,21:106,21:106,same,same,same,same,same,same,same
21,108,21:108,21:108,21:107,21:107,21:107,21:107,21:107,same,same,same,same,same,same,same
21,109,21:109,21:109,21:108,21:108,21:108,21:108,21:108,same,same,same,same,same,same,same
21,110,21:110,21:110,21:109,21:109,21:109,21:109,21:109,same,same,same,same,same,same,same
21,111,21:111,21:111,21:110,21:110,21:110,21:110,21:110,same,same,same,same,same,same,same
21,112,21:112,21:112,21:111,21:111,21:111,21:111,21:111,same,same,same,same,same,same,same
22,1,22:1,22:1,22:1,22:1,22:1,22:1,22:1,same,same,same,same,same,same,same
22,2,22:2,22:2,22:2,22:2,22:2,22:2,22:2,same,same,same,same,same,same,same
22,3,22:3,22:3,22:3,22:3,22:3,22:3,22:3,same,same,same,same,same,same,same
22,4,22:4,22:4,22:4,22:4,22:4,22:4,22:4,same,same,same,same,same,same,same
22,5,22:5,22:5,22:5,22:5,22:5,22:5,22:5,same,same,same,same,same,same,same
22,6,22:6,22:6,22:6,22:6,22:6,22:6,22:6,same,same,same,same,same,same,same
22,7,22:7,22:7,22:7,22:7,22:7,22:7,22:7,same,same,same,same,same,same,same
22,8,22:8,22:8,22:8,22:8,22:8,22:8,22:8,same,same,same,same,same,same,same
22,9,22:9,22:9,22:9,22:9,22:9,22:9,22:9,same,same,same,same,same,same,same
22,10,22:10,22:10,22:10,22:10,22:10,22:10,22:10,same,same,same,same,same,same,same
22,11,22:11,22:11,22:11,22:11,22:11,22:11,22:11,same,same,same,same,same,same,same
22,12,22:12,22:12,22:12,22:12,22:12,22:12,22:12,same,same,same,same,same,same,same
22,13,22:13,22:13,22:13,22:13,22:13,22:13,22:13,same,same,same,same,same,same,same
22,14,22:14,22:14,22:14,22:14,22:14,22:14,22:14,same,same,same,same,same,same,same
22,15,22:15,22:15,22:15,22:15,22:15,22:15,22:15,same,same,same,same,same,same,same
22,16,22:16,22:16,22:16,22:16,22:16,22:16,22:16,same,same,same,same,same,same,same
22,17,22:17,22:17,22:17,22:17,22:17,22:17,22:17,same,same,same,same,same,same,same
22,18,22:18,22:18,22:18,22:18,22:18,22:18,22:18,same,same,same,same,same,same,same
22,19,22:19,22:19,22:19,22:19,22:19,22:19,22:19,same,same,merged,merged,merged,merged,merged
22,20,22:20,22:20,22:19,22:19,22:19,22:19,22:19,same,same,merged,merged,merged,merged,merged
22,21,22:21,22:21,22:19,22:19,22:19,22:19,22:19,same,same,merged,merged,merged,merged,merged
22,22,22:22,22:22,22:20,22:20,22:20,22:20,22:20,same,same,same,same,same,same,same
22,23,22:23,22:23,22:21,22:21,22:21,22:21,22:21,same,same,same,same,same,same,same
22,24,22:24,22:24,22:22,22:22,22:22,22:22,22:22,same,same,same,same,same,same,same
22,25,22:25,22:25,22:23,22:23,22:23,22:23,22:23,same,same,same,same,same,same,same
22,26,22:26,22:26,22:24,22:24,22:24,22:24,22:24,same,same,same,same,same,same,same
22,27,22:27,22:27,22:25,22:25,22:25,22:25,22:25,same,same,same,same,same,same,same
22,28,22:28,22:28,22:26,22:26,22:26,22:26,22:26,same,same,same,same,same,same,same
22,29,22:29,22:29,22:27,22:27,22:27,22:27,22:27,same,same,same,same,same,same,same
22,30,22:30,22:30,22:28,22:28,22:28,22:28,22:28,same,same,same,same,same,same,same
22,31,22:31,22:31,22:29,22:29,22:29,22:29,22:29,same,same,same,same,same,same,same
22,32,22:32,22:32,22:30,22:30,22:30,22:30,22:30,same,same,same,same,same,same,same
22,33,22:33,22:33,22:31,22:31,22:31,22:31,22:31,same,same,same,same,same,same,same
22,34,22:34,22:34,22:32,22:32,22:32,22:32,22:32,same,same,same,same,same,same,same
22,35,22:35,22:35,22:33,22:33,22:33,22:33,22:33,same,same,same,same,same,same,same
22,36,22:36,22:36,22:34,22:34,22:34,22:34,22:34,same,same,same,same,same,same,same
22,37,22:37,22:37,22:35,22:35,22:35,22:35,22:35,same,same,same,same,same,same,same
22,38,22:38,22:38,22:36,22:36,22:36,22:36,22:36,same,same,same,same,same,same,same
22,39,22:39,22:39,22:37,22:37,22:37,22:37,22:37,same,same,same,same,same,same,same
22,40,22:40,22:40,22:38,22:38,22:38,22:38,22:38,same,same,same,same,same,same,same
22,41,22:41,22:41,22:39,22:39,22:39,22:39,22:39,same,same,same,same,same,same,same
22,42,22:42,22:42,22:40,22:40,22:40,22:40,22:40,same,same,same,same,same,same,same
22,43,22:43,22:43,22:41,22:41,22:41,22:41,22:41,same,same,same,same,same,same,same
22,44,22:44,22:44,22:42,22:42,22:42,22:42,22:42,same,same,same,same,same,same,same
22,45,22:45,22:45,22:43,22:43,22:43,22:43,22:43,same,same,same,same,same,same,same
22,46,22:46,22:46,22:44,22:44,22:44,22:44,22:44,same,same,same,same,same,same,same
22,47,22:47,22:47,22:45,22:45,22:45,22:45,22:45,same,same,same,same,same,same,same
22,48,22:48,22:48,22:46,22:46,22:46,22:46,22:46,same,same,same,same,same,same,same
22,49,22:49,22:49,22:47,22:47,22:47,22:47,22:47,same,same,same,same,same,same,same
22,50,22:50,22:50,22:48,22:48,22:48,22:48,22:48,same,same,same,same,same,same,same
22,51,22:51,22:51,22:49,22:49,22:49,22:49,22:49,same,same,same,same,same,same,same
22,52,22:52,22:52,22:50,22:50,22:50,22:50,22:50,same,same,same,same,same,same,same
22,53,22:53,22:53,22:51,22:51,22:51,22:51,22:51,same,same,same,same,same,same,same
22,54,22:54,22:54,22:52,22:52,22:52,22:52,22:52,same,same,same,same,same,same,same
22,55,22:55,22:55,22:53,22:53,22:53,22:53,22:53,same,same,same,same,same,same,same
22,56,22:56,22:56,22:54,22:54,22:54,22:54,22:54,same,same,same,same,same,same,same
22,57,22:57,22:57,22:55,22:55,22:55,22:55,22:55,same,same,same,same,same,same,same
22,58,22:58,22:58,22:56,22:56,22:56,22:56,22:56,same,same,same,same,same,same,same
22,59,22:59,22:59,22:57,22:57,22:57,22:57,22:57,same,same,same,same,same,same,same
22,60,22:60,22:60,22:58,22:58,22:58,22:58,22:58,same,same,same,same,same,same,same
22,61,22:61,22:61,22:59,22:59,22:59,22:59,22:59,same,same,same,same,same,same,same
22,62,22:62,22:62,22:60,22:60,22:60,22:60,22:60,same,same,same,same,same,same,same
22,63,22:63,22:63,22:61,22:61,22:61,22:61,22:61,same,same,same,same,same,same,same
22,64,22:64,22:64,22:62,22:62,22:62,22:62,22:62,same,same,same,same,same,same,same
22,65,22:65,22:65,22:63,22:63,22:63,22:63,22:63,same,same,same,same,same,same,same
22,66,22:66,22:66,22:64,22:64,22:64,22:64,22:64,same,same,same,same,same,same,same
22,67,22:67,22:67,22:65,22:65,22:65,22:65,22:65,same,same,same,same,same,same,same
22,68,22:68,22:68,22:66,22:66,22:66,22:66,22:66,same,same,same,same,same,same,same
22,69,22:69,22:69,22:67,22:67,22:67,22:67,22:67,same,same,same,same,same,same,same
22,70,22:70,22:70,22:68,22:68,22:68,22:68,22:68,same,same,same,same,same,same,same
22,71,22:71,22:71,22:69,22:69,22:69,22:69,22:69,same,same,same,same,same,same,same
22,72,22:72,22:72,22:70,22:70,22:70,22:70,22:70,same,same,same,same,same,same,same
22,73,22:73,22:73,22:71,22:71,22:71,22:71,22:71,same,same,same,same,same,same,same
22,74,22:74,22:74,22:72,22:72,22:72,22:72,22:72,same,same,same,same,same,same,same
22,75,22:75,22:75,22:73,22:73,22:73,22:73,22:73,same,same,same,same,same,same,same
22,76,22:76,22:76,22:74,22:74,22:74,22:74,22:74,same,same,same,same,same,same,same
22,77,22:77,22:77,22:75,22:75,22:75,22:75,22:75,same,same,same,same,same,same,same
22,78,22:78,22:78,22:76-77,22:76,22:76,22:76,22:76,same,same,split,same,same,same,same
23,1,23:1,23:1,23:1,23:1,23:1,23:1,23:1,same,same,same,same,same,same,same
23,2,23:2,23:2,23:2,23:2,23:2,23:2,23:2,same,same,same,same,same,same,same
23,3,23:3,23:3,23:3,23:3,23:3,23:3,23:3,same,same,same,same,same,same,same
23,4,23:4,23:4,23:4,23:4,23:4,23:4,23:4,same,same,same,same,same,same,same
23,5,23:5,23:5,23:5,23:5,23:5,23:5,23:5,same,same,same,same,same,same,same
23,6,23:6,23:6,23:6,23:6,23:6,23:6,23:6,same,same,same,same,same,same,same
23,7,23:7,23:7,23:7,23:7,23:7,23:7,23:7,same,same,same,same,same,same,same
23,8,23:8,23:8,23:8,23:8,23:8,23:8,23:8,same,same,same,same,same,same,same
23,9,23:9,23:9,23:9,23:9,23:9,23:9,23:9,same,same,same,same,same,same,same
23,10,23:10,23:10,23:10,23:10,23:10,23:10,23:10,same,same,same,same,same,same,same
23,11,23:11,23:11,23:11,23:11,23:11,23:11,23:11,same,same,same,same,same,same,same
23,12,23:12,23:12,23:12,23:12,23:12,23:12,23:12,same,same,same,same,same,same,same
23,13,23:13,23:13,23:13,23:13,23:13,23:13,23:13,same,same,same,same,same,same,same
23,14,23:14,23:14,23:14,23:14,23:14,23:14,23:14,same,same,same,same,same,same,same
23,15,23:15,23:15,23:15,23:15,23:15,23:15,23:15,same,same,same,same,same,same,same
23,16,23:16,23:16,23:16,23:16,23:16,23:16,23:16,same,same,same,same,same,same,same
23,17,23:17,23:17,23:17,23:17,23:17,23:17,23:17,same,same,same,same,same,same,same
23,18,23:18,23:18,23:18,23:18,23:18,23:18,23:18,same,same,same,same,same,same,same
23,19,23:19,23:19,23:19,23:19,23:19,23:19,23:19,same,same,same,same,same,same,same
23,20,23:20,23:20,23:20,23:20,23:20,23:20,23:20,same,same,same,same,same,same,same
23,21,23:21,23:21,23:21,23:21,23:21,23:21,23:21,same,same,same,same,same,same,same
23,22,23:22,23:22,23:22,23:22,23:22,23:22,23:22,same,same,same,same,same,same,same
23,23,23:23,23:23,23:23,23:23,23:23,23:23,23:23,same,same,same,same,same,same,same
23,24,23:24,23:24,23:24,23:24,23:24,23:24,23:24,same,same,same,same,same,same,same
23,25,23:25,23:25,23:25,23:25,23:25,23:25,23:25,same,same,same,same,same,same,same
23,26,23:26,23:26,23:26,23:26,23:26,23:26,23:26,same,same,same,same,same,same,same
23,27,23:27,23:27,23:27,23:27,23:27,23:27,23:27,same,same,same,same,same,same,same
23,28,23:28,23:28,23:28,23:28,23:28,23:28,23:28,same,same,same,same,same,same,same
23,29,23:29,23:29,23:29,23:29,23:29,23:29,23:29,same,same,same,same,same,same,same
23,30,23:30,23:30,23:30,23:30,23:30,23:30,23:30,same,same,same,same,same,same,same
23,31,23:31,23:31,23:31,23:31,23:31,23:31,23:31,same,same,same,same,same,same,same
23,32,23:32,23:32,23:32,23:32,23:32,23:32,23:32,same,same,same,same,same,same,same
23,33,23:33,23:33,23:33,23:33,23:33,23:33,23:33,same,same,same,same,same,same,same
23,34,23:34,23:34,23:34,23:34,23:34,23:34,23:34,same,same,same,same,same,same,same
23,35,23:35,23:35,23:35,23:35,23:35,23:35,23:35,same,same,same,same,same,same,same
23,36,23:36,23:36,23:36,23:36,23:36,23:36,23:36,same,same,same,same,same,same,same
23,37,23:37,23:37,23:37,23:37,23:37,23:37,23:37,same,same,same,same,same,same,same
23,38,23:38,23:38,23:38,23:38,23:38,23:38,23:38,same,same,same,same,same,same,same
23,39,23:39,23:39,23:39,23:39,23:39,23:39,23:39,same,same,same,same,same,same,same
23,40,23:40,23:40,23:40,23:40,23:40,23:40,23:40,same,same,same,same,same,same,same
23,41,23:41,23:41,23:41,23:41,23:41,23:41,23:41,same,same,same,same,same,same,same
23,42,23:42,23:42,23:42,23:42,23:42,23:42,23:42,same,same,same,same,same,same,same
23,43,23:43,23:43,23:43,23:43,23:43,23:43,23:43,same,same,same,same,same,same,same
23,44,23:44,23:44,23:44,23:44,23:44,23:44,23:44,same,same,same,same,same,same,same
23,45,23:45,23:45,23:45-46,23:45-46,23:45-46,23:45-46,23:45-46,same,same,split,split,split,split,split
23,46,23:46,23:46,23:47,23:47,23:47,23:47,23:47,same,same,same,same,same,same,same
23,47,23:47,23:47,23:48,23:48,23:48,23:48,23:48,same,same,same,same,same,same,same
23,48,23:48,23:48,23:49,23:49,23:49,23:49,23:49,same,same,same,same,same,same,same
23,49,23:49,23:49,23:50,23:50,23:50,23:50,23:50,same,same,same,same,same,same,same
23,50,23:50,23:50,23:51,23:51,23:51,23:51,23:51,same,same,same,same,same,same,same
23,51,23:51,23:51,23:52,23:52,23:52,23:52,23:52,same,same,same,same,same,same,same
23,52,23:52,23:52,23:53,23:53,23:53,23:53,23:53,same,same,same,same,same,same,same
23,53,23:53,23:53,23:54,23:54,23:54,23:54,23:54,same,same,same,same,same,same,same
23,54,23:54,23:54,23:55,23:55,23:55,23:55,23:55,same,same,same,same,same,same,same
23,55,23:55,23:55,23:56,23:56,23:56,23:56,23:56,same,same,same,same,same,same,same
23,56,23:56,23:56,23:57,23:57,23:57,23:57,23:57,same,same,same,same,same,same,same
23,57,23:57,23:57,23:58,23:58,23:58,23:58,23:58,same,same,same,same,same,same,same
23,58,23:58,23:58,23:59,23:59,23:59,23:59,23:59,same,same,same,same,same,same,same
23,59,23:59,23:59,23:60,23:60,23:60,23:60,23:60,same,same,same,same,same,same,same
23,60,23:60,23:60,23:61,23:61,23:61,23:61,23:61,same,same,same,same,same,same,same
23,61,23:61,23:61,23:62,23:62,23:62,23:62,23:62,same,same,same,same,same,same,same
23,62,23:62,23:62,23:63,23:63,23:63,23:63,23:63,same,same,same,same,same,same,same
23,63,23:63,23:63,23:64,23:64,23:64,23:64,23:64,same,same,same,same,same,same,same
23,64,23:64,23:64,23:65,23:65,23:65,23:65,23:65,same,same,same,same,same,same,same
23,65,23:65,23:65,23:66,23:66,23:66,23:66,23:66,same,same,same,same,same,same,same
23,66,23:66,23:66,23:67,23:67,23:67,23:67,23:67,same,same,same,same,same,same,same
23,67,23:67,23:67,23:68,23:68,23:68,23:68,23:68,same,same,same,same,same,same,same
23,68,23:68,23:68,23:69,23:69,23:69,23:69,23:69,same,same,same,same,same,same,same
23,69,23:69,23:69,23:70,23:70,23:70,23:70,23:70,same,same,same,same,same,same,same
23,70,23:70,23:70,23:71,23:71,23:71,23:71,23:71,same,same,same,same,same,same,same
23,71,23:71,23:71,23:72,23:72,23:72,23:72,23:72,same,same,same,same,same,same,same
23,72,23:72,23:72,23:73,23:73,23:73,23:73,23:73,same,same,same,same,same,same,same
23,73,23:73,23:73,23:74,23:74,23:74,23:74,23:74,same,same,same,same,same,same,same
23,74,23:74,23:74,23:75,23:75,23:75,23:75,23:75,same,same,same,same,same,same,same
23,75,23:75,23:75,23:76,23:76,23:76,23:76,23:76,same,same,same,same,same,same,same
23,76,23:76,23:76,23:77,23:77,23:77,23:77,23:77,same,same,same,same,same,same,same
23,77,23:77,23:77,23:78,23:78,23:78,23:78,23:78,same,same,same,same,same,same,same
23,78,23:78,23:78,23:79,23:79,23:79,23:79,23:79,same,same,same,same,same,same,same
23,79,23:79,23:79,23:80,23:80,23:80,23:80,23:80,same,same,same,same,same,same,same
23,80,23:80,23:80,23:81,23:81,23:81,23:81,23:81,same,same,same,same,same,same,same
23,81,23:81,23:81,23:82,23:82,23:82,23:82,23:82,same,same,same,same,same,same,same
23,82,23:82,23:82,23:83,23:83,23:83,23:83,23:83,same,same,same,same,same,same,same
23,83,23:83,23:83,23:84,23:84,23:84,23:84,23:84,same,same,same,same,same,same,same
23,84,23:84,23:84,23:85,23:85,23:85,23:85,23:85,same,same,same,same,same,same,same
23,85,23:85,23:85,23:86,23:86,23:86,23:86,23:86,same,same,same,same,same,same,same
23,86,23:86,23:86,23:87,23:87,23:87,23:87,23:87,same,same,same,same,same,same,same
23,87,23:87,23:87,23:88,23:88,23:88,23:88,23:88,same,same,same,same,same,same,same
23,88,23:88,23:88,23:89,23:89,23:89,23:89,23:89,same,same,same,same,same,same,same
23,89,23:89,23:89,23:90,23:90,23:90,23:90,23:90,same,same,same,same,same,same,same
23,90,23:90,23:90,23:91,23:91,23:91,23:91,23:91,same,same,same,same,same,same,same
23,91,23:91,23:91,23:92,23:92,23:92,23:92,23:92,same,same,same,same,same,same,same
23,92,23:92,23:92,23:93,23:93,23:93,23:93,23:93,same,same,same,same,same,same,same
23,93,23:93,23:93,23:94,23:94,23:94,23:94,23:94,same,same,same,same,same,same,same
23,94,23:94,23:94,23:95,23:95,23:95,23:95,23:95,same,same,same,same,same,same,same
23,95,23:95,23:95,23:96,23:96,23:96,23:96,23:96,same,same,same,same,same,same,same
23,96,23:96,23:96,23:97,23:97,23:97,23:97,23:97,same,same,same,same,same,same,same
23,97,23:97,23:97,23:98,23:98,23:98,23:98,23:98,same,same,same,same,same,same,same
23,98,23:98,23:98,23:99,23:99,23:99,23:99,23:99,same,same,same,same,same,same,same
23,99,23:99,23:99,23:100,23:100,23:100,23:100,23:100,same,same,same,same,same,same,same
23,100,23:100,23:100,23:101,23:101,23:101,23:101,23:101,same,same,same,same,same,same,same
23,101,23:101,23:101,23:102,23:102,23:102,23:102,23:102,same,same,same,same,same,same,same
23,102,23:102,23:102,23:103,23:103,23:103,23:103,23:103,same,same,same,same,same,same,same
23,103,23:103,23:103,23:104,23:104,23:104,23:104,23:104,same,same,same,same,same,same,same
23,104,23:104,23:104,23:105,23:105,23:105,23:105,23:105,same,same,same,same,same,same,same
23,105,23:105,23:105,23:106,23:106,23:106,23:106,23:106,same,same,same,same,same,same,same
23,106,23:106,23:106,23:107,23:107,23:107,23:107,23:107,same,same,same,same,same,same,same
23,107,23:107,23:107,23:108,23:108,23:108,23:108,23:108,same,same,same,same,same,same,same
23,108,23:108,23:108,23:109,23:109,23:109,23:109,23:109,same,same,same,same,same,same,same
23,109,23:109,23:109,23:110,23:110,23:110,23:110,23:110,same,same,same,same,same,same,same
23,110,23:110,23:110,23:111,23:111,23:111,23:111,23:111,same,same,same,same,same,same,same
23,111,23:111,23:111,23:112,23:112,23:112,23:112,23:112,same,same,same,same,same,same,same
23,112,23:112,23:112,23:113,23:113,23:113,23:113,23:113,same,same,same,same,same,same,same
23,113,23:113,23:113,23:114,23:114,23:114,23:114,23:114,same,same,same,same,same,same,same
23,114,23:114,23:114,23:115,23:115,23:115,23:115,23:115,same,same,same,same,same,same,same
23,115,23:115,23:115,23:116,23:116,23:116,23:116,23:116,same,same,same,same,same,same,same
23,116,23:116,23:116,23:117,23:117,23:117,23:117,23:117,same,same,same,same,same,same,same
23,117,23:117,23:117,23:118,23:118,23:118,23:118,23:118,same,same,same,same,same,same,same
23,118,23:118,23:118,23:119,23:119,23:119,23:119,23:119,same,same,same,same,same,same,same
24,1,24:1,24:1,24:1,24:1,24:1,24:1,24:1,same,same,same,same,same,same,same
24,2,24:2,24:2,24:2,24:2,24:2,24:2,24:2,same,same,same,same,same,same,same
24,3,24:3,24:3,24:3,24:3,24:3,24:3,24:3,same,same,same,same,same,same,same
24,4,24:4,24:4,24:4,24:4,24:4,24:4,24:4,same,same,same,same,same,same,same
24,5,24:5,24:5,24:5,24:5,24:5,24:5,24:5,same,same,same,same,same,same,same
24,6,24:6,24:6,24:6,24:6,24:6,24:6,24:6,same,same,same,same,same,same,same
24,7,24:7,24:7,24:7,24:7,24:7,24:7,24:7,same,same,same,same,same,same,same
24,8,24:8,24:8,24:8,24:8,24:8,24:8,24:8,same,same,same,same,same,same,same
24,9,24:9,24:9,24:9,24:9,24:9,24:9,24:9,same,same,same,same,same,same,same
24,10,24:10,24:10,24:10,24:10,24:10,24:10,24:10,same,same,same,same,same,same,same
24,11,24:11,24:11,24:11,24:11,24:11,24:11,24:11,same,same,same,same,same,same,same
24,12,24:12,24:12,24:12,24:12,24:12,24:12,24:12,same,same,same,same,same,same,same
24,13,24:13,24:13,24:13,24:13,24:13,24:13,24:13,same,same,same,same,same,same,same
24,14,24:14,24:14,24:14,24:14,24:14,24:14,24:14,same,same,same,same,same,same,same
24,15,24:15,24:15,24:15,24:15,24:15,24:15,24:15,same,same,same,same,same,same,same
24,16,24:16,24:16,24:16,24:16,24:16,24:16,24:16,same,same,same,same,same,same,same
24,17,24:17,24:17,24:17,24:17,24:17,24:17,24:17,same,same,same,same,same,same,same
24,18,24:18,24:18,24:18,24:18,24:18,24:18,24:18,same,same,same,same,same,same,same
24,19,24:19,24:19,24:19,24:19,24:19,24:19,24:19,same,same,same,same,same,same,same
24,20,24:20,24:20,24:20,24:20,24:20,24:20,24:20,same,same,same,same,same,same,same
24,21,24:21,24:21,24:21,24:21,24:21,24:21,24:21,same,same,same,same,same,same,same
24,22,24:22,24:22,24:22,24:22,24:22,24:22,24:22,same,same,same,same,same,same,same
24,23,24:23,24:23,24:23,24:23,24:23,24:23,24:23,same,same,same,same,same,same,same
24,24,24:24,24:24,24:24,24:24,24:24,24:24,24:24,same,same,same,same,same,same,same
24,25,24:25,24:25,24:25,24:25,24:25,24:25,24:25,same,same,same,same,same,same,same
24,26,24:26,24:26,24:26,24:26,24:26,24:26,24:26,same,same,same,same,same,same,same
24,27,24:27,24:27,24:27,24:27,24:27,24:27,24:27,same,same,same,same,same,same,same
24,28,24:28,24:28,24:28,24:28,24:28,24:28,24:28,same,same,same,same,same,same,same
24,29,24:29,24:29,24:29,24:29,24:29,24:29,24:29,same,same,same,same,same,same,same
24,30,24:30,24:30,24:30,24:30,24:30,24:30,24:30,same,same,same,same,same,same,same
24,31,24:31,24:31,24:31,24:31,24:31,24:31,24:31,same,same,same,same,same,same,same
24,32,24:32,24:32,24:32,24:32,24:32,24:32,24:32,same,same,same,same,same,same,same
24,33,24:33,24:33,24:33,24:33,24:33,24:33,24:33,same,same,same,same,same,same,same
24,34,24:34,24:34,24:34,24:34,24:34,24:34,24:34,same,same,same,same,same,same,same
24,35,24:35,24:35,24:35,24:35,24:35,24:35,24:35,same,same,same,same,same,same,same
24,36,24:36,24:36,24:36,24:36,24:36,24:36,24:36,same,same,merged,merged,merged,merged,merged
24,37,24:37,24:37,24:36,24:36,24:36,24:36,24:36,same,same,merged,merged,merged,merged,merged
24,38,24:38,24:38,24:37,24:37,24:37,24:37,24:37,same,same,same,same,same,same,same
24,39,24:39,24:39,24:38,24:38,24:38,24:38,24:38,same,same,same,same,same,same,same
24,40,24:40,24:40,24:39,24:39,24:39,24:39,24:39,same,same,same,same,same,same,same
24,41,24:41,24:41,24:40,24:40,24:40,24:40,24:40,same,same,same,same,same,same,same
24,42,24:42,24:42,24:41,24:41,24:41,24:41,24:41,same,same,same,same,same,same,same
24,43,24:43,24:43,24:42,24:42,24:42,24:42,24:42,same,same,merged,merged,merged,merged,merged
24,44,24:44,24:44,24:42,24:42,24:42,24:42,24:42,same,same,merged,merged,merged,merged,merged
24,45,24:45,24:45,24:43,24:43,24:43,24:43,24:43,same,same,same,same,same,same,same
24,46,24:46,24:46,24:44,24:44,24:44,24:44,24:44,same,same,same,same,same,same,same
24,47,24:47,24:47,24:45,24:45,24:45,24:45,24:45,same,same,same,same,same,same,same
24,48,24:48,24:48,24:46,24:46,24:46,24:46,24:46,same,same,same,same,same,same,same
24,49,24:49,24:49,24:47,24:47,24:47,24:47,24:47,same,same,same,same,same,same,same
24,50,24:50,24:50,24:48,24:48,24:48,24:48,24:48,same,same,same,same,same,same,same
24,51,24:51,24:51,24:49,24:49,24:49,24:49,24:49,same,same,same,same,same,same,same
24,52,24:52,24:52,24:50,24:50,24:50,24:50,24:50,same,same,same,same,same,same,same
24,53,24:53,24:53,24:51,24:51,24:51,24:51,24:51,same,same,same,same,same,same,same
24,54,24:54,24:54,24:52,24:52,24:52,24:52,24:52,same,same,same,same,same,same,same
24,55,24:55,24:55,24:53,24:53,24:53,24:53,24:53,same,same,same,same,same,same,same
24,56,24:56,24:56,24:54,24:54,24:54,24:54,24:54,same,same,same,same,same,same,same
24,57,24:57,24:57,24:55,24:55,24:55,24:55,24:55,same,same,same,same,same,same,same
24,58,24:58,24:58,24:56,24:56,24:56,24:56,24:56,same,same,same,same,same,same,same
24,59,24:59,24:59,24:57,24:57,24:57,24:57,24:57,same,same,same,same,same,same,same
24,60,24:60,24:60,24:58,24:58,24:58,24:58,24:58,same,same,same,same,same,same,same
24,61,24:61,24:61,24:59,24:59,24:59,24:59,24:59,same,same,same,same,same,same,same
24,62,24:62,24:62,24:60,24:60,24:60,24:60,24:60,same,same,same,same,same,same,same
24,63,24:63,24:63,24:61,24:61,24:61,24:61,24:61,same,same,same,same,same,same,same
24,64,24:64,24:64,24:62,24:62,24:62,24:62,24:62,same,same,same,same,same,same,same
25,1,25:1,25:1,25:1,25:1,25:1,25:1,25:1,same,same,same,same,same,same,same
25,2,25:2,25:2,25:2,25:2,25:2,25:2,25:2,same,same,same,same,same,same,same
25,3,25:3,25:3,25:3,25:3,25:3,25:3,25:3,same,same,same,same,same,same,same
25,4,25:4,25:4,25:4,25:4,25:4,25:4,25:4,same,same,same,same,same,same,same
25,5,25:5,25:5,25:5,25:5,25:5,25:5,25:5,same,same,same,same,same,same,same
25,6,25:6,25:6,25:6,25:6,25:6,25:6,25:6,same,same,same,same,same,same,same
25,7,25:7,25:7,25:7,25:7,25:7,25:7,25:7,same,same,same,same,same,same,same
25,8,25:8,25:8,25:8,25:8,25:8,25:8,25:8,same,same,same,same,same,same,same
25,9,25:9,25:9,25:9,25:9,25:9,25:9,25:9,same,same,same,same,same,same,same
25,10,25:10,25:10,25:10,25:10,25:10,25:10,25:10,same,same,same,same,same,same,same
25,11,25:11,25:11,25:11,25:11,25:11,25:11,25:11,same,same,same,same,same,same,same
25,12,25:12,25:12,25:12,25:12,25:12,25:12,25:12,same,same,same,same,same,same,same
25,13,25:13,25:13,25:13,25:13,25:13,25:13,25:13,same,same,same,same,same,same,same
25,14,25:14,25:14,25:14,25:14,25:14,25:14,25:14,same,same,same,same,same,same,same
25,15,25:15,25:15,25:15,25:15,25:15,25:15,25:15,same,same,same,same,same,same,same
25,16,25:16,25:16,25:16,25:16,25:16,25:16,25:16,same,same,same,same,same,same,same
25,17,25:17,25:17,25:17,25:17,25:17,25:17,25:17,same,same,same,same,same,same,same
25,18,25:18,25:18,25:18,25:18,25:18,25:18,25:18,same,same,same,same,same,same,same
25,19,25:19,25:19,25:19,25:19,25:19,25:19,25:19,same,same,same,same,same,same,same
25,20,25:20,25:20,25:20,25:20,25:20,25:20,25:20,same,same,same,same,same,same,same
25,21,25:21,25:21,25:21,25:21,25:21,25:21,25:21,same,same,same,same,same,same,same
25,22,25:22,25:22,25:22,25:22,25:22,25:22,25:22,same,same,same,same,same,same,same
25,23,25:23,25:23,25:23,25:23,25:23,25:23,25:23,same,same,same,same,same,same,same
25,24,25:24,25:24,25:24,25:24,25:24,25:24,25:24,same,same,same,same,same,same,same
25,25,25:25,25:25,25:25,25:25,25:25,25:25,25:25,same,same,same,same,same,same,same
25,26,25:26,25:26,25:26,25:26,25:26,25:26,25:26,same,same,same,same,same,same,same
25,27,25:27,25:27,25:27,25:27,25:27,25:27,25:27,same,same,same,same,same,same,same
25,28,25:28,25:28,25:28,25:28,25:28,25:28,25:28,same,same,same,same,same,same,same
25,29,25:29,25:29,25:29,25:29,25:29,25:29,25:29,same,same,same,same,same,same,same
25,30,25:30,25:30,25:30,25:30,25:30,25:30,25:30,same,same,same,same,same,same,same
25,31,25:31,25:31,25:31,25:31,25:31,25:31,25:31,same,same,same,same,same,same,same
25,32,25:32,25:32,25:32,25:32,25:32,25:32,25:32,same,same,same,same,same,same,same
25,33,25:33,25:33,25:33,25:33,25:33,25:33,25:33,same,same,same,same,same,same,same
25,34,25:34,25:34,25:34,25:34,25:34,25:34,25:34,same,same,same,same,same,same,same
25,35,25:35,25:35,25:35,25:35,25:35,25:35,25:35,same,same,same,same,same,same,same
25,36,25:36,25:36,25:36,25:36,25:36,25:36,25:36,same,same,same,same,same,same,same
25,37,25:37,25:37,25:37,25:37,25:37,25:37,25:37,same,same,same,same,same,same,same
25,38,25:38,25:38,25:38,25:38,25:38,25:38,25:38,same,same,same,same,same,same,same
25,39,25:39,25:39,25:39,25:39,25:39,25:39,25:39,same,same,same,same,same,same,same
25,40,25:40,25:40,25:40,25:40,25:40,25:40,25:40,same,same,same,same,same,same,same
25,41,25:41,25:41,25:41,25:41,25:41,25:41,25:41,same,same,same,same,same,same,same
25,42,25:42,25:42,25:42,25:42,25:42,25:42,25:42,same,same,same,same,same,same,same
25,43,25:43,25:43,25:43,25:43,25:43,25:43,25:43,same,same,same,same,same,same,same
25,44,25:44,25:44,25:44,25:44,25:44,25:44,25:44,same,same,same,same,same,same,same
25,45,25:45,25:45,25:45,25:45,25:45,25:45,25:45,same,same,same,same,same,same,same
25,46,25:46,25:46,25:46,25:46,25:46,25:46,25:46,same,same,same,same,same,same,same
25,47,25:47,25:47,25:47,25:47,25:47,25:47,25:47,same,same,same,same,same,same,same
25,48,25:48,25:48,25:48,25:48,25:48,25:48,25:48,same,same,same,same,same,same,same
25,49,25:49,25:49,25:49,25:49,25:49,25:49,25:49,same,same,same,same,same,same,same
25,50,25:50,25:50,25:50,25:50,25:50,25:50,25:50,same,same,same,same,same,same,same
25,51,25:51,25:51,25:51,25:51,25:51,25:51,25:51,same,same,same,same,same,same,same
25,52,25:52,25:52,25:52,25:52,25:52,25:52,25:52,same,same,same,same,same,same,same
25,53,25:53,25:53,25:53,25:53,25:53,25:53,25:53,same,same,same,same,same,same,same
25,54,25:54,25:54,25:54,25:54,25:54,25:54,25:54,same,same,same,same,same,same,same
25,55,25:55,25:55,25:55,25:55,25:55,25:55,25:55,same,same,same,same,same,same,same
25,56,25:56,25:56,25:56,25:56,25:56,25:56,25:56,same,same,same,same,same,same,same
25,57,25:57,25:57,25:57,25:57,25:57,25:57,25:57,same,same,same,same,same,same,same
25,58,25:58,25:58,25:58,25:58,25:58,25:58,25:58,same,same,same,same,same,same,same
25,59,25:59,25:59,25:59,25:59,25:59,25:59,25:59,same,same,same,same,same,same,same
25,60,25:60,25:60,25:60,25:60,25:60,25:60,25:60,same,same,same,same,same,same,same
25,61,25:61,25:61,25:61,25:61,25:61,25:61,25:61,same,same,same,same,same,same,same
25,62,25:62,25:62,25:62,25:62,25:62,25:62,25:62,same,same,same,same,same,same,same
25,63,25:63,25:63,25:63,25:63,25:63,25:63,25:63,same,same,same,same,same,same,same
25,64,25:64,25:64,25:64,25:64,25:64,25:64,25:64,same,same,same,same,same,same,same
25,65,25:65,25:65,25:65,25:65,25:65,25:65,25:65,same,same,same,same,same,same,same
25,66,25:66,25:66,25:66,25:66,25:66,25:66,25:66,same,same,same,same,same,same,same
25,67,25:67,25:67,25:67,25:67,25:67,25:67,25:67,same,same,same,same,same,same,same
25,68,25:68,25:68,25:68,25:68,25:68,25:68,25:68,same,same,same,same,same,same,same
25,69,25:69,25:69,25:69,25:69,25:69,25:69,25:69,same,same,same,same,same,same,same
25,70,25:70,25:70,25:70,25:70,25:70,25:70,25:70,same,same,same,same,same,same,same
25,71,25:71,25:71,25:71,25:71,25:71,25:71,25:71,same,same,same,same,same,same,same
25,72,25:72,25:72,25:72,25:72,25:72,25:72,25:72,same,same,same,same,same,same,same
25,73,25:73,25:73,25:73,25:73,25:73,25:73,25:73,same,same,same,same,same,same,same
25,74,25:74,25:74,25:74,25:74,25:74,25:74,25:74,same,same,same,same,same,same,same
25,75,25:75,25:75,25:75,25:75,25:75,25:75,25:75,same,same,same,same,same,same,same
25,76,25:76,25:76,25:76,25:76,25:76,25:76,25:76,same,same,same,same,same,same,same
25,77,25:77,25:77,25:77,25:77,25:77,25:77,25:77,same,same,same,same,same,same,same
26,1,26:1,26:1,26:1,26:1,26:1,26:1,26:1,same,same,merged,merged,merged,merged,merged
26,2,26:2,26:2,26:1,26:1,26:1,26:1,26:1,same,same,merged,merged,merged,merged,merged
26,3,26:3,26:3,26:2,26:2,26:2,26:2,26:2,same,same,same,same,same,same,same
26,4,26:4,26:4,26:3,26:3,26:3,26:3,26:3,same,same,same,same,same,same,same
26,5,26:5,26:5,26:4,26:4,26:4,26:4,26:4,same,same,same,same,same,same,same
26,6,26:6,26:6,26:5,26:5,26:5,26:5,26:5,same,same,same,same,same,same,same
26,7,26:7,26:7,26:6,26:6,26:6,26:6,26:6,same,same,same,same,same,same,same
26,8,26:8,26:8,26:7,26:7,26:7,26:7,26:7,same,same,same,same,same,same,same
26,9,26:9,26:9,26:8,26:8,26:8,26:8,26:8,same,same,same,same,same,same,same
26,10,26:10,26:10,26:9,26:9,26:9,26:9,26:9,same,same,same,same,same,same,same
26,11,26:11,26:11,26:10,26:10,26:10,26:10,26:10,same,same,same,same,same,same,same
26,12,26:12,26:12,26:11,26:11,26:11,26:11,26:11,same,same,same,same,same,same,same
26,13,26:13,26:13,26:12,26:12,26:12,26:12,26:12,same,same,same,same,same,same,same
26,14,26:14,26:14,26:13,26:13,26:13,26:13,26:13,same,same,same,same,same,same,same
26,15,26:15,26:15,26:14,26:14,26:14,26:14,26:14,same,same,same,same,same,same,same
26,16,26:16,26:16,26:15,26:15,26:15,26:15,26:15,same,same,same,same,same,same,same
26,17,26:17,26:17,26:16,26:16,26:16,26:16,26:16,same,same,same,same,same,same,same
26,18,26:18,26:18,26:17,26:17,26:17,26:17,26:17,same,same,same,same,same,same,same
26,19,26:19,26:19,26:18,26:18,26:18,26:18,26:18,same,same,same,same,same,same,same
26,20,26:20,26:20,26:19,26:19,26:19,26:19,26:19,same,same,same,same,same,same,same
26,21,26:21,26:21,26:20,26:20,26:20,26:20,26:20,same,same,same,same,same,same,same
26,22,26:22,26:22,26:21,26:21,26:21,26:21,26:21,same,same,same,same,same,same,same
26,23,26:23,26:23,26:22,26:22,26:22,26:22,26:22,same,same,same,same,same,same,same
26,24,26:24,26:24,26:23,26:23,26:23,26:23,26:23,same,same,same,same,same,same,same
26,25,26:25,26:25,26:24,26:24,26:24,26:24,26:24,same,same,same,same,same,same,same
26,26,26:26,26:26,26:25,26:25,26:25,26:25,26:25,same,same,same,same,same,same,same
26,27,26:27,26:27,26:26,26:26,26:26,26:26,26:26,same,same,same,same,same,same,same
26,28,26:28,26:28,26:27,26:27,26:27,26:27,26:27,same,same,same,same,same,same,same
26,29,26:29,26:29,26:28,26:28,26:28,26:28,26:28,same,same,same,same,same,same,same
26,30,26:30,26:30,26:29,26:29,26:29,26:29,26:29,same,same,same,same,same,same,same
26,31,26:31,26:31,26:30,26:30,26:30,26:30,26:30,same,same,same,same,same,same,same
26,32,26:32,26:32,26:31,26:31,26:31,26:31,26:31,same,same,same,same,same,same,same
26,33,26:33,26:33,26:32,26:32,26:32,26:32,26:32,same,same,same,same,same,same,same
26,34,26:34,26:34,26:33,26:33,26:33,26:33,26:33,same,same,same,same,same,same,same
26,35,26:35,26:35,26:34,26:34,26:34,26:34,26:34,same,same,same,same,same,same,same
26,36,26:36,26:36,26:35,26:35,26:35,26:35,26:35,same,same,same,same,same,same,same
26,37,26:37,26:37,26:36,26:36,26:36,26:36,26:36,same,same,same,same,same,same,same
26,38,26:38,26:38,26:37,26:37,26:37,26:37,26:37,same,same,same,same,same,same,same
26,39,26:39,26:39,26:38,26:38,26:38,26:38,26:38,same,same,same,same,same,same,same
26,40,26:40,26:40,26:39,26:39,26:39,26:39,26:39,same,same,same,same,same,same,same
26,41,26:41,26:41,26:40,26:40,26:40,26:40,26:40,same,same,same,same,same,same,same
26,42,26:42,26:42,26:41,26:41,26:41,26:41,26:41,same,same,same,same,same,same,same
26,43,26:43,26:43,26:42,26:42,26:42,26:42,26:42,same,same,same,same,same,same,same
26,44,26:44,26:44,26:43,26:43,26:43,26:43,26:43,same,same,same,same,same,same,same
26,45,26:45,26:45,26:44,26:44,26:44,26:44,26:44,same,same,same,same,same,same,same
26,46,26:46,26:46,26:45,26:45,26:45,26:45,26:45,same,same,same,same,same,same,same
26,47,26:47,26:47,26:46,26:46,26:46,26:46,26:46,same,same,same,same,same,same,same
26,48,26:48,26:48,26:47,26:47,26:47,26:47,26:47,same,same,same,same,same,same,same
26,49,26:49,26:49,26:48-49,26:48-49,26:48-49,26:48-49,26:48-49,same,same,split,split,split,split,split
26,50,26:50,26:50,26:50,26:50,26:50,26:50,26:50,same,same,same,same,same,same,same
26,51,26:51,26:51,26:51,26:51,26:51,26:51,26:51,same,same,same,same,same,same,same
26,52,26:52,26:52,26:52,26:52,26:52,26:52,26:52,same,same,same,same,same,same,same
26,53,26:53,26:53,26:53,26:53,26:53,26:53,26:53,same,same,same,same,same,same,same
26,54,26:54,26:54,26:54,26:54,26:54,26:54,26:54,same,same,same,same,same,same,same
26,55,26:55,26:55,26:55,26:55,26:55,26:55,26:55,same,same,same,same,same,same,same
26,56,26:56,26:56,26:56,26:56,26:56,26:56,26:56,same,same,same,same,same,same,same
26,57,26:57,26:57,26:57,26:57,26:57,26:57,26:57,same,same,same,same,same,same,same
26,58,26:58,26:58,26:58,26:58,26:58,26:58,26:58,same,same,same,same,same,same,same
26,59,26:59,26:59,26:59,26:59,26:59,26:59,26:59,same,same,same,same,same,same,same
26,60,26:60,26:60,26:60,26:60,26:60,26:60,26:60,same,same,same,same,same,same,same
26,61,26:61,26:61,26:61,26:61,26:61,26:61,26:61,same,same,same,same,same,same,same
26,62,26:62,26:62,26:62,26:62,26:62,26:62,26:62,same,same,same,same,same,same,same
26,63,26:63,26:63,26:63,26:63,26:63,26:63,26:63,same,same,same,same,same,same,same
26,64,26:64,26:64,26:64,26:64,26:64,26:64,26:64,same,same,same,same,same,same,same
26,65,26:65,26:65,26:65,26:65,26:65,26:65,26:65,same,same,same,same,same,same,same
26,66,26:66,26:66,26:66,26:66,26:66,26:66,26:66,same,same,same,same,same,same,same
26,67,26:67,26:67,26:67,26:67,26:67,26:67,26:67,same,same,same,same,same,same,same
26,68,26:68,26:68,26:68,26:68,26:68,26:68,26:68,same,same,same,same,same,same,same
26,69,26:69,26:69,26:69,26:69,26:69,26:69,26:69,same,same,same,same,same,same,same
26,70,26:70,26:70,26:70,26:70,26:70,26:70,26:70,same,same,same,same,same,same,same
26,71,26:71,26:71,26:71,26:71,26:71,26:71,26:71,same,same,same,same,same,same,same
26,72,26:72,26:72,26:72,26:72,26:72,26:72,26:72,same,same,same,same,same,same,same
26,73,26:73,26:73,26:73,26:73,26:73,26:73,26:73,same,same,same,same,same,same,same
26,74,26:74,26:74,26:74,26:74,26:74,26:74,26:74,same,same,same,same,same,same,same
26,75,26:75,26:75,26:75,26:75,26:75,26:75,26:75,same,same,same,same,same,same,same
26,76,26:76,26:76,26:76,26:76,26:76,26:76,26:76,same,same,same,same,same,same,same
26,77,26:77,26:77,26:77,26:77,26:77,26:77,26:77,same,same,same,same,same,same,same
26,78,26:78,26:78,26:78,26:78,26:78,26:78,26:78,same,same,same,same,same,same,same
26,79,26:79,26:79,26:79,26:79,26:79,26:79,26:79,same,same,same,same,same,same,same
26,80,26:80,26:80,26:80,26:80,26:80,26:80,26:80,same,same,same,same,same,same,same
26,81,26:81,26:81,26:81,26:81,26:81,26:81,26:81,same,same,same,same,same,same,same
26,82,26:82,26:82,26:82,26:82,26:82,26:82,26:82,same,same,same,same,same,same,same
26,83,26:83,26:83,26:83,26:83,26:83,26:83,26:83,same,same,same,same,same,same,same
26,84,26:84,26:84,26:84,26:84,26:84,26:84,26:84,same,same,same,same,same,same,same
26,85,26:85,26:85,26:85,26:85,26:85,26:85,26:85,same,same,same,same,same,same,same
26,86,26:86,26:86,26:86,26:86,26:86,26:86,26:86,same,same,same,same,same,same,same
26,87,26:87,26:87,26:87,26:87,26:87,26:87,26:87,same,same,same,same,same,same,same
26,88,26:88,26:88,26:88,26:88,26:88,26:88,26:88,same,same,same,same,same,same,same
26,89,26:89,26:89,26:89,26:89,26:89,26:89,26:89,same,same,same,same,same,same,same
26,90,26:90,26:90,26:90,26:90,26:90,26:90,26:90,same,same,same,same,same,same,same
26,91,26:91,26:91,26:91,26:91,26:91,26:91,26:91,same,same,same,same,same,same,same
26,92,26:92,26:92,26:92,26:92,26:92,26:92,26:92,same,same,same,same,same,same,same
26,93,26:93,26:93,26:93,26:93,26:93,26:93,26:93,same,same,same,same,same,same,same
26,94,26:94,26:94,26:94,26:94,26:94,26:94,26:94,same,same,same,same,same,same,same
26,95,26:95,26:95,26:95,26:95,26:95,26:95,26:95,same,same,same,same,same,same,same
26,96,26:96,26:96,26:96,26:96,26:96,26:96,26:96,same,same,same,same,same,same,same
26,97,26:97,26:97,26:97,26:97,26:97,26:97,26:97,same,same,same,same,same,same,same
26,98,26:98,26:98,26:98,26:98,26:98,26:98,26:98,same,same,same,same,same,same,same
26,99,26:99,26:99,26:99,26:99,26:99,26:99,26:99,same,same,same,same,same,same,same
26,100,26:100,26:100,26:100,26:100,26:100,26:100,26:100,same,same,same,same,same,same,same
26,101,26:101,26:101,26:101,26:101,26:101,26:101,26:101,same,same,same,same,same,same,same
26,102,26:102,26:102,26:102,26:102,26:102,26:102,26:102,same,same,same,same,same,same,same
26,103,26:103,26:103,26:103,26:103,26:103,26:103,26:103,same,same,same,same,same,same,same
26,104,26:104,26:104,26:104,26:104,26:104,26:104,26:104,same,same,same,same,same,same,same
26,105,26:105,26:105,26:105,26:105,26:105,26:105,26:105,same,same,same,same,same,same,same
26,106,26:106,26:106,26:106,26:106,26:106,26:106,26:106,same,same,same,same,same,same,same
26,107,26:107,26:107,26:107,26:107,26:107,26:107,26:107,same,same,same,same,same,same,same
26,108,26:108,26:108,26:108,26:108,26:108,26:108,26:108,same,same,same,same,same,same,same
26,109,26:109,26:109,26:109,26:109,26:109,26:109,26:109,same,same,same,same,same,same,same
26,110,26:110,26:110,26:110,26:110,26:110,26:110,26:110,same,same,same,same,same,same,same
26,111,26:111,26:111,26:111,26:111,26:111,26:111,26:111,same,same,same,same,same,same,same
26,112,26:112,26:112,26:112,26:112,26:112,26:112,26:112,same,same,same,same,same,same,same
26,113,26:113,26:113,26:113,26:113,26:113,26:113,26:113,same,same,same,same,same,same,same
26,114,26:114,26:114,26:114,26:114,26:114,26:114,26:114,same,same,same,same,same,same,same
26,115,26:115,26:115,26:115,26:115,26:115,26:115,26:115,same,same,same,same,same,same,same
26,116,26:116,26:116,26:116,26:116,26:116,26:116,26:116,same,same,same,same,same,same,same
26,117,26:117,26:117,26:117,26:117,26:117,26:117,26:117,same,same,same,same,same,same,same
26,118,26:118,26:118,26:118,26:118,26:118,26:118,26:118,same,same,same,same,same,same,same
26,119,26:119,26:119,26:119,26:119,26:119,26:119,26:119,same,same,same,same,same,same,same
26,120,26:120,26:120,26:120,26:120,26:120,26:120,26:120,same,same,same,same,same,same,same
26,121,26:121,26:121,26:121,26:121,26:121,26:121,26:121,same,same,same,same,same,same,same
26,122,26:122,26:122,26:122,26:122,26:122,26:122,26:122,same,same,same,same,same,same,same
26,123,26:123,26:123,26:123,26:123,26:123,26:123,26:123,same,same,same,same,same,same,same
26,124,26:124,26:124,26:124,26:124,26:124,26:124,26:124,same,same,same,same,same,same,same
26,125,26:125,26:125,26:125,26:125,26:125,26:125,26:125,same,same,same,same,same,same,same
26,126,26:126,26:126,26:126,26:126,26:126,26:126,26:126,same,same,same,same,same,same,same
26,127,26:127,26:127,26:127,26:127,26:127,26:127,26:127,same,same,same,same,same,same,same
26,128,26:128,26:128,26:128,26:128,26:128,26:128,26:128,same,same,same,same,same,same,same
26,129,26:129,26:129,26:129,26:129,26:129,26:129,26:129,same,same,same,same,same,same,same
26,130,26:130,26:130,26:130,26:130,26:130,26:130,26:130,same,same,same,same,same,same,same
26,131,26:131,26:131,26:131,26:131,26:131,26:131,26:131,same,same,same,same,same,same,same
26,132,26:132,26:132,26:132,26:132,26:132,26:132,26:132,same,same,same,same,same,same,same
26,133,26:133,26:133,26:133,26:133,26:133,26:133,26:133,same,same,same,same,same,same,same
26,134,26:134,26:134,26:134,26:134,26:134,26:134,26:134,same,same,same,same,same,same,same
26,135,26:135,26:135,26:135,26:135,26:135,26:135,26:135,same,same,same,same,same,same,same
26,136,26:136,26:136,26:136,26:136,26:136,26:136,26:136,same,same,same,same,same,same,same
26,137,26:137,26:137,26:137,26:137,26:137,26:137,26:137,same,same,same,same,same,same,same
26,138,26:138,26:138,26:138,26:138,26:138,26:138,26:138,same,same,same,same,same,same,same
26,139,26:139,26:139,26:139,26:139,26:139,26:139,26:139,same,same,same,same,same,same,same
26,140,26:140,26:140,26:140,26:140,26:140,26:140,26:140,same,same,same,same,same,same,same
26,141,26:141,26:141,26:141,26:141,26:141,26:141,26:141,same,same,same,same,same,same,same
26,142,26:142,26:142,26:142,26:142,26:142,26:142,26:142,same,same,same,same,same,same,same
26,143,26:143,26:143,26:143,26:143,26:143,26:143,26:143,same,same,same,same,same,same,same
26,144,26:144,26:144,26:144,26:144,26:144,26:144,26:144,same,same,same,same,same,same,same
26,145,26:145,26:145,26:145,26:145,26:145,26:145,26:145,same,same,same,same,same,same,same
26,146,26:146,26:146,26:146,26:146,26:146,26:146,26:146,same,same,same,same,same,same,same
26,147,26:147,26:147,26:147,26:147,26:147,26:147,26:147,same,same,same,same,same,same,same
26,148,26:148,26:148,26:148,26:148,26:148,26:148,26:148,same,same,same,same,same,same,same
26,149,26:149,26:149,26:149,26:149,26:149,26:149,26:149,same,same,same,same,same,same,same
26,150,26:150,26:150,26:150,26:150,26:150,26:150,26:150,same,same,same,same,same,same,same
26,151,26:151,26:151,26:151,26:151,26:151,26:151,26:151,same,same,same,same,same,same,same
26,152,26:152,26:152,26:152,26:152,26:152,26:152,26:152,same,same,same,same,same,same,same
26,153,26:153,26:153,26:153,26:153,26:153,26:153,26:153,same,same,same,same,same,same,same
26,154,26:154,26:154,26:154,26:154,26:154,26:154,26:154,same,same,same,same,same,same,same
26,155,26:155,26:155,26:155,26:155,26:155,26:155,26:155,same,same,same,same,same,same,same
26,156,26:156,26:156,26:156,26:156,26:156,26:156,26:156,same,same,same,same,same,same,same
26,157,26:157,26:157,26:157,26:157,26:157,26:157,26:157,same,same,same,same,same,same,same
26,158,26:158,26:158,26:158,26:158,26:158,26:158,26:158,same,same,same,same,same,same,same
26,159,26:159,26:159,26:159,26:159,26:159,26:159,26:159,same,same,same,same,same,same,same
26,160,26:160,26:160,26:160,26:160,26:160,26:160,26:160,same,same,same,same,same,same,same
26,161,26:161,26:161,26:161,26:161,26:161,26:161,26:161,same,same,same,same,same,same,same
26,162,26:162,26:162,26:162,26:162,26:162,26:162,26:162,same,same,same,same,same,same,same
26,163,26:163,26:163,26:163,26:163,26:163,26:163,26:163,same,same,same,same,same,same,same
26,164,26:164,26:164,26:164,26:164,26:164,26:164,26:164,same,same,same,same,same,same,same
26,165,26:165,26:165,26:165,26:165,26:165,26:165,26:165,same,same,same,same,same,same,same
26,166,26:166,26:166,26:166,26:166,26:166,26:166,26:166,same,same,same,same,same,same,same
26,167,26:167,26:167,26:167,26:167,26:167,26:167,26:167,same,same,same,same,same,same,same
26,168,26:168,26:168,26:168,26:168,26:168,26:168,26:168,same,same,same,same,same,same,same
26,169,26:169,26:169,26:169,26:169,26:169,26:169,26:169,same,same,same,same,same,same,same
26,170,26:170,26:170,26:170,26:170,26:170,26:170,26:170,same,same,same,same,same,same,same
26,171,26:171,26:171,26:171,26:171,26:171,26:171,26:171,same,same,same,same,same,same,same
26,172,26:172,26:172,26:172,26:172,26:172,26:172,26:172,same,same,same,same,same,same,same
26,173,26:173,26:173,26:173,26:173,26:173,26:173,26:173,same,same,same,same,same,same,same
26,174,26:174,26:174,26:174,26:174,26:174,26:174,26:174,same,same,same,same,same,same,same
26,175,26:175,26:175,26:175,26:175,26:175,26:175,26:175,same,same,same,same,same,same,same
26,176,26:176,26:176,26:176,26:176,26:176,26:176,26:176,same,same,same,same,same,same,same
26,177,26:177,26:177,26:177,26:177,26:177,26:177,26:177,same,same,same,same,same,same,same
26,178,26:178,26:178,26:178,26:178,26:178,26:178,26:178,same,same,same,same,same,same,same
26,179,26:179,26:179,26:179,26:179,26:179,26:179,26:179,same,same,same,same,same,same,same
26,180,26:180,26:180,26:180,26:180,26:180,26:180,26:180,same,same,same,same,same,same,same
26,181,26:181,26:181,26:181,26:181,26:181,26:181,26:181,same,same,same,same,same,same,same
26,182,26:182,26:182,26:182,26:182,26:182,26:182,26:182,same,same,same,same,same,same,same
26,183,26:183,26:183,26:183,26:183,26:183,26:183,26:183,same,same,same,same,same,same,same
26,184,26:184,26:184,26:184,26:184,26:184,26:184,26:184,same,same,same,same,same,same,same
26,185,26:185,26:185,26:185,26:185,26:185,26:185,26:185,same,same,same,same,same,same,same
26,186,26:186,26:186,26:186,26:186,26:186,26:186,26:186,same,same,same,same,same,same,same
26,187,26:187,26:187,26:187,26:187,26:187,26:187,26:187,same,same,same,same,same,same,same
26,188,26:188,26:188,26:188,26:188,26:188,26:188,26:188,same,same,same,same,same,same,same
26,189,26:189,26:189,26:189,26:189,26:189,26:189,26:189,same,same,same,same,same,same,same
26,190,26:190,26:190,26:190,26:190,26:190,26:190,26:190,same,same,same,same,same,same,same
26,191,26:191,26:191,26:191,26:191,26:191,26:191,26:191,same,same,same,same,same,same,same
26,192,26:192,26:192,26:192,26:192,26:192,26:192,26:192,same,same,same,same,same,same,same
26,193,26:193,26:193,26:193,26:193,26:193,26:193,26:193,same,same,same,same,same,same,same
26,194,26:194,26:194,26:194,26:194,26:194,26:194,26:194,same,same,same,same,same,same,same
26,195,26:195,26:195,26:195,26:195,26:195,26:195,26:195,same,same,same,same,same,same,same
26,196,26:196,26:196,26:196,26:196,26:196,26:196,26:196,same,same,same,same,same,same,same
26,197,26:197,26:197,26:197,26:197,26:197,26:197,26:197,same,same,same,same,same,same,same
26,198,26:198,26:198,26:198,26:198,26:198,26:198,26:198,same,same,same,same,same,same,same
26,199,26:199,26:199,26:199,26:199,26:199,26:199,26:199,same,same,same,same,same,same,same
26,200,26:200,26:200,26:200,26:200,26:200,26:200,26:200,same,same,same,same,same,same,same
26,201,26:201,26:201,26:201,26:201,26:201,26:201,26:201,same,same,same,same,same,same,same
26,202,26:202,26:202,26:202,26:202,26:202,26:202,26:202,same,same,same,same,same,same,same
26,203,26:203,26:203,26:203,26:203,26:203,26:203,26:203,same,same,same,same,same,same,same
26,204,26:204,26:204,26:204,26:204,26:204,26:204,26:204,same,same,same,same,same,same,same
26,205,26:205,26:205,26:205,26:205,26:205,26:205,26:205,same,same,same,same,same,same,same
26,206,26:206,26:206,26:206,26:206,26:206,26:206,26:206,same,same,same,same,same,same,same
26,207,26:207,26:207,26:207,26:207,26:207,26:207,26:207,same,same,same,same,same,same,same
26,208,26:208,26:208,26:208,26:208,26:208,26:208,26:208,same,same,same,same,same,same,same
26,209,26:209,26:209,26:209,26:209,26:209,26:209,26:209,same,same,same,same,same,same,same
26,210,26:210,26:210,26:210,26:210,26:210,26:210,26:210,same,same,merged,merged,merged,same,same
26,211,26:211,26:211,26:210,26:210,26:210,26:211,26:211,same,same,merged,merged,merged,same,same
26,212,26:212,26:212,26:211,26:211,26:211,26:212,26:212,same,same,same,same,same,same,same
26,213,26:213,26:213,26:212,26:212,26:212,26:213,26:213,same,same,same,same,same,same,same
26,214,26:214,26:214,26:213,26:213,26:213,26:214,26:214,same,same,same,same,same,same,same
26,215,26:215,26:215,26:214,26:214,26:214,26:215,26:215,same,same,same,same,same,same,same
26,216,26:216,26:216,26:215,26:215,26:215,26:216,26:216,same,same,same,same,same,same,same
26,217,26:217,26:217,26:216,26:216,26:216,26:217,26:217,same,same,same,same,same,same,same
26,218,26:218,26:218,26:217,26:217,26:217,26:218,26:218,same,same,same,same,same,same,same
26,219,26:219,26:219,26:218,26:218,26:218,26:219,26:219,same,same,same,same,same,same,same
26,220,26:220,26:220,26:219,26:219,26:219,26:220,26:220,same,same,same,same,same,same,same
26,221,26:221,26:221,26:220,26:220,26:220,26:221,26:221,same,same,same,same,same,same,same
26,222,26:222,26:222,26:221,26:221,26:221,26:222,26:222,same,same,same,same,same,same,same
26,223,26:223,26:223,26:222,26:222,26:222,26:223,26:223,same,same,same,same,same,same,same
26,224,26:224,26:224,26:223,26:223,26:223,26:224,26:224,same,same,same,same,same,same,same
26,225,26:225,26:225,26:224,26:224,26:224,26:225,26:225,same,same,same,same,same,same,same
26,226,26:226,26:226,26:225,26:225,26:225,26:226,26:226,same,same,same,same,same,same,same
26,227,26:227,26:227,26:226,26:226,26:226,26:227,26:227,same,same,same,same,same,same,same
27,1,27:1,27:1,27:1,27:1,27:1,27:1,27:1,same,same,same,same,same,same,same
27,2,27:2,27:2,27:2,27:2,27:2,27:2,27:2,same,same,same,same,same,same,same
27,3,27:3,27:3,27:3,27:3,27:3,27:3,27:3,same,same,same,same,same,same,same
27,4,27:4,27:4,27:4,27:4,27:4,27:4,27:4,same,same,same,same,same,same,same
27,5,27:5,27:5,27:5,27:5,27:5,27:5,27:5,same,same,same,same,same,same,same
27,6,27:6,27:6,27:6,27:6,27:6,27:6,27:6,same,same,same,same,same,same,same
27,7,27:7,27:7,27:7,27:7,27:7,27:7,27:7,same,same,same,same,same,same,same
27,8,27:8,27:8,27:8,27:8,27:8,27:8,27:8,same,same,same,same,same,same,same
27,9,27:9,27:9,27:9,27:9,27:9,27:9,27:9,same,same,same,same,same,same,same
27,10,27:10,27:10,27:10,27:10,27:10,27:10,27:10,same,same,same,same,same,same,same
27,11,27:11,27:11,27:11,27:11,27:11,27:11,27:11,same,same,same,same,same,same,same
27,12,27:12,27:12,27:12,27:12,27:12,27:12,27:12,same,same,same,same,same,same,same
27,13,27:13,27:13,27:13,27:13,27:13,27:13,27:13,same,same,same,same,same,same,same
27,14,27:14,27:14,27:14,27:14,27:14,27:14,27:14,same,same,same,same,same,same,same
27,15,27:15,27:15,27:15,27:15,27:15,27:15,27:15,same,same,same,same,same,same,same
27,16,27:16,27:16,27:16,27:16,27:16,27:16,27:16,same,same,same,same,same,same,same
27,17,27:17,27:17,27:17,27:17,27:17,27:17,27:17,same,same,same,same,same,same,same
27,18,27:18,27:18,27:18,27:18,27:18,27:18,27:18,same,same,same,same,same,same,same
27,19,27:19,27:19,27:19,27:19,27:19,27:19,27:19,same,same,same,same,same,same,same
27,20,27:20,27:20,27:20,27:20,27:20,27:20,27:20,same,same,same,same,same,same,same
27,21,27:21,27:21,27:21,27:21,27:21,27:21,27:21,same,same,same,same,same,same,same
27,22,27:22,27:22,27:22,27:22,27:22,27:22,27:22,same,same,same,same,same,same,same
27,23,27:23,27:23,27:23,27:23,27:23,27:23,27:23,same,same,same,same,same,same,same
27,24,27:24,27:24,27:24,27:24,27:24,27:24,27:24,same,same,same,same,same,same,same
27,25,27:25,27:25,27:25,27:25,27:25,27:25,27:25,same,same,same,same,same,same,same
27,26,27:26,27:26,27:26,27:26,27:26,27:26,27:26,same,same,same,same,same,same,same
27,27,27:27,27:27,27:27,27:27,27:27,27:27,27:27,same,same,same,same,same,same,same
27,28,27:28,27:28,27:28,27:28,27:28,27:28,27:28,same,same,same,same,same,same,same
27,29,27:29,27:29,27:29,27:29,27:29,27:29,27:29,same,same,same,same,same,same,same
27,30,27:30,27:30,27:30,27:30,27:30,27:30,27:30,same,same,same,same,same,same,same
27,31,27:31,27:31,27:31,27:31,27:31,27:31,27:31,same,same,same,same,same,same,same
27,32,27:32,27:32,27:32,27:32,27:32,27:32,27:32,same,same,same,same,same,same,same
27,33,27:33,27:33,27:33-34,27:33-34,27:33-34,27:33-34,27:33-34,same,same,split,split,split,split,split
27,34,27:34,27:34,27:35,27:35,27:35,27:35,27:35,same,same,same,same,same,same,same
27,35,27:35,27:35,27:36,27:36,27:36,27:36,27:36,same,same,same,same,same,same,same
27,36,27:36,27:36,27:37,27:37,27:37,27:37,27:37,same,same,same,same,same,same,same
27,37,27:37,27:37,27:38,27:38,27:38,27:38,27:38,same,same,same,same,same,same,same
27,38,27:38,27:38,27:39,27:39,27:39,27:39,27:39,same,same,same,same,same,same,same
27,39,27:39,27:39,27:40,27:40,27:40,27:40,27:40,same,same,same,same,same,same,same
27,40,27:40,27:40,27:41,27:41,27:41,27:41,27:41,same,same,same,same,same,same,same
27,41,27:41,27:41,27:42,27:42,27:42,27:42,27:42,same,same,same,same,same,same,same
27,42,27:42,27:42,27:43,27:43,27:43,27:43,27:43,same,same,same,same,same,same,same
27,43,27:43,27:43,27:44,27:44,27:44,27:44,27:44,same,same,same,same,same,same,same
27,44,27:44,27:44,27:45-46,27:45-46,27:45-46,27:45-46,27:45-46,same,same,split,split,split,split,split
27,45,27:45,27:45,27:47,27:47,27:47,27:47,27:47,same,same,same,same,same,same,same
27,46,27:46,27:46,27:48,27:48,27:48,27:48,27:48,same,same,same,same,same,same,same
27,47,27:47,27:47,27:49,27:49,27:49,27:49,27:49,same,same,same,same,same,same,same
27,48,27:48,27:48,27:50,27:50,27:50,27:50,27:50,same,same,same,same,same,same,same
27,49,27:49,27:49,27:51,27:51,27:51,27:51,27:51,same,same,same,same,same,same,same
27,50,27:50,27:50,27:52,27:52,27:52,27:52,27:52,same,same,same,same,same,same,same
27,51,27:51,27:51,27:53,27:53,27:53,27:53,27:53,same,same,same,same,same,same,same
27,52,27:52,27:52,27:54,27:54,27:54,27:54,27:54,same,same,same,same,same,same,same
27,53,27:53,27:53,27:55,27:55,27:55,27:55,27:55,same,same,same,same,same,same,same
27,54,27:54,27:54,27:56,27:56,27:56,27:56,27:56,same,same,same,same,same,same,same
27,55,27:55,27:55,27:57,27:57,27:57,27:57,27:57,same,same,same,same,same,same,same
27,56,27:56,27:56,27:58,27:58,27:58,27:58,27:58,same,same,same,same,same,same,same
27,57,27:57,27:57,27:59,27:59,27:59,27:59,27:59,same,same,same,same,same,same,same
27,58,27:58,27:58,27:60,27:60,27:60,27:60,27:60,same,same,same,same,same,same,same
27,59,27:59,27:59,27:61,27:61,27:61,27:61,27:61,same,same,same,same,same,same,same
27,60,27:60,27:60,27:62,27:62,27:62,27:62,27:62,same,same,same,same,same,same,same
27,61,27:61,27:61,27:63,27:63,27:63,27:63,27:63,same,same,same,same,same,same,same
27,62,27:62,27:62,27:64,27:64,27:64,27:64,27:64,same,same,same,same,same,same,same
27,63,27:63,27:63,27:65,27:65,27:65,27:65,27:65,same,same,same,same,same,same,same
27,64,27:64,27:64,27:66,27:66,27:66,27:66,27:66,same,same,same,same,same,same,same
27,65,27:65,27:65,27:67,27:67,27:67,27:67,27:67,same,same,same,same,same,same,same
27,66,27:66,27:66,27:68,27:68,27:68,27:68,27:68,same,same,same,same,same,same,same
27,67,27:67,27:67,27:69,27:69,27:69,27:69,27:69,same,same,same,same,same,same,same
27,68,27:68,27:68,27:70,27:70,27:70,27:70,27:70,same,same,same,same,same,same,same
27,69,27:69,27:69,27:71,27:71,27:71,27:71,27:71,same,same,same,same,same,same,same
27,70,27:70,27:70,27:72,27:72,27:72,27:72,27:72,same,same,same,same,same,same,same
27,71,27:71,27:71,27:73,27:73,27:73,27:73,27:73,same,same,same,same,same,same,same
27,72,27:72,27:72,27:74,27:74,27:74,27:74,27:74,same,same,same,same,same,same,same
27,73,27:73,27:73,27:75,27:75,27:75,27:75,27:75,same,same,same,same,same,same,same
27,74,27:74,27:74,27:76,27:76,27:76,27:76,27:76,same,same,same,same,same,same,same
27,75,27:75,27:75,27:77,27:77,27:77,27:77,27:77,same,same,same,same,same,same,same
27,76,27:76,27:76,27:78,27:78,27:78,27:78,27:78,same,same,same,same,same,same,same
27,77,27:77,27:77,27:79,27:79,27:79,27:79,27:79,same,same,same,same,same,same,same
27,78,27:78,27:78,27:80,27:80,27:80,27:80,27:80,same,same,same,same,same,same,same
27,79,27:79,27:79,27:81,27:81,27:81,27:81,27:81,same,same,same,same,same,same,same
27,80,27:80,27:80,27:82,27:82,27:82,27:82,27:82,same,same,same,same,same,same,same
27,81,27:81,27:81,27:83,27:83,27:83,27:83,27:83,same,same,same,same,same,same,same
27,82,27:82,27:82,27:84,27:84,27:84,27:84,27:84,same,same,same,same,same,same,same
27,83,27:83,27:83,27:85,27:85,27:85,27:85,27:85,same,same,same,same,same,same,same
27,84,27:84,27:84,27:86,27:86,27:86,27:86,27:86,same,same,same,same,same,same,same
27,85,27:85,27:85,27:87,27:87,27:87,27:87,27:87,same,same,same,same,same,same,same
27,86,27:86,27:86,27:88,27:88,27:88,27:88,27:88,same,same,same,same,same,same,same
27,87,27:87,27:87,27:89,27:89,27:89,27:89,27:89,same,same,same,same,same,same,same
27,88,27:88,27:88,27:90,27:90,27:90,27:90,27:90,same,same,same,same,same,same,same
27,89,27:89,27:89,27:91,27:91,27:91,27:91,27:91,same,same,same,same,same,same,same
27,90,27:90,27:90,27:92,27:92,27:92,27:92,27:92,same,same,same,same,same,same,same
27,91,27:91,27:91,27:93,27:93,27:93,27:93,27:93,same,same,same,same,same,same,same
27,92,27:92,27:92,27:94,27:94,27:94,27:94,27:94,same,same,same,same,same,same,same
27,93,27:93,27:93,27:95,27:95,27:95,27:95,27:95,same,same,same,same,same,same,same
28,1,28:1,28:1,28:1,28:1,28:1,28:1,28:1,same,same,merged,merged,merged,merged,merged
28,2,28:2,28:2,28:1,28:1,28:1,28:1,28:1,same,same,merged,merged,merged,merged,merged
28,3,28:3,28:3,28:2,28:2,28:2,28:2,28:2,same,same,same,same,same,same,same
28,4,28:4,28:4,28:3,28:3,28:3,28:3,28:3,same,same,same,same,same,same,same
28,5,28:5,28:5,28:4,28:4,28:4,28:4,28:4,same,same,same,same,same,same,same
28,6,28:6,28:6,28:5,28:5,28:5,28:5,28:5,same,same,same,same,same,same,same
28,7,28:7,28:7,28:6,28:6,28:6,28:6,28:6,same,same,same,same,same,same,same
28,8,28:8,28:8,28:7,28:7,28:7,28:7,28:7,same,same,same,same,same,same,same
28,9,28:9,28:9,28:8,28:8,28:8,28:8,28:8,same,same,same,same,same,same,same
28,10,28:10,28:10,28:9,28:9,28:9,28:9,28:9,same,same,same,same,same,same,same
28,11,28:11,28:11,28:10,28:10,28:10,28:10,28:10,same,same,same,same,same,same,same
28,12,28:12,28:12,28:11,28:11,28:11,28:11,28:11,same,same,same,same,same,same,same
28,13,28:13,28:13,28:12,28:12,28:12,28:12,28:12,same,same,same,same,same,same,same
28,14,28:14,28:14,28:13,28:13,28:13,28:13,28:13,same,same,same,same,same,same,same
28,15,28:15,28:15,28:14,28:14,28:14,28:14,28:14,same,same,same,same,same,same,same
28,16,28:16,28:16,28:15,28:15,28:15,28:15,28:15,same,same,same,same,same,same,same
28,17,28:17,28:17,28:16,28:16,28:16,28:16,28:16,same,same,same,same,same,same,same
28,18,28:18,28:18,28:17,28:17,28:17,28:17,28:17,same,same,same,same,same,same,same
28,19,28:19,28:19,28:18,28:18,28:18,28:18,28:18,same,same,same,same,same,same,same
28,20,28:20,28:20,28:19,28:19,28:19,28:19,28:19,same,same,same,same,same,same,same
28,21,28:21,28:21,28:20,28:20,28:20,28:20,28:20,same,same,same,same,same,same,same
28,22,28:22,28:22,28:21,28:21,28:21,28:21,28:21,same,same,same,same,same,same,same
28,23,28:23,28:23,28:22-23,28:22-23,28:22-23,28:22-23,28:22-23,same,same,split,split,split,split,split
28,24,28:24,28:24,28:24,28:24,28:24,28:24,28:24,same,same,same,same,same,same,same
28,25,28:25,28:25,28:25,28:25,28:25,28:25,28:25,same,same,same,same,same,same,same
28,26,28:26,28:26,28:26,28:26,28:26,28:26,28:26,same,same,same,same,same,same,same
28,27,28:27,28:27,28:27,28:27,28:27,28:27,28:27,same,same,same,same,same,same,same
28,28,28:28,28:28,28:28,28:28,28:28,28:28,28:28,same,same,same,same,same,same,same
28,29,28:29,28:29,28:29,28:29,28:29,28:29,28:29,same,same,same,same,same,same,same
28,30,28:30,28:30,28:30,28:30,28:30,28:30,28:30,same,same,same,same,same,same,same
28,31,28:31,28:31,28:31,28:31,28:31,28:31,28:31,same,same,same,same,same,same,same
28,32,28:32,28:32,28:32,28:32,28:32,28:32,28:32,same,same,same,same,same,same,same
28,33,28:33,28:33,28:33,28:33,28:33,28:33,28:33,same,same,same,same,same,same,same
28,34,28:34,28:34,28:34,28:34,28:34,28:34,28:34,same,same,same,same,same,same,same
28,35,28:35,28:35,28:35,28:35,28:35,28:35,28:35,same,same,same,same,same,same,same
28,36,28:36,28:36,28:36,28:36,28:36,28:36,28:36,same,same,same,same,same,same,same
28,37,28:37,28:37,28:37,28:37,28:37,28:37,28:37,same,same,same,same,same,same,same
28,38,28:38,28:38,28:38,28:38,28:38,28:38,28:38,same,same,same,same,same,same,same
28,39,28:39,28:39,28:39,28:39,28:39,28:39,28:39,same,same,same,same,same,same,same
28,40,28:40,28:40,28:40,28:40,28:40,28:40,28:40,same,same,same,same,same,same,same
28,41,28:41,28:41,28:41,28:41,28:41,28:41,28:41,same,same,same,same,same,same,same
28,42,28:42,28:42,28:42,28:42,28:42,28:42,28:42,same,same,same,same,same,same,same
28,43,28:43,28:43,28:43,28:43,28:43,28:43,28:43,same,same,same,same,same,same,same
28,44,28:44,28:44,28:44,28:44,28:44,28:44,28:44,same,same,same,same,same,same,same
28,45,28:45,28:45,28:45,28:45,28:45,28:45,28:45,same,same,same,same,same,same,same
28,46,28:46,28:46,28:46,28:46,28:46,28:46,28:46,same,same,same,same,same,same,same
28,47,28:47,28:47,28:47,28:47,28:47,28:47,28:47,same,same,same,same,same,same,same
28,48,28:48,28:48,28:48,28:48,28:48,28:48,28:48,same,same,same,same,same,same,same
28,49,28:49,28:49,28:49,28:49,28:49,28:49,28:49,same,same,same,same,same,same,same
28,50,28:50,28:50,28:50,28:50,28:50,28:50,28:50,same,same,same,same,same,same,same
28,51,28:51,28:51,28:51,28:51,28:51,28:51,28:51,same,same,same,same,same,same,same
28,52,28:52,28:52,28:52,28:52,28:52,28:52,28:52,same,same,same,same,same,same,same
28,53,28:53,28:53,28:53,28:53,28:53,28:53,28:53,same,same,same,same,same,same,same
28,54,28:54,28:54,28:54,28:54,28:54,28:54,28:54,same,same,same,same,same,same,same
28,55,28:55,28:55,28:55,28:55,28:55,28:55,28:55,same,same,same,same,same,same,same
28,56,28:56,28:56,28:56,28:56,28:56,28:56,28:56,same,same,same,same,same,same,same
28,57,28:57,28:57,28:57,28:57,28:57,28:57,28:57,same,same,same,same,same,same,same
28,58,28:58,28:58,28:58,28:58,28:58,28:58,28:58,same,same,same,same,same,same,same
28,59,28:59,28:59,28:59,28:59,28:59,28:59,28:59,same,same,same,same,same,same,same
28,60,28:60,28:60,28:60,28:60,28:60,28:60,28:60,same,same,same,same,same,same,same
28,61,28:61,28:61,28:61,28:61,28:61,28:61,28:61,same,same,same,same,same,same,same
28,62,28:62,28:62,28:62,28:62,28:62,28:62,28:62,same,same,same,same,same,same,same
28,63,28:63,28:63,28:63,28:63,28:63,28:63,28:63,same,same,same,same,same,same,same
28,64,28:64,28:64,28:64,28:64,28:64,28:64,28:64,same,same,same,same,same,same,same
28,65,28:65,28:65,28:65,28:65,28:65,28:65,28:65,same,same,same,same,same,same,same
28,66,28:66,28:66,28:66,28:66,28:66,28:66,28:66,same,same,same,same,same,same,same
28,67,28:67,28:67,28:67,28:67,28:67,28:67,28:67,same,same,same,same,same,same,same
28,68,28:68,28:68,28:68,28:68,28:68,28:68,28:68,same,same,same,same,same,same,same
28,69,28:69,28:69,28:69,28:69,28:69,28:69,28:69,same,same,same,same,same,same,same
28,70,28:70,28:70,28:70,28:70,28:70,28:70,28:70,same,same,same,same,same,same,same
28,71,28:71,28:71,28:71,28:71,28:71,28:71,28:71,same,same,same,same,same,same,same
28,72,28:72,28:72,28:72,28:72,28:72,28:72,28:72,same,same,same,same,same,same,same
28,73,28:73,28:73,28:73,28:73,28:73,28:73,28:73,same,same,same,same,same,same,same
28,74,28:74,28:74,28:74,28:74,28:74,28:74,28:74,same,same,same,same,same,same,same
28,75,28:75,28:75,28:75,28:75,28:75,28:75,28:75,same,same,same,same,same,same,same
28,76,28:76,28:76,28:76,28:76,28:76,28:76,28:76,same,same,same,same,same,same,same
28,77,28:77,28:77,28:77,28:77,28:77,28:77,28:77,same,same,same,same,same,same,same
28,78,28:78,28:78,28:78,28:78,28:78,28:78,28:78,same,same,same,same,same,same,same
28,79,28:79,28:79,28:79,28:79,28:79,28:79,28:79,same,same,same,same,same,same,same
28,80,28:80,28:80,28:80,28:80,28:80,28:80,28:80,same,same,same,same,same,same,same
28,81,28:81,28:81,28:81,28:81,28:81,28:81,28:81,same,same,same,same,same,same,same
28,82,28:82,28:82,28:82,28:82,28:82,28:82,28:82,same,same,same,same,same,same,same
28,83,28:83,28:83,28:83,28:83,28:83,28:83,28:83,same,same,same,same,same,same,same
28,84,28:84,28:84,28:84,28:84,28:84,28:84,28:84,same,same,same,same,same,same,same
28,85,28:85,28:85,28:85,28:85,28:85,28:85,28:85,same,same,same,same,same,same,same
28,86,28:86,28:86,28:86,28:86,28:86,28:86,28:86,same,same,same,same,same,same,same
28,87,28:87,28:87,28:87,28:87,28:87,28:87,28:87,same,same,same,same,same,same,same
28,88,28:88,28:88,28:88,28:88,28:88,28:88,28:88,same,same,same,same,same,same,same
29,1,29:1,29:1,29:1,29:1,29:1,29:1,29:1,same,same,merged,merged,merged,merged,merged
29,2,29:2,29:2,29:1,29:1,29:1,29:1,29:1,same,same,merged,merged,merged,merged,merged
29,3,29:3,29:3,29:2,29:2,29:2,29:2,29:2,same,same,same,same,same,same,same
29,4,29:4,29:4,29:3,29:3,29:3,29:3,29:3,same,same,same,same,same,same,same
29,5,29:5,29:5,29:4,29:4,29:4,29:4,29:4,same,same,same,same,same,same,same
29,6,29:6,29:6,29:5,29:5,29:5,29:5,29:5,same,same,same,same,same,same,same
29,7,29:7,29:7,29:6,29:6,29:6,29:6,29:6,same,same,same,same,same,same,same
29,8,29:8,29:8,29:7,29:7,29:7,29:7,29:7,same,same,same,same,same,same,same
29,9,29:9,29:9,29:8,29:8,29:8,29:8,29:8,same,same,same,same,same,same,same
29,10,29:10,29:10,29:9,29:9,29:9,29:9,29:9,same,same,same,same,same,same,same
29,11,29:11,29:11,29:10,29:10,29:10,29:10,29:10,same,same,same,same,same,same,same
29,12,29:12,29:12,29:11,29:11,29:11,29:11,29:11,same,same,same,same,same,same,same
29,13,29:13,29:13,29:12,29:12,29:12,29:12,29:12,same,same,same,same,same,same,same
29,14,29:14,29:14,29:13,29:13,29:13,29:13,29:13,same,same,same,same,same,same,same
29,15,29:15,29:15,29:14,29:14,29:14,29:14,29:14,same,same,same,same,same,same,same
29,16,29:16,29:16,29:15,29:15,29:15,29:15,29:15,same,same,same,same,same,same,same
29,17,29:17,29:17,29:16,29:16,29:16,29:16,29:16,same,same,same,same,same,same,same
29,18,29:18,29:18,29:17,29:17,29:17,29:17,29:17,same,same,same,same,same,same,same
29,19,29:19,29:19,29:18,29:18,29:18,29:18,29:18,same,same,same,same,same,same,same
29,20,29:20,29:20,29:19,29:19,29:19,29:19,29:19,same,same,same,same,same,same,same
29,21,29:21,29:21,29:20,29:20,29:20,29:20,29:20,same,same,same,same,same,same,same
29,22,29:22,29:22,29:21,29:21,29:21,29:21,29:21,same,same,same,same,same,same,same
29,23,29:23,29:23,29:22,29:22,29:22,29:22,29:22,same,same,same,same,same,same,same
29,24,29:24,29:24,29:23,29:23,29:23,29:23,29:23,same,same,same,same,same,same,same
29,25,29:25,29:25,29:24,29:24,29:24,29:24,29:24,same,same,same,same,same,same,same
29,26,29:26,29:26,29:25,29:25,29:25,29:25,29:25,same,same,same,same,same,same,same
29,27,29:27,29:27,29:26,29:26,29:26,29:26,29:26,same,same,same,same,same,same,same
29,28,29:28,29:28,29:27,29:27,29:27,29:27,29:27,same,same,same,same,same,same,same
29,29,29:29,29:29,29:28-29,29:28-29,29:28-29,29:28-29,29:28-29,same,same,split,split,split,split,split
29,30,29:30,29:30,29:30,29:30,29:30,29:30,29:30,same,same,same,same,same,same,same
29,31,29:31,29:31,29:31,29:31,29:31,29:31,29:31,same,same,same,same,same,same,same
29,32,29:32,29:32,29:32,29:32,29:32,29:32,29:32,same,same,same,same,same,same,same
29,33,29:33,29:33,29:33,29:33,29:33,29:33,29:33,same,same,same,same,same,same,same
29,34,29:34,29:34,29:34,29:34,29:34,29:34,29:34,same,same,same,same,same,same,same
29,35,29:35,29:35,29:35,29:35,29:35,29:35,29:35,same,same,same,same,same,same,same
29,36,29:36,29:36,29:36,29:36,29:36,29:36,29:36,same,same,same,same,same,same,same
29,37,29:37,29:37,29:37,29:37,29:37,29:37,29:37,same,same,same,same,same,same,same
29,38,29:38,29:38,29:38,29:38,29:38,29:38,29:38,same,same,same,same,same,same,same
29,39,29:39,29:39,29:39,29:39,29:39,29:39,29:39,same,same,same,same,same,same,same
29,40,29:40,29:40,29:40,29:40,29:40,29:40,29:40,same,same,same,same,same,same,same
29,41,29:41,29:41,29:41,29:41,29:41,29:41,29:41,same,same,same,same,same,same,same
29,42,29:42,29:42,29:42,29:42,29:42,29:42,29:42,same,same,same,same,same,same,same
29,43,29:43,29:43,29:43,29:43,29:43,29:43,29:43,same,same,same,same,same,same,same
29,44,29:44,29:44,29:44,29:44,29:44,29:44,29:44,same,same,same,same,same,same,same
29,45,29:45,29:45,29:45,29:45,29:45,29:45,29:45,same,same,same,same,same,same,same
29,46,29:46,29:46,29:46,29:46,29:46,29:46,29:46,same,same,same,same,same,same,same
29,47,29:47,29:47,29:47,29:47,29:47,29:47,29:47,same,same,same,same,same,same,same
29,48,29:48,29:48,29:48,29:48,29:48,29:48,29:48,same,same,same,same,same,same,same
29,49,29:49,29:49,29:49,29:49,29:49,29:49,29:49,same,same,same,same,same,same,same
29,50,29:50,29:50,29:50,29:50,29:50,29:50,29:50,same,same,same,same,same,same,same
29,51,29:51,29:51,29:51,29:51,29:51,29:51,29:51,same,same,same,same,same,same,same
29,52,29:52,29:52,29:52,29:52,29:52,29:52,29:52,same,same,same,same,same,same,same
29,53,29:53,29:53,29:53,29:53,29:53,29:53,29:53,same,same,same,same,same,same,same
29,54,29:54,29:54,29:54,29:54,29:54,29:54,29:54,same,same,same,same,same,same,same
29,55,29:55,29:55,29:55,29:55,29:55,29:55,29:55,same,same,same,same,same,same,same
29,56,29:56,29:56,29:56,29:56,29:56,29:56,29:56,same,same,same,same,same,same,same
29,57,29:57,29:57,29:57,29:57,29:57,29:57,29:57,same,same,same,same,same,same,same
29,58,29:58,29:58,29:58,29:58,29:58,29:58,29:58,same,same,same,same,same,same,same
29,59,29:59,29:59,29:59,29:59,29:59,29:59,29:59,same,same,same,same,same,same,same
29,60,29:60,29:60,29:60,29:60,29:60,29:60,29:60,same,same,same,same,same,same,same
29,61,29:61,29:61,29:61,29:61,29:61,29:61,29:61,same,same,same,same,same,same,same
29,62,29:62,29:62,29:62,29:62,29:62,29:62,29:62,same,same,same,same,same,same,same
29,63,29:63,29:63,29:63,29:63,29:63,29:63,29:63,same,same,same,same,same,same,same
29,64,29:64,29:64,29:64,29:64,29:64,29:64,29:64,same,same,same,same,same,same,same
29,65,29:65,29:65,29:65,29:65,29:65,29:65,29:65,same,same,same,same,same,same,same
29,66,29:66,29:66,29:66,29:66,29:66,29:66,29:66,same,same,same,same,same,same,same
29,67,29:67,29:67,29:67,29:67,29:67,29:67,29:67,same,same,same,same,same,same,same
29,68,29:68,29:68,29:68,29:68,29:68,29:68,29:68,same,same,same,same,same,same,same
29,69,29:69,29:69,29:69,29:69,29:69,29:69,29:69,same,same,same,same,same,same,same
30,1,30:1,30:1,30:1,30:1,30:1,30:1,30:1,same,same,merged,merged,merged,merged,merged
30,2,30:2,30:2,30:1,30:1,30:1,30:1,30:1,same,same,merged,merged,merged,merged,merged
30,3,30:3,30:3,30:1,30:1,30:1,30:2,30:2,same,same,merged,merged,merged,same,same
30,4,30:4,30:4,30:2-3,30:2-3,30:2-3,30:3,30:3,same,same,split,split,split,same,same
30,5,30:5,30:5,30:4,30:4,30:4,30:4,30:4,same,same,same,same,same,same,same
30,6,30:6,30:6,30:5,30:5,30:5,30:5,30:5,same,same,same,same,same,same,same
30,7,30:7,30:7,30:6,30:6,30:6,30:6,30:6,same,same,same,same,same,same,same
30,8,30:8,30:8,30:7,30:7,30:7,30:7,30:7,same,same,same,same,same,same,same
30,9,30:9,30:9,30:8,30:8,30:8,30:8,30:8,same,same,same,same,same,same,same
30,10,30:10,30:10,30:9,30:9,30:9,30:9,30:9,same,same,same,same,same,same,same
30,11,30:11,30:11,30:10,30:10,30:10,30:10,30:10,same,same,same,same,same,same,same
30,12,30:12,30:12,30:11,30:11,30:11,30:11,30:11,same,same,same,same,same,same,same
30,13,30:13,30:13,30:12,30:12,30:12,30:12,30:12,same,same,same,same,same,same,same
30,14,30:14,30:14,30:13,30:13,30:13,30:13,30:13,same,same,same,same,same,same,same
30,15,30:15,30:15,30:14,30:14,30:14,30:14,30:14,same,same,same,same,same,same,same
30,16,30:16,30:16,30:15,30:15,30:15,30:15,30:15,same,same,same,same,same,same,same
30,17,30:17,30:17,30:16,30:16,30:16,30:16,30:16,same,same,same,same,same,same,same
30,18,30:18,30:18,30:17,30:17,30:17,30:17,30:17,same,same,same,same,same,same,same
30,19,30:19,30:19,30:18,30:18,30:18,30:18,30:18,same,same,same,same,same,same,same
30,20,30:20,30:20,30:19,30:19,30:19,30:19,30:19,same,same,same,same,same,same,same
30,21,30:21,30:21,30:20,30:20,30:20,30:20,30:20,same,same,same,same,same,same,same
30,22,30:22,30:22,30:21,30:21,30:21,30:21,30:21,same,same,same,same,same,same,same
30,23,30:23,30:23,30:22,30:22,30:22,30:22,30:22,same,same,same,same,same,same,same
30,24,30:24,30:24,30:23,30:23,30:23,30:23,30:23,same,same,same,same,same,same,same
30,25,30:25,30:25,30:24,30:24,30:24,30:24,30:24,same,same,same,same,same,same,same
30,26,30:26,30:26,30:25,30:25,30:25,30:25,30:25,same,same,same,same,same,same,same
30,27,30:27,30:27,30:26,30:26,30:26,30:26,30:26,same,same,same,same,same,same,same
30,28,30:28,30:28,30:27,30:27,30:27,30:27,30:27,same,same,same,same,same,same,same
30,29,30:29,30:29,30:28,30:28,30:28,30:28,30:28,same,same,same,same,same,same,same
30,30,30:30,30:30,30:29,30:29,30:29,30:29,30:29,same,same,same,same,same,same,same
30,31,30:31,30:31,30:30,30:30,30:30,30:30,30:30,same,same,same,same,same,same,same
30,32,30:32,30:32,30:31,30:31,30:31,30:31,30:31,same,same,same,same,same,same,same
30,33,30:33,30:33,30:32,30:32,30:32,30:32,30:32,same,same,same,same,same,same,same
30,34,30:34,30:34,30:33,30:33,30:33,30:33,30:33,same,same,same,same,same,same,same
30,35,30:35,30:35,30:34,30:34,30:34,30:34,30:34,same,same,same,same,same,same,same
30,36,30:36,30:36,30:35,30:35,30:35,30:35,30:35,same,same,same,same,same,same,same
30,37,30:37,30:37,30:36,30:36,30:36,30:36,30:36,same,same,same,same,same,same,same
30,38,30:38,30:38,30:37,30:37,30:37,30:37,30:37,same,same,same,same,same,same,same
30,39,30:39,30:39,30:38,30:38,30:38,30:38,30:38,same,same,same,same,same,same,same
30,40,30:40,30:40,30:39,30:39,30:39,30:39,30:39,same,same,same,same,same,same,same
30,41,30:41,30:41,30:40,30:40,30:40,30:40,30:40,same,same,same,same,same,same,same
30,42,30:42,30:42,30:41,30:41,30:41,30:41,30:41,same,same,same,same,same,same,same
30,43,30:43,30:43,30:42,30:42,30:42,30:42,30:42,same,same,same,same,same,same,same
30,44,30:44,30:44,30:43,30:43,30:43,30:43,30:43,same,same,same,same,same,same,same
30,45,30:45,30:45,30:44,30:44,30:44,30:44,30:44,same,same,same,same,same,same,same
30,46,30:46,30:46,30:45,30:45,30:45,30:45,30:45,same,same,same,same,same,same,same
30,47,30:47,30:47,30:46,30:46,30:46,30:46,30:46,same,same,same,same,same,same,same
30,48,30:48,30:48,30:47,30:47,30:47,30:47,30:47,same,same,same,same,same,same,same
30,49,30:49,30:49,30:48,30:48,30:48,30:48,30:48,same,same,same,same,same,same,same
30,50,30:50,30:50,30:49,30:49,30:49,30:49,30:49,same,same,same,same,same,same,same
30,51,30:51,30:51,30:50,30:50,30:50,30:50,30:50,same,same,same,same,same,same,same
30,52,30:52,30:52,30:51,30:51,30:51,30:51,30:51,same,same,same,same,same,same,same
30,53,30:53,30:53,30:52,30:52,30:52,30:52,30:52,same,same,same,same,same,same,same
30,54,30:54,30:54,30:53,30:53,30:53,30:53,30:53,same,same,same,same,same,same,same
30,55,30:55,30:55,30:54,30:54,30:54,30:54-55,30:54-55,same,same,same,same,same,split,split
30,56,30:56,30:56,30:55,30:55,30:55,30:56,30:56,same,same,same,same,same,same,same
30,57,30:57,30:57,30:56,30:56,30:56,30:57,30:57,same,same,same,same,same,same,same
30,58,30:58,30:58,30:57,30:57,30:57,30:58,30:58,same,same,same,same,same,same,same
30,59,30:59,30:59,30:58,30:58,30:58,30:59,30:59,same,same,same,same,same,same,same
30,60,30:60,30:60,30:59,30:59,30:59,30:60,30:60,same,same,same,same,same,same,same
31,1,31:1,31:1,31:1,31:1,31:1,31:1,31:1,same,same,merged,merged,merged,merged,merged
31,2,31:2,31:2,31:1,31:1,31:1,31:1,31:1,same,same,merged,merged,merged,merged,merged
31,3,31:3,31:3,31:2,31:2,31:2,31:2,31:2,same,same,same,same,same,same,same
31,4,31:4,31:4,31:3,31:3,31:3,31:3,31:3,same,same,same,same,same,same,same
31,5,31:5,31:5,31:4,31:4,31:4,31:4,31:4,same,same,same,same,same,same,same
31,6,31:6,31:6,31:5,31:5,31:5,31:5,31:5,same,same,same,same,same,same,same
31,7,31:7,31:7,31:6,31:6,31:6,31:6,31:6,same,same,same,same,same,same,same
31,8,31:8,31:8,31:7,31:7,31:7,31:7,31:7,same,same,same,same,same,same,same
31,9,31:9,31:9,31:8,31:8,31:8,31:8,31:8,same,same,same,same,same,same,same
31,10,31:10,31:10,31:9,31:9,31:9,31:9,31:9,same,same,same,same,same,same,same
31,11,31:11,31:11,31:10,31:10,31:10,31:10,31:10,same,same,same,same,same,same,same
31,12,31:12,31:12,31:11,31:11,31:11,31:11,31:11,same,same,same,same,same,same,same
31,13,31:13,31:13,31:12,31:12,31:12,31:12,31:12,same,same,same,same,same,same,same
31,14,31:14,31:14,31:13,31:13,31:13,31:13,31:13,same,same,same,same,same,same,same
31,15,31:15,31:15,31:14,31:14,31:14,31:14,31:14,same,same,same,same,same,same,same
31,16,31:16,31:16,31:15,31:15,31:15,31:15,31:15,same,same,same,same,same,same,same
31,17,31:17,31:17,31:16,31:16,31:16,31:16,31:16,same,same,same,same,same,same,same
31,18,31:18,31:18,31:17,31:17,31:17,31:17,31:17,same,same,same,same,same,same,same
31,19,31:19,31:19,31:18,31:18,31:18,31:18,31:18,same,same,same,same,same,same,same
31,20,31:20,31:20,31:19,31:19,31:19,31:19,31:19,same,same,same,same,same,same,same
31,21,31:21,31:21,31:20,31:20,31:20,31:20,31:20,same,same,same,same,same,same,same
31,22,31:22,31:22,31:21,31:21,31:21,31:21,31:21,same,same,same,same,same,same,same
31,23,31:23,31:23,31:22,31:22,31:22,31:22,31:22,same,same,same,same,same,same,same
31,24,31:24,31:24,31:23,31:23,31:23,31:23,31:23,same,same,same,same,same,same,same
31,25,31:25,31:25,31:24,31:24,31:24,31:24,31:24,same,same,same,same,same,same,same
31,26,31:26,31:26,31:25,31:25,31:25,31:25,31:25,same,same,same,same,same,same,same
31,27,31:27,31:27,31:26,31:26,31:26,31:26,31:26,same,same,same,same,same,same,same
31,28,31:28,31:28,31:27,31:27,31:27,31:27,31:27,same,same,same,same,same,same,same
31,29,31:29,31:29,31:28,31:28,31:28,31:28,31:28,same,same,same,same,same,same,same
31,30,31:30,31:30,31:29,31:29,31:29,31:29,31:29,same,same,same,same,same,same,same
31,31,31:31,31:31,31:30,31:30,31:30,31:30,31:30,same,same,same,same,same,same,same
31,32,31:32,31:32,31:31,31:31,31:31,31:31,31:31,same,same,same,same,same,same,same
31,33,31:33,31:33,31:32,31:32,31:32,31:32,31:32,same,same,same,same,same,same,same
31,34,31:34,31:34,31:33,31:33,31:33,31:33,31:33,same,same,same,same,same,same,same
32,1,32:1,32:1,32:1,32:1,32:1,32:1,32:1,same,same,merged,merged,merged,merged,merged
32,2,32:2,32:2,32:1,32:1,32:1,32:1,32:1,same,same,merged,merged,merged,merged,merged
32,3,32:3,32:3,32:2,32:2,32:2,32:2,32:2,same,same,same,same,same,same,same
32,4,32:4,32:4,32:3,32:3,32:3,32:3,32:3,same,same,same,same,same,same,same
32,5,32:5,32:5,32:4,32:4,32:4,32:4,32:4,same,same,same,same,same,same,same
32,6,32:6,32:6,32:5,32:5,32:5,32:5,32:5,same,same,same,same,same,same,same
32,7,32:7,32:7,32:6,32:6,32:6,32:6,32:6,same,same,same,same,same,same,same
32,8,32:8,32:8,32:7,32:7,32:7,32:7,32:7,same,same,same,same,same,same,same
32,9,32:9,32:9,32:8,32:8,32:8,32:8,32:8,same,same,same,same,same,same,same
32,10,32:10,32:10,32:9-10,32:9-10,32:9-10,32:9-10,32:9-10,same,same,split,split,split,split,split
32,11,32:11,32:11,32:11,32:11,32:11,32:11,32:11,same,same,same,same,same,same,same
32,12,32:12,32:12,32:12,32:12,32:12,32:12,32:12,same,same,same,same,same,same,same
32,13,32:13,32:13,32:13,32:13,32:13,32:13,32:13,same,same,same,same,same,same,same
32,14,32:14,32:14,32:14,32:14,32:14,32:14,32:14,same,same,same,same,same,same,same
32,15,32:15,32:15,32:15,32:15,32:15,32:15,32:15,same,same,same,same,same,same,same
32,16,32:16,32:16,32:16,32:16,32:16,32:16,32:16,same,same,same,same,same,same,same
32,17,32:17,32:17,32:17,32:17,32:17,32:17,32:17,same,same,same,same,same,same,same
32,18,32:18,32:18,32:18,32:18,32:18,32:18,32:18,same,same,same,same,same,same,same
32,19,32:19,32:19,32:19,32:19,32:19,32:19,32:19,same,same,same,same,same,same,same
32,20,32:20,32:20,32:20,32:20,32:20,32:20,32:20,same,same,same,same,same,same,same
32,21,32:21,32:21,32:21,32:21,32:21,32:21,32:21,same,same,same,same,same,same,same
32,22,32:22,32:22,32:22,32:22,32:22,32:22,32:22,same,same,same,same,same,same,same
32,23,32:23,32:23,32:23,32:23,32:23,32:23,32:23,same,same,same,same,same,same,same
32,24,32:24,32:24,32:24,32:24,32:24,32:24,32:24,same,same,same,same,same,same,same
32,25,32:25,32:25,32:25,32:25,32:25,32:25,32:25,same,same,same,same,same,same,same
32,26,32:26,32:26,32:26,32:26,32:26,32:26,32:26,same,same,same,same,same,same,same
32,27,32:27,32:27,32:27,32:27,32:27,32:27,32:27,same,same,same,same,same,same,same
32,28,32:28,32:28,32:28,32:28,32:28,32:28,32:28,same,same,same,same,same,same,same
32,29,32:29,32:29,32:29,32:29,32:29,32:29,32:29,same,same,same,same,same,same,same
32,30,32:30,32:30,32:30,32:30,32:30,32:30,32:30,same,same,same,same,same,same,same
33,1,33:1,33:1,33:1,33:1,33:1,33:1,33:1,same,same,same,same,same,same,same
33,2,33:2,33:2,33:2,33:2,33:2,33:2,33:2,same,same,same,same,same,same,same
33,3,33:3,33:3,33:3,33:3,33:3,33:3,33:3,same,same,same,same,same,same,same
33,4,33:4,33:4,33:4,33:4,33:4,33:4,33:4,same,same,same,same,same,same,same
33,5,33:5,33:5,33:5,33:5,33:5,33:5,33:5,same,same,same,same,same,same,same
33,6,33:6,33:6,33:6,33:6,33:6,33:6,33:6,same,same,same,same,same,same,same
33,7,33:7,33:7,33:7,33:7,33:7,33:7,33:7,same,same,same,same,same,same,same
33,8,33:8,33:8,33:8,33:8,33:8,33:8,33:8,same,same,same,same,same,same,same
33,9,33:9,33:9,33:9,33:9,33:9,33:9,33:9,same,same,same,same,same,same,same
33,10,33:10,33:10,33:10,33:10,33:10,33:10,33:10,same,same,same,same,same,same,same
33,11,33:11,33:11,33:11,33:11,33:11,33:11,33:11,same,same,same,same,same,same,same
33,12,33:12,33:12,33:12,33:12,33:12,33:12,33:12,same,same,same,same,same,same,same
33,13,33:13,33:13,33:13,33:13,33:13,33:13,33:13,same,same,same,same,same,same,same
33,14,33:14,33:14,33:14,33:14,33:14,33:14,33:14,same,same,same,same,same,same,same
33,15,33:15,33:15,33:15,33:15,33:15,33:15,33:15,same,same,same,same,same,same,same
33,16,33:16,33:16,33:16,33:16,33:16,33:16,33:16,same,same,same,same,same,same,same
33,17,33:17,33:17,33:17,33:17,33:17,33:17,33:17,same,same,same,same,same,same,same
33,18,33:18,33:18,33:18,33:18,33:18,33:18,33:18,same,same,same,same,same,same,same
33,19,33:19,33:19,33:19,33:19,33:19,33:19,33:19,same,same,same,same,same,same,same
33,20,33:20,33:20,33:20,33:20,33:20,33:20,33:20,same,same,same,same,same,same,same
33,21,33:21,33:21,33:21,33:21,33:21,33:21,33:21,same,same,same,same,same,same,same
33,22,33:22,33:22,33:22,33:22,33:22,33:22,33:22,same,same,same,same,same,same,same
33,23,33:23,33:23,33:23,33:23,33:23,33:23,33:23,same,same,same,same,same,same,same
33,24,33:24,33:24,33:24,33:24,33:24,33:24,33:24,same,same,same,same,same,same,same
33,25,33:25,33:25,33:25,33:25,33:25,33:25,33:25,same,same,same,same,same,same,same
33,26,33:26,33:26,33:26,33:26,33:26,33:26,33:26,same,same,same,same,same,same,same
33,27,33:27,33:27,33:27,33:27,33:27,33:27,33:27,same,same,same,same,same,same,same
33,28,33:28,33:28,33:28,33:28,33:28,33:28,33:28,same,same,same,same,same,same,same
33,29,33:29,33:29,33:29,33:29,33:29,33:29,33:29,same,same,same,same,same,same,same
33,30,33:30,33:30,33:30,33:30,33:30,33:30,33:30,same,same,same,same,same,same,same
33,31,33:31,33:31,33:31,33:31,33:31,33:31,33:31,same,same,same,same,same,same,same
33,32,33:32,33:32,33:32,33:32,33:32,33:32,33:32,same,same,same,same,same,same,same
33,33,33:33,33:33,33:33,33:33,33:33,33:33,33:33,same,same,same,same,same,same,same
33,34,33:34,33:34,33:34,33:34,33:34,33:34,33:34,same,same,same,same,same,same,same
33,35,33:35,33:35,33:35,33:35,33:35,33:35,33:35,same,same,same,same,same,same,same
33,36,33:36,33:36,33:36,33:36,33:36,33:36,33:36,same,same,same,same,same,same,same
33,37,33:37,33:37,33:37,33:37,33:37,33:37,33:37,same,same,same,same,same,same,same
33,38,33:38,33:38,33:38,33:38,33:38,33:38,33:38,same,same,same,same,same,same,same
33,39,33:39,33:39,33:39,33:39,33:39,33:39,33:39,same,same,same,same,same,same,same
33,40,33:40,33:40,33:40,33:40,33:40,33:40,33:40,same,same,same,same,same,same,same
33,41,33:41,33:41,33:41,33:41,33:41,33:41,33:41,same,same,same,same,same,same,same
33,42,33:42,33:42,33:42,33:42,33:42,33:42,33:42,same,same,same,same,same,same,same
33,43,33:43,33:43,33:43,33:43,33:43,33:43,33:43,same,same,same,same,same,same,same
33,44,33:44,33:44,33:44,33:44,33:44,33:44,33:44,same,same,same,same,same,same,same
33,45,33:45,33:45,33:45,33:45,33:45,33:45,33:45,same,same,same,same,same,same,same
33,46,33:46,33:46,33:46,33:46,33:46,33:46,33:46,same,same,same,same,same,same,same
33,47,33:47,33:47,33:47,33:47,33:47,33:47,33:47,same,same,same,same,same,same,same
33,48,33:48,33:48,33:48,33:48,33:48,33:48,33:48,same,same,same,same,same,same,same
33,49,33:49,33:49,33:49,33:49,33:49,33:49,33:49,same,same,same,same,same,same,same
33,50,33:50,33:50,33:50,33:50,33:50,33:50,33:50,same,same,same,same,same,same,same
33,51,33:51,33:51,33:51,33:51,33:51,33:51,33:51,same,same,same,same,same,same,same
33,52,33:52,33:52,33:52,33:52,33:52,33:52,33:52,same,same,same,same,same,same,same
33,53,33:53,33:53,33:53,33:53,33:53,33:53,33:53,same,same,same,same,same,same,same
33,54,33:54,33:54,33:54,33:54,33:54,33:54,33:54,same,same,same,same,same,same,same
33,55,33:55,33:55,33:55,33:55,33:55,33:55,33:55,same,same,same,same,same,same,same
33,56,33:56,33:56,33:56,33:56,33:56,33:56,33:56,same,same,same,same,same,same,same
33,57,33:57,33:57,33:57,33:57,33:57,33:57,33:57,same,same,same,same,same,same,same
33,58,33:58,33:58,33:58,33:58,33:58,33:58,33:58,same,same,same,same,same,same,same
33,59,33:59,33:59,33:59,33:59,33:59,33:59,33:59,same,same,same,same,same,same,same
33,60,33:60,33:60,33:60,33:60,33:60,33:60,33:60,same,same,same,same,same,same,same
33,61,33:61,33:61,33:61,33:61,33:61,33:61,33:61,same,same,same,same,same,same,same
33,62,33:62,33:62,33:62,33:62,33:62,33:62,33:62,same,same,same,same,same,same,same
33,63,33:63,33:63,33:63,33:63,33:63,33:63,33:63,same,same,same,same,same,same,same
33,64,33:64,33:64,33:64,33:64,33:64,33:64,33:64,same,same,same,same,same,same,same
33,65,33:65,33:65,33:65,33:65,33:65,33:65,33:65,same,same,same,same,same,same,same
33,66,33:66,33:66,33:66,33:66,33:66,33:66,33:66,same,same,same,same,same,same,same
33,67,33:67,33:67,33:67,33:67,33:67,33:67,33:67,same,same,same,same,same,same,same
33,68,33:68,33:68,33:68,33:68,33:68,33:68,33:68,same,same,same,same,same,same,same
33,69,33:69,33:69,33:69,33:69,33:69,33:69,33:69,same,same,same,same,same,same,same
33,70,33:70,33:70,33:70,33:70,33:70,33:70,33:70,same,same,same,same,same,same,same
33,71,33:71,33:71,33:71,33:71,33:71,33:71,33:71,same,same,same,same,same,same,same
33,72,33:72,33:72,33:72,33:72,33:72,33:72,33:72,same,same,same,same,same,same,same
33,73,33:73,33:73,33:73,33:73,33:73,33:73,33:73,same,same,same,same,same,same,same
34,1,34:1,34:1,34:1,34:1,34:1,34:1,34:1,same,same,same,same,same,same,same
34,2,34:2,34:2,34:2,34:2,34:2,34:2,34:2,same,same,same,same,same,same,same
34,3,34:3,34:3,34:3,34:3,34:3,34:3,34:3,same,same,same,same,same,same,same
34,4,34:4,34:4,34:4,34:4,34:4,34:4,34:4,same,same,same,same,same,same,same
34,5,34:5,34:5,34:5,34:5,34:5,34:5,34:5,same,same,same,same,same,same,same
34,6,34:6,34:6,34:6,34:6,34:6,34:6,34:6,same,same,same,same,same,same,same
34,7,34:7,34:7,34:7,34:7,34:7,34:7,34:7,same,same,same,same,same,same,same
34,8,34:8,34:8,34:8,34:8,34:8,34:8,34:8,same,same,same,same,same,same,same
34,9,34:9,34:9,34:9,34:9,34:9,34:9,34:9,same,same,same,same,same,same,same
34,10,34:10,34:10,34:10,34:10,34:10,34:10,34:10,same,same,same,same,same,same,same
34,11,34:11,34:11,34:11,34:11,34:11,34:11,34:11,same,same,same,same,same,same,same
34,12,34:12,34:12,34:12,34:12,34:12,34:12,34:12,same,same,same,same,same,same,same
34,13,34:13,34:13,34:13,34:13,34:13,34:13,34:13,same,same,same,same,same,same,same
34,14,34:14,34:14,34:14,34:14,34:14,34:14,34:14,same,same,same,same,same,same,same
34,15,34:15,34:15,34:15,34:15,34:15,34:15,34:15,same,same,same,same,same,same,same
34,16,34:16,34:16,34:16,34:16,34:16,34:16,34:16,same,same,same,same,same,same,same
34,17,34:17,34:17,34:17,34:17,34:17,34:17,34:17,same,same,same,same,same,same,same
34,18,34:18,34:18,34:18,34:18,34:18,34:18,34:18,same,same,same,same,same,same,same
34,19,34:19,34:19,34:19,34:19,34:19,34:19,34:19,same,same,same,same,same,same,same
34,20,34:20,34:20,34:20,34:20,34:20,34:20,34:20,same,same,same,same,same,same,same
34,21,34:21,34:21,34:21,34:21,34:21,34:21,34:21,same,same,same,same,same,same,same
34,22,34:22,34:22,34:22,34:22,34:22,34:22,34:22,same,same,same,same,same,same,same
34,23,34:23,34:23,34:23,34:23,34:23,34:23,34:23,same,same,same,same,same,same,same
34,24,34:24,34:24,34:24,34:24,34:24,34:24,34:24,same,same,same,same,same,same,same
34,25,34:25,34:25,34:25,34:25,34:25,34:25,34:25,same,same,same,same,same,same,same
34,26,34:26,34:26,34:26,34:26,34:26,34:26,34:26,same,same,same,same,same,same,same
34,27,34:27,34:27,34:27,34:27,34:27,34:27,34:27,same,same,same,same,same,same,same
34,28,34:28,34:28,34:28,34:28,34:28,34:28,34:28,same,same,same,same,same,same,same
34,29,34:29,34:29,34:29,34:29,34:29,34:29,34:29,same,same,same,same,same,same,same
34,30,34:30,34:30,34:30,34:30,34:30,34:30,34:30,same,same,same,same,same,same,same
34,31,34:31,34:31,34:31,34:31,34:31,34:31,34:31,same,same,same,same,same,same,same
34,32,34:32,34:32,34:32,34:32,34:32,34:32,34:32,same,same,same,same,same,same,same
34,33,34:33,34:33,34:33,34:33,34:33,34:33,34:33,same,same,same,same,same,same,same
34,34,34:34,34:34,34:34,34:34,34:34,34:34,34:34,same,same,same,same,same,same,same
34,35,34:35,34:35,34:35,34:35,34:35,34:35,34:35,same,same,same,same,same,same,same
34,36,34:36,34:36,34:36,34:36,34:36,34:36,34:36,same,same,same,same,same,same,same
34,37,34:37,34:37,34:37,34:37,34:37,34:37,34:37,same,same,same,same,same,same,same
34,38,34:38,34:38,34:38,34:38,34:38,34:38,34:38,same,same,same,same,same,same,same
34,39,34:39,34:39,34:39,34:39,34:39,34:39,34:39,same,same,same,same,same,same,same
34,40,34:40,34:40,34:40,34:40,34:40,34:40,34:40,same,same,same,same,same,same,same
34,41,34:41,34:41,34:41,34:41,34:41,34:41,34:41,same,same,same,same,same,same,same
34,42,34:42,34:42,34:42,34:42,34:42,34:42,34:42,same,same,same,same,same,same,same
34,43,34:43,34:43,34:43,34:43,34:43,34:43,34:43,same,same,same,same,same,same,same
34,44,34:44,34:44,34:44,34:44,34:44,34:44,34:44,same,same,same,same,same,same,same
34,45,34:45,34:45,34:45,34:45,34:45,34:45,34:45,same,same,same,same,same,same,same
34,46,34:46,34:46,34:46,34:46,34:46,34:46,34:46,same,same,same,same,same,same,same
34,47,34:47,34:47,34:47,34:47,34:47,34:47,34:47,same,same,same,same,same,same,same
34,48,34:48,34:48,34:48,34:48,34:48,34:48,34:48,same,same,same,same,same,same,same
34,49,34:49,34:49,34:49,34:49,34:49,34:49,34:49,same,same,same,same,same,same,same
34,50,34:50,34:50,34:50,34:50,34:50,34:50,34:50,same,same,same,same,same,same,same
34,51,34:51,34:51,34:51,34:51,34:51,34:51,34:51,same,same,same,same,same,same,same
34,52,34:52,34:52,34:52,34:52,34:52,34:52,34:52,same,same,same,same,same,same,same
34,53,34:53,34:53,34:53,34:53,34:53,34:53,34:53,same,same,same,same,same,same,same
34,54,34:54,34:54,34:54,34:54,34:54,34:54,34:54,same,same,same,same,same,same,same
35,1,35:1,35:1,35:1,35:1,35:1,35:1,35:1,same,same,same,same,same,same,same
35,2,35:2,35:2,35:2,35:2,35:2,35:2,35:2,same,same,same,same,same,same,same
35,3,35:3,35:3,35:3,35:3,35:3,35:3,35:3,same,same,same,same,same,same,same
35,4,35:4,35:4,35:4,35:4,35:4,35:4,35:4,same,same,same,same,same,same,same
35,5,35:5,35:5,35:5,35:5,35:5,35:5,35:5,same,same,same,same,same,same,same
35,6,35:6,35:6,35:6,35:6,35:6,35:6,35:6,same,same,same,same,same,same,same
35,7,35:7,35:7,35:7,35:7,35:7,35:7,35:7,same,same,same,same,same,same,same
35,8,35:8,35:8,35:8,35:8,35:8,35:8,35:8,same,same,same,same,same,same,same
35,9,35:9,35:9,35:9,35:9,35:9,35:9,35:9,same,same,same,same,same,same,same
35,10,35:10,35:10,35:10,35:10,35:10,35:10,35:10,same,same,same,same,same,same,same
35,11,35:11,35:11,35:11,35:11,35:11,35:11,35:11,same,same,same,same,same,same,same
35,12,35:12,35:12,35:12,35:12,35:12,35:12,35:12,same,same,same,same,same,same,same
35,13,35:13,35:13,35:13,35:13,35:13,35:13,35:13,same,same,same,same,same,same,same
35,14,35:14,35:14,35:14,35:14,35:14,35:14,35:14,same,same,same,same,same,same,same
35,15,35:15,35:15,35:15,35:15,35:15,35:15,35:15,same,same,same,same,same,same,same
35,16,35:16,35:16,35:16,35:16,35:16,35:16,35:16,same,same,same,same,same,same,same
35,17,35:17,35:17,35:17,35:17,35:17,35:17,35:17,same,same,same,same,same,same,same
35,18,35:18,35:18,35:18,35:18,35:18,35:18,35:18,same,same,same,same,same,same,same
35,19,35:19,35:19,35:19,35:19,35:19,35:19,35:19,same,same,same,same,same,same,same
35,20,35:20,35:20,35:20,35:20,35:20,35:20,35:20,same,same,same,same,same,same,same
35,21,35:21,35:21,35:21,35:21,35:21,35:21,35:21,same,same,same,same,same,same,same
35,22,35:22,35:22,35:22,35:22,35:22,35:22,35:22,same,same,same,same,same,same,same
35,23,35:23,35:23,35:23,35:23,35:23,35:23,35:23,same,same,same,same,same,same,same
35,24,35:24,35:24,35:24,35:24,35:24,35:24,35:24,same,same,same,same,same,same,same
35,25,35:25,35:25,35:25,35:25,35:25,35:25,35:25,same,same,same,same,same,same,same
35,26,35:26,35:26,35:26,35:26,35:26,35:26,35:26,same,same,same,same,same,same,same
35,27,35:27,35:27,35:27,35:27,35:27,35:27,35:27,same,same,same,same,same,same,same
35,28,35:28,35:28,35:28,35:28,35:28,35:28,35:28,same,same,same,same,same,same,same
35,29,35:29,35:29,35:29,35:29,35:29,35:29,35:29,same,same,same,same,same,same,same
35,30,35:30,35:30,35:30,35:30,35:30,35:30,35:30,same,same,same,same,same,same,same
35,31,35:31,35:31,35:31,35:31,35:31,35:31,35:31,same,same,same,same,same,same,same
35,32,35:32,35:32,35:32,35:32,35:32,35:32,35:32,same,same,same,same,same,same,same
35,33,35:33,35:33,35:33,35:33,35:33,35:33,35:33,same,same,same,same,same,same,same
35,34,35:34,35:34,35:34,35:34,35:34,35:34,35:34,same,same,same,same,same,same,same
35,35,35:35,35:35,35:35,35:35,35:35,35:35,35:35,same,same,same,same,same,same,same
35,36,35:36,35:36,35:36,35:36,35:36,35:36,35:36,same,same,same,same,same,same,same
35,37,35:37,35:37,35:37,35:37,35:37,35:37,35:37,same,same,same,same,same,same,same
35,38,35:38,35:38,35:38,35:38,35:38,35:38,35:38,same,same,same,same,same,same,same
35,39,35:39,35:39,35:39,35:39,35:39,35:39,35:39,same,same,same,same,same,same,same
35,40,35:40,35:40,35:40,35:40,35:40,35:40,35:40,same,same,same,same,same,same,same
35,41,35:41,35:41,35:41,35:41,35:41,35:41,35:41,same,same,same,same,same,same,same
35,42,35:42,35:42,35:42,35:42,35:42,35:42,35:42,same,same,same,same,same,same,same
35,43,35:43,35:43,35:43,35:43-44,35:43-44,35:43,35:43,same,same,same,split,split,same,same
35,44,35:44,35:44,35:44,35:45,35:45,35:44,35:44,same,same,same,same,same,same,same
35,45,35:45,35:45,35:45,35:46,35:46,35:45,35:45,same,same,same,same,same,same,same
36,1,36:1,36:1,36:1,36:1,36:1,36:1,36:1,same,same,merged,merged,merged,merged,merged
36,2,36:2,36:2,36:1,36:1,36:1,36:1,36:1,same,same,merged,merged,merged,merged,merged
36,3,36:3,36:3,36:2,36:2,36:2,36:2,36:2,same,same,same,same,same,same,same
36,4,36:4,36:4,36:3,36:3,36:3,36:3,36:3,same,same,same,same,same,same,same
36,5,36:5,36:5,36:4,36:4,36:4,36:4,36:4,same,same,same,same,same,same,same
36,6,36:6,36:6,36:5,36:5,36:5,36:5,36:5,same,same,same,same,same,same,same
36,7,36:7,36:7,36:6,36:6,36:6,36:6,36:6,same,same,same,same,same,same,same
36,8,36:8,36:8,36:7,36:7,36:7,36:7,36:7,same,same,same,same,same,same,same
36,9,36:9,36:9,36:8,36:8,36:8,36:8,36:8,same,same,same,same,same,same,same
36,10,36:10,36:10,36:9,36:9,36:9,36:9,36:9,same,same,same,same,same,same,same
36,11,36:11,36:11,36:10,36:10,36:10,36:10,36:10,same,same,same,same,same,same,same
36,12,36:12,36:12,36:11,36:11,36:11,36:11,36:11,same,same,same,same,same,same,same
36,13,36:13,36:13,36:12,36:12,36:12,36:12,36:12,same,same,same,same,same,same,same
36,14,36:14,36:14,36:13,36:13,36:13,36:13,36:13,same,same,same,same,same,same,same
36,15,36:15,36:15,36:14,36:14,36:14,36:14,36:14,same,same,same,same,same,same,same
36,16,36:16,36:16,36:15,36:15,36:15,36:15,36:15,same,same,same,same,same,same,same
36,17,36:17,36:17,36:16,36:16,36:16,36:16,36:16,same,same,same,same,same,same,same
36,18,36:18,36:18,36:17,36:17,36:17,36:17,36:17,same,same,same,same,same,same,same
36,19,36:19,36:19,36:18,36:18,36:18,36:18,36:18,same,same,same,same,same,same,same
36,20,36:20,36:20,36:19,36:19,36:19,36:19,36:19,same,same,same,same,same,same,same
36,21,36:21,36:21,36:20,36:20,36:20,36:20,36:20,same,same,same,same,same,same,same
36,22,36:22,36:22,36:21,36:21,36:21,36:21,36:21,same,same,same,same,same,same,same
36,23,36:23,36:23,36:22,36:22,36:22,36:22,36:22,same,same,same,same,same,same,same
36,24,36:24,36:24,36:23,36:23,36:23,36:23,36:23,same,same,same,same,same,same,same
36,25,36:25,36:25,36:24,36:24,36:24,36:24,36:24,same,same,same,same,same,same,same
36,26,36:26,36:26,36:25,36:25,36:25,36:25,36:25,same,same,same,same,same,same,same
36,27,36:27,36:27,36:26,36:26,36:26,36:26,36:26,same,same,same,same,same,same,same
36,28,36:28,36:28,36:27,36:27,36:27,36:27,36:27,same,same,same,same,same,same,same
36,29,36:29,36:29,36:28,36:28,36:28,36:28,36:28,same,same,same,same,same,same,same
36,30,36:30,36:30,36:29,36:29,36:29,36:29,36:29,same,same,same,same,same,same,same
36,31,36:31,36:31,36:30,36:30,36:30,36:30,36:30,same,same,same,same,same,same,same
36,32,36:32,36:32,36:31,36:31,36:31,36:31,36:31,same,same,same,same,same,same,same
36,33,36:33,36:33,36:32,36:32,36:32,36:32,36:32,same,same,same,same,same,same,same
36,34,36:34,36:34,36:33,36:33,36:33,36:33,36:33,same,same,same,same,same,same,same
36,35,36:35,36:35,36:34,36:34,36:34,36:34,36:34,same,same,same,same,same,same,same
36,36,36:36,36:36,36:35,36:35,36:35,36:35,36:35,same,same,same,same,same,same,same
36,37,36:37,36:37,36:36,36:36,36:36,36:36,36:36,same,same,same,same,same,same,same
36,38,36:38,36:38,36:37,36:37,36:37,36:37,36:37,same,same,same,same,same,same,same
36,39,36:39,36:39,36:38,36:38,36:38,36:38,36:38,same,same,same,same,same,same,same
36,40,36:40,36:40,36:39,36:39,36:39,36:39,36:39,same,same,same,same,same,same,same
36,41,36:41,36:41,36:40,36:40,36:40,36:40,36:40,same,same,same,same,same,same,same
36,42,36:42,36:42,36:41,36:41,36:41,36:41,36:41,same,same,same,same,same,same,same
36,43,36:43,36:43,36:42,36:42,36:42,36:42,36:42,same,same,same,same,same,same,same
36,44,36:44,36:44,36:43,36:43,36:43,36:43,36:43,same,same,same,same,same,same,same
36,45,36:45,36:45,36:44,36:44,36:44,36:44,36:44,same,same,same,same,same,same,same
36,46,36:46,36:46,36:45,36:45,36:45,36:45,36:45,same,same,same,same,same,same,same
36,47,36:47,36:47,36:46,36:46,36:46,36:46,36:46,same,same,same,same,same,same,same
36,48,36:48,36:48,36:47,36:47,36:47,36:47,36:47,same,same,same,same,same,same,same
36,49,36:49,36:49,36:48,36:48,36:48,36:48,36:48,same,same,same,same,same,same,same
36,50,36:50,36:50,36:49,36:49,36:49,36:49,36:49,same,same,same,same,same,same,same
36,51,36:51,36:51,36:50,36:50,36:50,36:50,36:50,same,same,same,same,same,same,same
36,52,36:52,36:52,36:51,36:51,36:51,36:51,36:51,same,same,same,same,same,same,same
36,53,36:53,36:53,36:52,36:52,36:52,36:52,36:52,same,same,same,same,same,same,same
36,54,36:54,36:54,36:53,36:53,36:53,36:53,36:53,same,same,same,same,same,same,same
36,55,36:55,36:55,36:54,36:54,36:54,36:54,36:54,same,same,same,same,same,same,same
36,56,36:56,36:56,36:55,36:55,36:55,36:55,36:55,same,same,same,same,same,same,same
36,57,36:57,36:57,36:56,36:56,36:56,36:56,36:56,same,same,same,same,same,same,same
36,58,36:58,36:58,36:57,36:57,36:57,36:57,36:57,same,same,same,same,same,same,same
36,59,36:59,36:59,36:58,36:58,36:58,36:58,36:58,same,same,same,same,same,same,same
36,60,36:60,36:60,36:59,36:59,36:59,36:59,36:59,same,same,same,same,same,same,same
36,61,36:61,36:61,36:60,36:60,36:60,36:60,36:60,same,same,same,same,same,same,same
36,62,36:62,36:62,36:61,36:61,36:61,36:61,36:61,same,same,same,same,same,same,same
36,63,36:63,36:63,36:62,36:62,36:62,36:62,36:62,same,same,same,same,same,same,same
36,64,36:64,36:64,36:63,36:63,36:63,36:63,36:63,same,same,same,same,same,same,same
36,65,36:65,36:65,36:64,36:64,36:64,36:64,36:64,same,same,same,same,same,same,same
36,66,36:66,36:66,36:65,36:65,36:65,36:65,36:65,same,same,same,same,same,same,same
36,67,36:67,36:67,36:66,36:66,36:66,36:66,36:66,same,same,same,same,same,same,same
36,68,36:68,36:68,36:67,36:67,36:67,36:67,36:67,same,same,same,same,same,same,same
36,69,36:69,36:69,36:68,36:68,36:68,36:68,36:68,same,same,same,same,same,same,same
36,70,36:70,36:70,36:69,36:69,36:69,36:69,36:69,same,same,same,same,same,same,same
36,71,36:71,36:71,36:70,36:70,36:70,36:70,36:70,same,same,same,same,same,same,same
36,72,36:72,36:72,36:71,36:71,36:71,36:71,36:71,same,same,same,same,same,same,same
36,73,36:73,36:73,36:72,36:72,36:72,36:72,36:72,same,same,same,same,same,same,same
36,74,36:74,36:74,36:73,36:73,36:73,36:73,36:73,same,same,same,same,same,same,same
36,75,36:75,36:75,36:74,36:74,36:74,36:74,36:74,same,same,same,same,same,same,same
36,76,36:76,36:76,36:75,36:75,36:75,36:75,36:75,same,same,same,same,same,same,same
36,77,36:77,36:77,36:76,36:76,36:76,36:76,36:76,same,same,same,same,same,same,same
36,78,36:78,36:78,36:77,36:77,36:77,36:77,36:77,same,same,same,same,same,same,same
36,79,36:79,36:79,36:78,36:78,36:78,36:78,36:78,same,same,same,same,same,same,same
36,80,36:80,36:80,36:79,36:79,36:79,36:79,36:79,same,same,same,same,same,same,same
36,81,36:81,36:81,36:80,36:80,36:80,36:80,36:80,same,same,same,same,same,same,same
36,82,36:82,36:82,36:81,36:81,36:81,36:81,36:81,same,same,same,same,same,same,same
36,83,36:83,36:83,36:82,36:82,36:82,36:82,36:82,same,same,same,same,same,same,same
37,1,37:1,37:1,37:1,37:1,37:1,37:1,37:1,same,same,same,same,same,same,same
37,2,37:2,37:2,37:2,37:2,37:2,37:2,37:2,same,same,same,same,same,same,same
37,3,37:3,37:3,37:3,37:3,37:3,37:3,37:3,same,same,same,same,same,same,same
37,4,37:4,37:4,37:4,37:4,37:4,37:4,37:4,same,same,same,same,same,same,same
37,5,37:5,37:5,37:5,37:5,37:5,37:5,37:5,same,same,same,same,same,same,same
37,6,37:6,37:6,37:6,37:6,37:6,37:6,37:6,same,same,same,same,same,same,same
37,7,37:7,37:7,37:7,37:7,37:7,37:7,37:7,same,same,same,same,same,same,same
37,8,37:8,37:8,37:8,37:8,37:8,37:8,37:8,same,same,same,same,same,same,same
37,9,37:9,37:9,37:9,37:9,37:9,37:9,37:9,same,same,same,same,same,same,same
37,10,37:10,37:10,37:10,37:10,37:10,37:10,37:10,same,same,same,same,same,same,same
37,11,37:11,37:11,37:11,37:11,37:11,37:11,37:11,same,same,same,same,same,same,same
37,12,37:12,37:12,37:12,37:12,37:12,37:12,37:12,same,same,same,same,same,same,same
37,13,37:13,37:13,37:13,37:13,37:13,37:13,37:13,same,same,same,same,same,same,same
37,14,37:14,37:14,37:14,37:14,37:14,37:14,37:14,same,same,same,same,same,same,same
37,15,37:15,37:15,37:15,37:15,37:15,37:15,37:15,same,same,same,same,same,same,same
37,16,37:16,37:16,37:16,37:16,37:16,37:16,37:16,same,same,same,same,same,same,same
37,17,37:17,37:17,37:17,37:17,37:17,37:17,37:17,same,same,same,same,same,same,same
37,18,37:18,37:18,37:18,37:18,37:18,37:18,37:18,same,same,same,same,same,same,same
37,19,37:19,37:19,37:19,37:19,37:19,37:19,37:19,same,same,same,same,same,same,same
37,20,37:20,37:20,37:20,37:20,37:20,37:20,37:20,same,same,same,same,same,same,same
37,21,37:21,37:21,37:21,37:21,37:21,37:21,37:21,same,same,same,same,same,same,same
37,22,37:22,37:22,37:22,37:22,37:22,37:22,37:22,same,same,same,same,same,same,same
37,23,37:23,37:23,37:23,37:23,37:23,37:23,37:23,same,same,same,same,same,same,same
37,24,37:24,37:24,37:24,37:24,37:24,37:24,37:24,same,same,same,same,same,same,same
37,25,37:25,37:25,37:25,37:25,37:25,37:25,37:25,same,same,same,same,same,same,same
37,26,37:26,37:26,37:26,37:26,37:26,37:26,37:26,same,same,same,same,same,same,same
37,27,37:27,37:27,37:27,37:27,37:27,37:27,37:27,same,same,same,same,same,same,same
37,28,37:28,37:28,37:28,37:28,37:28,37:28,37:28,same,same,same,same,same,same,same
37,29,37:29,37:29,37:29,37:29,37:29,37:29,37:29,same,same,same,same,same,same,same
37,30,37:30,37:30,37:30,37:30,37:30,37:30,37:30,same,same,same,same,same,same,same
37,31,37:31,37:31,37:31,37:31,37:31,37:31,37:31,same,same,same,same,same,same,same
37,32,37:32,37:32,37:32,37:32,37:32,37:32,37:32,same,same,same,same,same,same,same
37,33,37:33,37:33,37:33,37:33,37:33,37:33,37:33,same,same,same,same,same,same,same
37,34,37:34,37:34,37:34,37:34,37:34,37:34,37:34,same,same,same,same,same,same,same
37,35,37:35,37:35,37:35,37:35,37:35,37:35,37:35,same,same,same,same,same,same,same
37,36,37:36,37:36,37:36,37:36,37:36,37:36,37:36,same,same,same,same,same,same,same
37,37,37:37,37:37,37:37,37:37,37:37,37:37,37:37,same,same,same,same,same,same,same
37,38,37:38,37:38,37:38,37:38,37:38,37:38,37:38,same,same,same,same,same,same,same
37,39,37:39,37:39,37:39,37:39,37:39,37:39,37:39,same,same,same,same,same,same,same
37,40,37:40,37:40,37:40,37:40,37:40,37:40,37:40,same,same,same,same,same,same,same
37,41,37:41,37:41,37:41,37:41,37:41,37:41,37:41,same,same,same,same,same,same,same
37,42,37:42,37:42,37:42,37:42,37:42,37:42,37:42,same,same,same,same,same,same,same
37,43,37:43,37:43,37:43,37:43,37:43,37:43,37:43,same,same,same,same,same,same,same
37,44,37:44,37:44,37:44,37:44,37:44,37:44,37:44,same,same,same,same,same,same,same
37,45,37:45,37:45,37:45,37:45,37:45,37:45,37:45,same,same,same,same,same,same,same
37,46,37:46,37:46,37:46,37:46,37:46,37:46,37:46,same,same,same,same,same,same,same
37,47,37:47,37:47,37:47,37:47,37:47,37:47,37:47,same,same,same,same,same,same,same
37,48,37:48,37:48,37:48,37:48,37:48,37:48,37:48,same,same,same,same,same,same,same
37,49,37:49,37:49,37:49,37:49,37:49,37:49,37:49,same,same,same,same,same,same,same
37,50,37:50,37:50,37:50,37:50,37:50,37:50,37:50,same,same,same,same,same,same,same
37,51,37:51,37:51,37:51,37:51,37:51,37:51,37:51,same,same,same,same,same,same,same
37,52,37:52,37:52,37:52,37:52,37:52,37:52,37:52,same,same,same,same,same,same,same
37,53,37:53,37:53,37:53,37:53,37:53,37:53,37:53,same,same,same,same,same,same,same
37,54,37:54,37:54,37:54,37:54,37:54,37:54,37:54,same,same,same,same,same,same,same
37,55,37:55,37:55,37:55,37:55,37:55,37:55,37:55,same,same,same,same,same,same,same
37,56,37:56,37:56,37:56,37:56,37:56,37:56,37:56,same,same,same,same,same,same,same
37,57,37:57,37:57,37:57,37:57,37:57,37:57,37:57,same,same,same,same,same,same,same
37,58,37:58,37:58,37:58,37:58,37:58,37:58,37:58,same,same,same,same,same,same,same
37,59,37:59,37:59,37:59,37:59,37:59,37:59,37:59,same,same,same,same,same,same,same
37,60,37:60,37:60,37:60,37:60,37:60,37:60,37:60,same,same,same,same,same,same,same
37,61,37:61,37:61,37:61,37:61,37:61,37:61,37:61,same,same,same,same,same,same,same
37,62,37:62,37:62,37:62,37:62,37:62,37:62,37:62,same,same,same,same,same,same,same
37,63,37:63,37:63,37:63,37:63,37:63,37:63,37:63,same,same,same,same,same,same,same
37,64,37:64,37:64,37:64,37:64,37:64,37:64,37:64,same,same,same,same,same,same,same
37,65,37:65,37:65,37:65,37:65,37:65,37:65,37:65,same,same,same,same,same,same,same
37,66,37:66,37:66,37:66,37:66,37:66,37:66,37:66,same,same,same,same,same,same,same
37,67,37:67,37:67,37:67,37:67,37:67,37:67,37:67,same,same,same,same,same,same,same
37,68,37:68,37:68,37:68,37:68,37:68,37:68,37:68,same,same,same,same,same,same,same
37,69,37:69,37:69,37:69,37:69,37:69,37:69,37:69,same,same,same,same,same,same,same
37,70,37:70,37:70,37:70,37:70,37:70,37:70,37:70,same,same,same,same,same,same,same
37,71,37:71,37:71,37:71,37:71,37:71,37:71,37:71,same,same,same,same,same,same,same
37,72,37:72,37:72,37:72,37:72,37:72,37:72,37:72,same,same,same,same,same,same,same
37,73,37:73,37:73,37:73,37:73,37:73,37:73,37:73,same,same,same,same,same,same,same
37,74,37:74,37:74,37:74,37:74,37:74,37:74,37:74,same,same,same,same,same,same,same
37,75,37:75,37:75,37:75,37:75,37:75,37:75,37:75,same,same,same,same,same,same,same
37,76,37:76,37:76,37:76,37:76,37:76,37:76,37:76,same,same,same,same,same,same,same
37,77,37:77,37:77,37:77,37:77,37:77,37:77,37:77,same,same,same,same,same,same,same
37,78,37:78,37:78,37:78,37:78,37:78,37:78,37:78,same,same,same,same,same,same,same
37,79,37:79,37:79,37:79,37:79,37:79,37:79,37:79,same,same,same,same,same,same,same
37,80,37:80,37:80,37:80,37:80,37:80,37:80,37:80,same,same,same,same,same,same,same
37,81,37:81,37:81,37:81,37:81,37:81,37:81,37:81,same,same,same,same,same,same,same
37,82,37:82,37:82,37:82,37:82,37:82,37:82,37:82,same,same,same,same,same,same,same
37,83,37:83,37:83,37:83,37:83,37:83,37:83,37:83,same,same,same,same,same,same,same
37,84,37:84,37:84,37:84,37:84,37:84,37:84,37:84,same,same,same,same,same,same,same
37,85,37:85,37:85,37:85,37:85,37:85,37:85,37:85,same,same,same,same,same,same,same
37,86,37:86,37:86,37:86,37:86,37:86,37:86,37:86,same,same,same,same,same,same,same
37,87,37:87,37:87,37:87,37:87,37:87,37:87,37:87,same,same,same,same,same,same,same
37,88,37:88,37:88,37:88,37:88,37:88,37:88,37:88,same,same,same,same,same,same,same
37,89,37:89,37:89,37:89,37:89,37:89,37:89,37:89,same,same,same,same,same,same,same
37,90,37:90,37:90,37:90,37:90,37:90,37:90,37:90,same,same,same,same,same,same,same
37,91,37:91,37:91,37:91,37:91,37:91,37:91,37:91,same,same,same,same,same,same,same
37,92,37:92,37:92,37:92,37:92,37:92,37:92,37:92,same,same,same,same,same,same,same
37,93,37:93,37:93,37:93,37:93,37:93,37:93,37:93,same,same,same,same,same,same,same
37,94,37:94,37:94,37:94,37:94,37:94,37:94,37:94,same,same,same,same,same,same,same
37,95,37:95,37:95,37:95,37:95,37:95,37:95,37:95,same,same,same,same,same,same,same
37,96,37:96,37:96,37:96,37:96,37:96,37:96,37:96,same,same,same,same,same,same,same
37,97,37:97,37:97,37:97,37:97,37:97,37:97,37:97,same,same,same,same,same,same,same
37,98,37:98,37:98,37:98,37:98,37:98,37:98,37:98,same,same,same,same,same,same,same
37,99,37:99,37:99,37:99,37:99,37:99,37:99,37:99,same,same,same,same,same,same,same
37,100,37:100,37:100,37:100,37:100,37:100,37:100,37:100,same,same,same,same,same,same,same
37,101,37:101,37:101,37:101,37:101,37:101,37:101,37:101,same,same,same,same,same,same,same
37,102,37:102,37:102,37:102,37:102,37:102,37:102,37:102,same,same,same,same,same,same,same
37,103,37:103,37:103,37:103,37:103,37:103,37:103,37:103,same,same,same,same,same,same,same
37,104,37:104,37:104,37:104,37:104,37:104,37:104,37:104,same,same,same,same,same,same,same
37,105,37:105,37:105,37:105,37:105,37:105,37:105,37:105,same,same,same,same,same,same,same
37,106,37:106,37:106,37:106,37:106,37:106,37:106,37:106,same,same,same,same,same,same,same
37,107,37:107,37:107,37:107,37:107,37:107,37:107,37:107,same,same,same,same,same,same,same
37,108,37:108,37:108,37:108,37:108,37:108,37:108,37:108,same,same,same,same,same,same,same
37,109,37:109,37:109,37:109,37:109,37:109,37:109,37:109,same,same,same,same,same,same,same
37,110,37:110,37:110,37:110,37:110,37:110,37:110,37:110,same,same,same,same,same,same,same
37,111,37:111,37:111,37:111,37:111,37:111,37:111,37:111,same,same,same,same,same,same,same
37,112,37:112,37:112,37:112,37:112,37:112,37:112,37:112,same,same,same,same,same,same,same
37,113,37:113,37:113,37:113,37:113,37:113,37:113,37:113,same,same,same,same,same,same,same
37,114,37:114,37:114,37:114,37:114,37:114,37:114,37:114,same,same,same,same,same,same,same
37,115,37:115,37:115,37:115,37:115,37:115,37:115,37:115,same,same,same,same,same,same,same
37,116,37:116,37:116,37:116,37:116,37:116,37:116,37:116,same,same,same,same,same,same,same
37,117,37:117,37:117,37:117,37:117,37:117,37:117,37:117,same,same,same,same,same,same,same
37,118,37:118,37:118,37:118,37:118,37:118,37:118,37:118,same,same,same,same,same,same,same
37,119,37:119,37:119,37:119,37:119,37:119,37:119,37:119,same,same,same,same,same,same,same
37,120,37:120,37:120,37:120,37:120,37:120,37:120,37:120,same,same,same,same,same,same,same
37,121,37:121,37:121,37:121,37:121,37:121,37:121,37:121,same,same,same,same,same,same,same
37,122,37:122,37:122,37:122,37:122,37:122,37:122,37:122,same,same,same,same,same,same,same
37,123,37:123,37:123,37:123,37:123,37:123,37:123,37:123,same,same,same,same,same,same,same
37,124,37:124,37:124,37:124,37:124,37:124,37:124,37:124,same,same,same,same,same,same,same
37,125,37:125,37:125,37:125,37:125,37:125,37:125,37:125,same,same,same,same,same,same,same
37,126,37:126,37:126,37:126,37:126,37:126,37:126,37:126,same,same,same,same,same,same,same
37,127,37:127,37:127,37:127,37:127,37:127,37:127,37:127,same,same,same,same,same,same,same
37,128,37:128,37:128,37:128,37:128,37:128,37:128,37:128,same,same,same,same,same,same,same
37,129,37:129,37:129,37:129,37:129,37:129,37:129,37:129,same,same,same,same,same,same,same
37,130,37:130,37:130,37:130,37:130,37:130,37:130,37:130,same,same,same,same,same,same,same
37,131,37:131,37:131,37:131,37:131,37:131,37:131,37:131,same,same,same,same,same,same,same
37,132,37:132,37:132,37:132,37:132,37:132,37:132,37:132,same,same,same,same,same,same,same
37,133,37:133,37:133,37:133,37:133,37:133,37:133,37:133,same,same,same,same,same,same,same
37,134,37:134,37:134,37:134,37:134,37:134,37:134,37:134,same,same,same,same,same,same,same
37,135,37:135,37:135,37:135,37:135,37:135,37:135,37:135,same,same,same,same,same,same,same
37,136,37:136,37:136,37:136,37:136,37:136,37:136,37:136,same,same,same,same,same,same,same
37,137,37:137,37:137,37:137,37:137,37:137,37:137,37:137,same,same,same,same,same,same,same
37,138,37:138,37:138,37:138,37:138,37:138,37:138,37:138,same,same,same,same,same,same,same
37,139,37:139,37:139,37:139,37:139,37:139,37:139,37:139,same,same,same,same,same,same,same
37,140,37:140,37:140,37:140,37:140,37:140,37:140,37:140,same,same,same,same,same,same,same
37,141,37:141,37:141,37:141,37:141,37:141,37:141,37:141,same,same,same,same,same,same,same
37,142,37:142,37:142,37:142,37:142,37:142,37:142,37:142,same,same,same,same,same,same,same
37,143,37:143,37:143,37:143,37:143,37:143,37:143,37:143,same,same,same,same,same,same,same
37,144,37:144,37:144,37:144,37:144,37:144,37:144,37:144,same,same,same,same,same,same,same
37,145,37:145,37:145,37:145,37:145,37:145,37:145,37:145,same,same,same,same,same,same,same
37,146,37:146,37:146,37:146,37:146,37:146,37:146,37:146,same,same,same,same,same,same,same
37,147,37:147,37:147,37:147,37:147,37:147,37:147,37:147,same,same,same,same,same,same,same
37,148,37:148,37:148,37:148,37:148,37:148,37:148,37:148,same,same,same,same,same,same,same
37,149,37:149,37:149,37:149,37:149,37:149,37:149,37:149,same,same,same,same,same,same,same
37,150,37:150,37:150,37:150,37:150,37:150,37:150,37:150,same,same,same,same,same,same,same
37,151,37:151,37:151,37:151,37:151,37:151,37:151,37:151,same,same,same,same,same,same,same
37,152,37:152,37:152,37:152,37:152,37:152,37:152,37:152,same,same,same,same,same,same,same
37,153,37:153,37:153,37:153,37:153,37:153,37:153,37:153,same,same,same,same,same,same,same
37,154,37:154,37:154,37:154,37:154,37:154,37:154,37:154,same,same,same,same,same,same,same
37,155,37:155,37:155,37:155,37:155,37:155,37:155,37:155,same,same,same,same,same,same,same
37,156,37:156,37:156,37:156,37:156,37:156,37:156,37:156,same,same,same,same,same,same,same
37,157,37:157,37:157,37:157,37:157,37:157,37:157,37:157,same,same,same,same,same,same,same
37,158,37:158,37:158,37:158,37:158,37:158,37:158,37:158,same,same,same,same,same,same,same
37,159,37:159,37:159,37:159,37:159,37:159,37:159,37:159,same,same,same,same,same,same,same
37,160,37:160,37:160,37:160,37:160,37:160,37:160,37:160,same,same,same,same,same,same,same
37,161,37:161,37:161,37:161,37:161,37:161,37:161,37:161,same,same,same,same,same,same,same
37,162,37:162,37:162,37:162,37:162,37:162,37:162,37:162,same,same,same,same,same,same,same
37,163,37:163,37:163,37:163,37:163,37:163,37:163,37:163,same,same,same,same,same,same,same
37,164,37:164,37:164,37:164,37:164,37:164,37:164,37:164,same,same,same,same,same,same,same
37,165,37:165,37:165,37:165,37:165,37:165,37:165,37:165,same,same,same,same,same,same,same
37,166,37:166,37:166,37:166,37:166,37:166,37:166,37:166,same,same,same,same,same,same,same
37,167,37:167,37:167,37:167,37:167,37:167,37:167,37:167,same,same,same,same,same,same,same
37,168,37:168,37:168,37:168,37:168,37:168,37:168,37:168,same,same,same,same,same,same,same
37,169,37:169,37:169,37:169,37:169,37:169,37:169,37:169,same,same,same,same,same,same,same
37,170,37:170,37:170,37:170,37:170,37:170,37:170,37:170,same,same,same,same,same,same,same
37,171,37:171,37:171,37:171,37:171,37:171,37:171,37:171,same,same,same,same,same,same,same
37,172,37:172,37:172,37:172,37:172,37:172,37:172,37:172,same,same,same,same,same,same,same
37,173,37:173,37:173,37:173,37:173,37:173,37:173,37:173,same,same,same,same,same,same,same
37,174,37:174,37:174,37:174,37:174,37:174,37:174,37:174,same,same,same,same,same,same,same
37,175,37:175,37:175,37:175,37:175,37:175,37:175,37:175,same,same,same,same,same,same,same
37,176,37:176,37:176,37:176,37:176,37:176,37:176,37:176,same,same,same,same,same,same,same
37,177,37:177,37:177,37:177,37:177,37:177,37:177,37:177,same,same,same,same,same,same,same
37,178,37:178,37:178,37:178,37:178,37:178,37:178,37:178,same,same,same,same,same,same,same
37,179,37:179,37:179,37:179,37:179,37:179,37:179,37:179,same,same,same,same,same,same,same
37,180,37:180,37:180,37:180,37:180,37:180,37:180,37:180,same,same,same,same,same,same,same
37,181,37:181,37:181,37:181,37:181,37:181,37:181,37:181,same,same,same,same,same,same,same
37,182,37:182,37:182,37:182,37:182,37:182,37:182,37:182,same,same,same,same,same,same,same
38,1,38:1,38:1,38:1,38:1,38:1,38:1,38:1,same,same,merged,merged,merged,merged,merged
38,2,38:2,38:2,38:1,38:1,38:1,38:1,38:1,same,same,merged,merged,merged,merged,merged
38,3,38:3,38:3,38:2,38:2,38:2,38:2,38:2,same,same,same,same,same,same,same
38,4,38:4,38:4,38:3,38:3,38:3,38:3,38:3,same,same,same,same,same,same,same
38,5,38:5,38:5,38:4,38:4,38:4,38:4,38:4,same,same,same,same,same,same,same
38,6,38:6,38:6,38:5,38:5,38:5,38:5,38:5,same,same,same,same,same,same,same
38,7,38:7,38:7,38:6,38:6,38:6,38:6,38:6,same,same,same,same,same,same,same
38,8,38:8,38:8,38:7,38:7,38:7,38:7,38:7,same,same,same,same,same,same,same
38,9,38:9,38:9,38:8,38:8,38:8,38:8,38:8,same,same,same,same,same,same,same
38,10,38:10,38:10,38:9,38:9,38:9,38:9,38:9,same,same,same,same,same,same,same
38,11,38:11,38:11,38:10,38:10,38:10,38:10,38:10,same,same,same,same,same,same,same
38,12,38:12,38:12,38:11,38:11,38:11,38:11,38:11,same,same,same,same,same,same,same
38,13,38:13,38:13,38:12,38:12,38:12,38:12,38:12,same,same,same,same,same,same,same
38,14,38:14,38:14,38:13,38:13,38:13,38:13,38:13,same,same,same,same,same,same,same
38,15,38:15,38:15,38:14,38:14,38:14,38:14,38:14,same,same,same,same,same,same,same
38,16,38:16,38:16,38:15,38:15,38:15,38:15,38:15,same,same,same,same,same,same,same
38,17,38:17,38:17,38:16,38:16,38:16,38:16,38:16,same,same,same,same,same,same,same
38,18,38:18,38:18,38:17,38:17,38:17,38:17,38:17,same,same,same,same,same,same,same
38,19,38:19,38:19,38:18,38:18,38:18,38:18,38:18,same,same,same,same,same,same,same
38,20,38:20,38:20,38:19,38:19,38:19,38:19,38:19,same,same,same,same,same,same,same
38,21,38:21,38:21,38:20,38:20,38:20,38:20,38:20,same,same,same,same,same,same,same
38,22,38:22,38:22,38:21,38:21,38:21,38:21,38:21,same,same,same,same,same,same,same
38,23,38:23,38:23,38:22,38:22,38:22,38:22,38:22,same,same,same,same,same,same,same
38,24,38:24,38:24,38:23,38:23,38:23,38:23,38:23,same,same,same,same,same,same,same
38,25,38:25,38:25,38:24,38:24,38:24,38:24,38:24,same,same,same,same,same,same,same
38,26,38:26,38:26,38:25,38:25,38:25,38:25,38:25,same,same,same,same,same,same,same
38,27,38:27,38:27,38:26,38:26,38:26,38:26,38:26,same,same,same,same,same,same,same
38,28,38:28,38:28,38:27,38:27,38:27,38:27,38:27,same,same,same,same,same,same,same
38,29,38:29,38:29,38:28,38:28,38:28,38:28,38:28,same,same,same,same,same,same,same
38,30,38:30,38:30,38:29,38:29,38:29,38:29,38:29,same,same,same,same,same,same,same
38,31,38:31,38:31,38:30,38:30,38:30,38:30,38:30,same,same,same,same,same,same,same
38,32,38:32,38:32,38:31,38:31,38:31,38:31,38:31,same,same,same,same,same,same,same
38,33,38:33,38:33,38:32,38:32,38:32,38:32,38:32,same,same,same,same,same,same,same
38,34,38:34,38:34,38:33,38:33,38:33,38:33,38:33,same,same,same,same,same,same,same
38,35,38:35,38:35,38:34,38:34,38:34,38:34,38:34,same,same,same,same,same,same,same
38,36,38:36,38:36,38:35,38:35,38:35,38:35,38:35,same,same,same,same,same,same,same
38,37,38:37,38:37,38:36,38:36,38:36,38:36,38:36,same,same,same,same,same,same,same
38,38,38:38,38:38,38:37,38:37,38:37,38:37,38:37,same,same,same,same,same,same,same
38,39,38:39,38:39,38:38,38:38,38:38,38:38,38:38,same,same,same,same,same,same,same
38,40,38:40,38:40,38:39,38:39,38:39,38:39,38:39,same,same,same,same,same,same,same
38,41,38:41,38:41,38:40,38:40,38:40,38:40,38:40,same,same,same,same,same,same,same
38,42,38:42,38:42,38:41,38:41,38:41,38:41,38:41,same,same,same,same,same,same,same
38,43,38:43,38:43,38:42,38:42,38:42,38:42,38:42,same,same,same,same,same,same,same
38,44,38:44,38:44,38:43,38:43,38:43,38:43,38:43,same,same,same,same,same,same,same
38,45,38:45,38:45,38:44,38:44,38:44,38:44,38:44,same,same,same,same,same,same,same
38,46,38:46,38:46,38:45,38:45,38:45,38:45,38:45,same,same,same,same,same,same,same
38,47,38:47,38:47,38:46,38:46,38:46,38:46,38:46,same,same,same,same,same,same,same
38,48,38:48,38:48,38:47,38:47,38:47,38:47,38:47,same,same,same,same,same,same,same
38,49,38:49,38:49,38:48,38:48,38:48,38:48,38:48,same,same,same,same,same,same,same
38,50,38:50,38:50,38:49,38:49,38:49,38:49,38:49,same,same,same,same,same,same,same
38,51,38:51,38:51,38:50,38:50,38:50,38:50,38:50,same,same,same,same,same,same,same
38,52,38:52,38:52,38:51,38:51,38:51,38:51,38:51,same,same,same,same,same,same,same
38,53,38:53,38:53,38:52,38:52,38:52,38:52,38:52,same,same,same,same,same,same,same
38,54,38:54,38:54,38:53,38:53,38:53,38:53,38:53,same,same,same,same,same,same,same
38,55,38:55,38:55,38:54,38:54,38:54,38:54,38:54,same,same,same,same,same,same,same
38,56,38:56,38:56,38:55,38:55,38:55,38:55,38:55,same,same,same,same,same,same,same
38,57,38:57,38:57,38:56,38:56,38:56,38:56,38:56,same,same,same,same,same,same,same
38,58,38:58,38:58,38:57,38:57,38:57,38:57,38:57,same,same,same,same,same,same,same
38,59,38:59,38:59,38:58,38:58,38:58,38:58,38:58,same,same,same,same,same,same,same
38,60,38:60,38:60,38:59,38:59,38:59,38:59,38:59,same,same,same,same,same,same,same
38,61,38:61,38:61,38:60,38:60,38:60,38:60,38:60,same,same,same,same,same,same,same
38,62,38:62,38:62,38:61,38:61,38:61,38:61,38:61,same,same,same,same,same,same,same
38,63,38:63,38:63,38:62,38:62,38:62,38:62,38:62,same,same,same,same,same,same,same
38,64,38:64,38:64,38:63,38:63,38:63,38:63,38:63,same,same,same,same,same,same,same
38,65,38:65,38:65,38:64,38:64,38:64,38:64,38:64,same,same,same,same,same,same,same
38,66,38:66,38:66,38:65,38:65,38:65,38:65,38:65,same,same,same,same,same,same,same
38,67,38:67,38:67,38:66,38:66,38:66,38:66,38:66,same,same,same,same,same,same,same
38,68,38:68,38:68,38:67,38:67,38:67,38:67,38:67,same,same,same,same,same,same,same
38,69,38:69,38:69,38:68,38:68,38:68,38:68,38:68,same,same,same,same,same,same,same
38,70,38:70,38:70,38:69,38:69,38:69,38:69,38:69,same,same,same,same,same,same,same
38,71,38:71,38:71,38:70,38:70,38:70,38:70,38:70,same,same,same,same,same,same,same
38,72,38:72,38:72,38:71,38:71,38:71,38:71,38:71,same,same,same,same,same,same,same
38,73,38:73,38:73,38:72,38:72,38:72,38:72,38:72,same,same,same,same,same,same,same
38,74,38:74,38:74,38:73,38:73,38:73,38:73,38:73,same,same,same,same,same,same,same
38,75,38:75,38:75,38:74,38:74,38:74,38:74,38:74,same,same,same,same,same,same,same
38,76,38:76,38:76,38:75,38:75,38:75,38:75,38:75,same,same,same,same,same,same,same
38,77,38:77,38:77,38:76,38:76,38:76,38:76,38:76,same,same,same,same,same,same,same
38,78,38:78,38:78,38:77,38:77,38:77,38:77,38:77,same,same,same,same,same,same,same
38,79,38:79,38:79,38:78,38:78,38:78,38:78,38:78,same,same,same,same,same,same,same
38,80,38:80,38:80,38:79,38:79,38:79,38:79,38:79,same,same,same,same,same,same,same
38,81,38:81,38:81,38:80,38:80,38:80,38:80,38:80,same,same,same,same,same,same,same
38,82,38:82,38:82,38:81,38:81,38:81,38:81,38:81,same,same,same,same,same,same,same
38,83,38:83,38:83,38:82,38:82,38:82,38:82,38:82,same,same,same,same,same,same,same
38,84,38:84,38:84,38:83,38:83,38:83,38:83,38:83,same,same,merged,merged,merged,merged,merged
38,85,38:85,38:85,38:83,38:83,38:83,38:83,38:83,same,same,merged,merged,merged,merged,merged
38,86,38:86,38:86,38:84,38:84,38:84,38:84,38:84,same,same,same,same,same,same,same
38,87,38:87,38:87,38:85,38:85,38:85,38:85,38:85,same,same,same,same,same,same,same
38,88,38:88,38:88,38:86,38:86,38:86,38:86,38:86,same,same,same,same,same,same,same
39,1,39:1,39:1,39:1,39:1,39:1,39:1,39:1,same,same,same,same,same,same,same
39,2,39:2,39:2,39:2,39:2,39:2,39:2,39:2,same,same,same,same,same,same,same
39,3,39:3,39:3,39:3-4,39:3-4,39:3-4,39:3-4,39:3-4,same,same,split,split,split,split,split
39,4,39:4,39:4,39:5,39:5,39:5,39:5,39:5,same,same,same,same,same,same,same
39,5,39:5,39:5,39:6,39:6,39:6,39:6,39:6,same,same,same,same,same,same,same
39,6,39:6,39:6,39:7,39:7,39:7,39:7,39:7,same,same,same,same,same,same,same
39,7,39:7,39:7,39:8,39:8,39:8,39:8,39:8,same,same,same,same,same,same,same
39,8,39:8,39:8,39:9,39:9,39:9,39:9,39:9,same,same,same,same,same,same,same
39,9,39:9,39:9,39:10,39:10,39:10,39:10,39:10,same,same,same,same,same,same,same
39,10,39:10,39:10,39:11,39:11,39:11,39:11,39:11,same,same,same,same,same,same,same
39,11,39:11,39:11,39:12,39:12,39:12,39:12,39:12,same,same,merged,merged,merged,merged,merged
39,12,39:12,39:12,39:12,39:12,39:12,39:12,39:12,same,same,merged,merged,merged,merged,merged
39,13,39:13,39:13,39:13,39:13,39:13,39:13,39:13,same,same,same,same,same,same,same
39,14,39:14,39:14,39:14,39:14,39:14,39:14,39:14,same,same,merged,merged,merged,merged,merged
39,15,39:15,39:15,39:14,39:14,39:14,39:14,39:14,same,same,merged,merged,merged,merged,merged
39,16,39:16,39:16,39:15,39:15,39:15,39:15,39:15,same,same,same,same,same,same,same
39,17,39:17,39:17,39:16,39:16,39:16,39:16,39:16,same,same,merged,same,same,merged,merged
39,18,39:18,39:18,39:16,39:17,39:17,39:16,39:16,same,same,merged,same,same,merged,merged
39,19,39:19,39:19,39:17,39:18,39:18,39:17,39:17,same,same,same,same,same,same,same
39,20,39:20,39:20,39:18-19,39:19,39:19,39:18-19,39:18-19,same,same,split,same,same,split,split
39,21,39:21,39:21,39:20,39:20,39:20,39:20,39:20,same,same,same,same,same,same,same
39,22,39:22,39:22,39:21,39:21,39:21,39:21,39:21,same,same,same,same,same,same,same
39,23,39:23,39:23,39:22,39:22,39:22,39:22,39:22,same,same,same,same,same,same,same
39,24,39:24,39:24,39:23,39:23,39:23,39:23,39:23,same,same,same,same,same,same,same
39,25,39:25,39:25,39:24,39:24,39:24,39:24,39:24,same,same,same,same,same,same,same
39,26,39:26,39:26,39:25,39:25,39:25,39:25,39:25,same,same,same,same,same,same,same
39,27,39:27,39:27,39:26,39:26,39:26,39:26,39:26,same,same,same,same,same,same,same
39,28,39:28,39:28,39:27,39:27,39:27,39:27,39:27,same,same,same,same,same,same,same
39,29,39:29,39:29,39:28,39:28,39:28,39:28,39:28,same,same,same,same,same,same,same
39,30,39:30,39:30,39:29,39:29,39:29,39:29,39:29,same,same,same,same,same,same,same
39,31,39:31,39:31,39:30,39:30,39:30,39:30,39:30,same,same,same,same,same,same,same
39,32,39:32,39:32,39:31,39:31,39:31,39:31,39:31,same,same,same,same,same,same,same
39,33,39:33,39:33,39:32,39:32,39:32,39:32,39:32,same,same,same,same,same,same,same
39,34,39:34,39:34,39:33,39:33,39:33,39:33,39:33,same,same,same,same,same,same,same
39,35,39:35,39:35,39:34,39:34,39:34,39:34,39:34,same,same,same,same,same,same,same
39,36,39:36,39:36,39:35,39:35,39:35,39:35,39:35,same,same,merged,merged,merged,merged,merged
39,37,39:37,39:37,39:35,39:35,39:35,39:35,39:35,same,same,merged,merged,merged,merged,merged
39,38,39:38,39:38,39:36,39:36,39:36,39:36,39:36,same,same,same,same,same,same,same
39,39,39:39,39:39,39:37,39:37,39:37,39:37,39:37,same,same,merged,merged,merged,merged,merged
39,40,39:40,39:40,39:37,39:37,39:37,39:37,39:37,same,same,merged,merged,merged,merged,merged
39,41,39:41,39:41,39:38,39:38,39:38,39:38,39:38,same,same,same,same,same,same,same
39,42,39:42,39:42,39:39,39:39,39:39,39:39,39:39,same,same,same,same,same,same,same
39,43,39:43,39:43,39:40,39:40,39:40,39:40,39:40,same,same,same,same,same,same,same
39,44,39:44,39:44,39:41,39:41,39:41,39:41,39:41,same,same,same,same,same,same,same
39,45,39:45,39:45,39:42,39:42,39:42,39:42,39:42,same,same,same,same,same,same,same
39,46,39:46,39:46,39:43,39:43,39:43,39:43,39:43,same,same,same,same,same,same,same
39,47,39:47,39:47,39:44,39:44,39:44,39:44,39:44,same,same,same,same,same,same,same
39,48,39:48,39:48,39:45,39:45,39:45,39:45,39:45,same,same,same,same,same,same,same
39,49,39:49,39:49,39:46,39:46,39:46,39:46,39:46,same,same,same,same,same,same,same
39,50,39:50,39:50,39:47,39:47,39:47,39:47,39:47,same,same,same,same,same,same,same
39,51,39:51,39:51,39:48,39:48,39:48,39:48,39:48,same,same,same,same,same,same,same
39,52,39:52,39:52,39:49,39:49,39:49,39:49,39:49,same,same,same,same,same,same,same
39,53,39:53,39:53,39:50,39:50,39:50,39:50,39:50,same,same,same,same,same,same,same
39,54,39:54,39:54,39:51,39:51,39:51,39:51,39:51,same,same,same,same,same,same,same
39,55,39:55,39:55,39:52,39:52,39:52,39:52,39:52,same,same,same,same,same,same,same
39,56,39:56,39:56,39:53,39:53,39:53,39:53,39:53,same,same,same,same,same,same,same
39,57,39:57,39:57,39:54,39:54,39:54,39:54,39:54,same,same,same,same,same,same,same
39,58,39:58,39:58,39:55,39:55,39:55,39:55,39:55,same,same,same,same,same,same,same
39,59,39:59,39:59,39:56,39:56,39:56,39:56,39:56,same,same,same,same,same,same,same
39,60,39:60,39:60,39:57,39:57,39:57,39:57,39:57,same,same,same,same,same,same,same
39,61,39:61,39:61,39:58,39:58,39:58,39:58,39:58,same,same,same,same,same,same,same
39,62,39:62,39:62,39:59,39:59,39:59,39:59,39:59,same,same,same,same,same,same,same
39,63,39:63,39:63,39:60,39:60,39:60,39:60,39:60,same,same,same,same,same,same,same
39,64,39:64,39:64,39:61,39:61,39:61,39:61,39:61,same,same,same,same,same,same,same
39,65,39:65,39:65,39:62,39:62,39:62,39:62,39:62,same,same,same,same,same,same,same
39,66,39:66,39:66,39:63,39:63,39:63,39:63,39:63,same,same,same,same,same,same,same
39,67,39:67,39:67,39:64,39:64,39:64,39:64,39:64,same,same,same,same,same,same,same
39,68,39:68,39:68,39:65,39:65,39:65,39:65,39:65,same,same,same,same,same,same,same
39,69,39:69,39:69,39:66,39:66,39:66,39:66,39:66,same,same,same,same,same,same,same
39,70,39:70,39:70,39:67,39:67,39:67,39:67,39:67,same,same,same,same,same,same,same
39,71,39:71,39:71,39:68,39:68,39:68,39:68,39:68,same,same,same,same,same,same,same
39,72,39:72,39:72,39:69,39:69,39:69,39:69,39:69,same,same,same,same,same,same,same
39,73,39:73,39:73,39:70,39:70,39:70,39:70,39:70,same,same,same,same,same,same,same
39,74,39:74,39:74,39:71,39:71,39:71,39:71,39:71,same,same,same,same,same,same,same
39,75,39:75,39:75,39:72,39:72,39:72,39:72,39:72,same,same,same,same,same,same,same
40,1,40:1,40:1,40:1,40:1,40:1,40:1,40:1,same,same,merged,merged,merged,merged,merged
40,2,40:2,40:2,40:1,40:1,40:1,40:1,40:1,same,same,merged,merged,merged,merged,merged
40,3,40:3,40:3,40:2,40:2,40:2,40:2,40:2,same,same,same,same,same,same,same
40,4,40:4,40:4,40:3,40:3,40:3,40:3,40:3,same,same,same,same,same,same,same
40,5,40:5,40:5,40:4,40:4,40:4,40:4,40:4,same,same,same,same,same,same,same
40,6,40:6,40:6,40:5,40:5,40:5,40:5,40:5,same,same,same,same,same,same,same
40,7,40:7,40:7,40:6,40:6,40:6,40:6,40:6,same,same,same,same,same,same,same
40,8,40:8,40:8,40:7,40:7,40:7,40:7,40:7,same,same,same,same,same,same,same
40,9,40:9,40:9,40:8,40:8,40:8,40:8,40:8,same,same,same,same,same,same,same
40,10,40:10,40:10,40:9,40:9,40:9,40:9,40:9,same,same,same,same,same,same,same
40,11,40:11,40:11,40:10,40:10,40:10,40:10,40:10,same,same,same,same,same,same,same
40,12,40:12,40:12,40:11,40:11,40:11,40:11,40:11,same,same,same,same,same,same,same
40,13,40:13,40:13,40:12,40:12,40:12,40:12,40:12,same,same,same,same,same,same,same
40,14,40:14,40:14,40:13,40:13,40:13,40:13,40:13,same,same,same,same,same,same,same
40,15,40:15,40:15,40:14,40:14,40:14,40:14,40:14,same,same,same,same,same,same,same
40,16,40:16,40:16,40:15,40:15,40:15,40:15,40:15,same,same,same,same,same,same,same
40,17,40:17,40:17,40:16,40:16,40:16,40:16,40:16,same,same,same,same,same,same,same
40,18,40:18,40:18,40:17-18,40:17-18,40:17-18,40:17-18,40:17-18,same,same,split,split,split,split,split
40,19,40:19,40:19,40:19,40:19,40:19,40:19,40:19,same,same,same,same,same,same,same
40,20,40:20,40:20,40:20,40:20,40:20,40:20,40:20,same,same,same,same,same,same,same
40,21,40:21,40:21,40:21,40:21,40:21,40:21,40:21,same,same,same,same,same,same,same
40,22,40:22,40:22,40:22,40:22,40:22,40:22,40:22,same,same,same,same,same,same,same
40,23,40:23,40:23,40:23,40:23,40:23,40:23,40:23,same,same,same,same,same,same,same
40,24,40:24,40:24,40:24,40:24,40:24,40:24,40:24,same,same,same,same,same,same,same
40,25,40:25,40:25,40:25,40:25,40:25,40:25,40:25,same,same,same,same,same,same,same
40,26,40:26,40:26,40:26,40:26,40:26,40:26,40:26,same,same,shifted,shifted,shifted,shifted,shifted
40,27,40:27,40:27,40:27,40:27,40:27,40:27,40:27,same,same,same,same,same,same,same
40,28,40:28,40:28,40:28,40:28,40:28,40:28,40:28,same,same,same,same,same,same,same
40,29,40:29,40:29,40:29,40:29,40:29,40:29,40:29,same,same,same,same,same,same,same
40,30,40:30,40:30,40:30,40:30,40:30,40:30,40:30,same,same,same,same,same,same,same
40,31,40:31,40:31,40:31,40:31,40:31,40:31,40:31,same,same,same,same,same,same,same
40,32,40:32,40:32,40:32,40:32,40:32,40:32,40:32,same,same,same,same,same,same,same
40,33,40:33,40:33,40:33,40:33,40:33,40:33,40:33,same,same,same,same,same,same,same
40,34,40:34,40:34,40:34,40:34,40:34,40:34,40:34,same,same,same,same,same,same,same
40,35,40:35,40:35,40:35,40:35,40:35,40:35,40:35,same,same,same,same,same,same,same
40,36,40:36,40:36,40:36,40:36,40:36,40:36,40:36,same,same,same,same,same,same,same
40,37,40:37,40:37,40:37,40:37,40:37,40:37,40:37,same,same,same,same,same,same,same
40,38,40:38,40:38,40:38,40:38,40:38,40:38,40:38,same,same,same,same,same,same,same
40,39,40:39,40:39,40:39,40:39,40:39,40:39,40:39,same,same,same,same,same,same,same
40,40,40:40,40:40,40:40,40:40,40:40,40:40,40:40,same,same,same,same,same,same,same
40,41,40:41,40:41,40:41,40:41,40:41,40:41,40:41,same,same,same,same,same,same,same
40,42,40:42,40:42,40:42,40:42,40:42,40:42,40:42,same,same,same,same,same,same,same
40,43,40:43,40:43,40:43,40:43,40:43,40:43,40:43,same,same,same,same,same,same,same
40,44,40:44,40:44,40:44,40:44,40:44,40:44,40:44,same,same,same,same,same,same,same
40,45,40:45,40:45,40:45,40:45,40:45,40:45,40:45,same,same,same,same,same,same,same
40,46,40:46,40:46,40:46,40:46,40:46,40:46,40:46,same,same,same,same,same,same,same
40,47,40:47,40:47,40:47,40:47,40:47,40:47,40:47,same,same,same,same,same,same,same
40,48,40:48,40:48,40:48,40:48,40:48,40:48,40:48,same,same,same,same,same,same,same
40,49,40:49,40:49,40:49,40:49,40:49,40:49,40:49,same,same,same,same,same,same,same
40,50,40:50,40:50,40:50,40:50,40:50,40:50,40:50,same,same,same,same,same,same,same
40,51,40:51,40:51,40:51,40:51,40:51,40:51,40:51,same,same,same,same,same,same,same
40,52,40:52,40:52,40:52,40:52,40:52,40:52,40:52,same,same,same,same,same,same,same
40,53,40:53,40:53,40:53,40:53,40:53,40:53,40:53,same,same,same,merged,merged,same,same
40,54,40:54,40:54,40:54,40:53,40:53,40:54,40:54,same,same,same,merged,merged,same,same
40,55,40:55,40:55,40:55,40:54,40:54,40:55,40:55,same,same,same,same,same,same,same
40,56,40:56,40:56,40:56,40:55,40:55,40:56,40:56,same,same,same,same,same,same,same
40,57,40:57,40:57,40:57,40:56,40:56,40:57,40:57,same,same,same,same,same,same,same
40,58,40:58,40:58,40:58,40:57-58,40:57-58,40:58,40:58,same,same,same,split,split,same,same
40,59,40:59,40:59,40:59,40:59,40:59,40:59,40:59,same,same,same,same,same,same,same
40,60,40:60,40:60,40:60,40:60,40:60,40:60,40:60,same,same,same,same,same,same,same
40,61,40:61,40:61,40:61,40:61,40:61,40:61,40:61,same,same,same,same,same,same,same
40,62,40:62,40:62,40:62,40:62,40:62,40:62,40:62,same,same,same,same,same,same,same
40,63,40:63,40:63,40:63,40:63,40:63,40:63,40:63,same,same,same,same,same,same,same
40,64,40:64,40:64,40:64,40:64,40:64,40:64,40:64,same,same,same,same,same,same,same
40,65,40:65,40:65,40:65,40:65,40:65,40:65,40:65,same,same,same,same,same,same,same
40,66,40:66,40:66,40:66,40:66,40:66,40:66,40:66,same,same,same,same,same,same,same
40,67,40:67,40:67,40:67,40:67,40:67,40:67,40:67,same,same,same,same,same,same,same
40,68,40:68,40:68,40:68,40:68,40:68,40:68,40:68,same,same,same,same,same,same,same
40,69,40:69,40:69,40:69,40:69,40:69,40:69,40:69,same,same,same,same,same,same,same
40,70,40:70,40:70,40:70,40:70,40:70,40:70,40:70,same,same,same,same,same,same,same
40,71,40:71,40:71,40:71,40:71,40:71,40:71,40:71,same,same,merged,same,same,merged,merged
40,72,40:72,40:72,40:71-72,40:72,40:72,40:71-72,40:71-72,same,same,split,same,same,split,split
40,73,40:73,40:73,40:73,40:73,40:73,40:73,40:73,same,same,merged,merged,merged,merged,merged
40,74,40:74,40:74,40:73,40:73,40:73,40:73,40:73,same,same,merged,merged,merged,merged,merged
40,75,40:75,40:75,40:74,40:74,40:74,40:74,40:74,same,same,same,same,same,same,same
40,76,40:76,40:76,40:75,40:75,40:75,40:75,40:75,same,same,same,same,same,same,same
40,77,40:77,40:77,40:76,40:76,40:76,40:76,40:76,same,same,same,same,same,same,same
40,78,40:78,40:78,40:77,40:77,40:77,40:77,40:77,same,same,same,same,same,same,same
40,79,40:79,40:79,40:78,40:78,40:78,40:78,40:78,same,same,same,same,same,same,same
40,80,40:80,40:80,40:79,40:79,40:79,40:79,40:79,same,same,same,same,same,same,same
40,81,40:81,40:81,40:80,40:80,40:80,40:80,40:80,same,same,same,same,same,same,same
40,82,40:82,40:82,40:81,40:81,40:81,40:81,40:81,same,same,same,same,same,same,same
40,83,40:83,40:83,40:82,40:82,40:82,40:82,40:82,same,same,same,same,same,same,same
40,84,40:84,40:84,40:83,40:83,40:83,40:83,40:83,same,same,same,same,same,same,same
40,85,40:85,40:85,40:84,40:84,40:84,40:84,40:84,same,same,same,same,same,same,same
41,1,41:1,41:1,41:1,41:1,41:1,41:1,41:1,same,same,merged,merged,merged,merged,merged
41,2,41:2,41:2,41:1,41:1,41:1,41:1,41:1,same,same,merged,merged,merged,merged,merged
41,3,41:3,41:3,41:2,41:2,41:2,41:2,41:2,same,same,same,same,same,same,same
41,4,41:4,41:4,41:3,41:3,41:3,41:3,41:3,same,same,same,same,same,same,same
41,5,41:5,41:5,41:4,41:4,41:4,41:4,41:4,same,same,same,same,same,same,same
41,6,41:6,41:6,41:5,41:5,41:5,41:5,41:5,same,same,same,same,same,same,same
41,7,41:7,41:7,41:6,41:6,41:6,41:6,41:6,same,same,same,same,same,same,same
41,8,41:8,41:8,41:7,41:7,41:7,41:7,41:7,same,same,same,same,same,same,same
41,9,41:9,41:9,41:8,41:8,41:8,41:8,41:8,same,same,same,same,same,same,same
41,10,41:10,41:10,41:9,41:9,41:9,41:9,41:9,same,same,same,same,same,same,same
41,11,41:11,41:11,41:10,41:10,41:10,41:10,41:10,same,same,same,same,same,same,same
41,12,41:12,41:12,41:11,41:11,41:11,41:11,41:11,same,same,same,same,same,same,same
41,13,41:13,41:13,41:12,41:12,41:12,41:12,41:12,same,same,same,same,same,same,same
41,14,41:14,41:14,41:13,41:13,41:13,41:13,41:13,same,same,same,same,same,same,same
41,15,41:15,41:15,41:14,41:14,41:14,41:14,41:14,same,same,same,same,same,same,same
41,16,41:16,41:16,41:15,41:15,41:15,41:15,41:15,same,same,same,same,same,same,same
41,17,41:17,41:17,41:16,41:16,41:16,41:16,41:16,same,same,same,same,same,same,same
41,18,41:18,41:18,41:17,41:17,41:17,41:17,41:17,same,same,same,same,same,same,same
41,19,41:19,41:19,41:18,41:18,41:18,41:18,41:18,same,same,same,same,same,same,same
41,20,41:20,41:20,41:19,41:19,41:19,41:19,41:19,same,same,same,same,same,same,same
41,21,41:21,41:21,41:20,41:20,41:20,41:20,41:20,same,same,same,same,same,same,same
41,22,41:22,41:22,41:21,41:21,41:21,41:21,41:21,same,same,same,same,same,same,same
41,23,41:23,41:23,41:22,41:22,41:22,41:22,41:22,same,same,same,same,same,same,same
41,24,41:24,41:24,41:23,41:23,41:23,41:23,41:23,same,same,same,same,same,same,same
41,25,41:25,41:25,41:24,41:24,41:24,41:24,41:24,same,same,same,same,same,same,same
41,26,41:26,41:26,41:25,41:25,41:25,41:25,41:25,same,same,same,same,same,same,same
41,27,41:27,41:27,41:26,41:26,41:26,41:26,41:26,same,same,same,same,same,same,same
41,28,41:28,41:28,41:27,41:27,41:27,41:27,41:27,same,same,same,same,same,same,same
41,29,41:29,41:29,41:28,41:28,41:28,41:28,41:28,same,same,same,same,same,same,same
41,30,41:30,41:30,41:29,41:29,41:29,41:29,41:29,same,same,same,same,same,same,same
41,31,41:31,41:31,41:30,41:30,41:30,41:30,41:30,same,same,same,same,same,same,same
41,32,41:32,41:32,41:31,41:31,41:31,41:31,41:31,same,same,same,same,same,same,same
41,33,41:33,41:33,41:32,41:32,41:32,41:32,41:32,same,same,same,same,same,same,same
41,34,41:34,41:34,41:33,41:33,41:33,41:33,41:33,same,same,same,same,same,same,same
41,35,41:35,41:35,41:34,41:34,41:34,41:34,41:34,same,same,same,same,same,same,same
41,36,41:36,41:36,41:35,41:35,41:35,41:35,41:35,same,same,same,same,same,same,same
41,37,41:37,41:37,41:36,41:36,41:36,41:36,41:36,same,same,same,same,same,same,same
41,38,41:38,41:38,41:37,41:37,41:37,41:37,41:37,same,same,same,same,same,same,same
41,39,41:39,41:39,41:38,41:38,41:38,41:38,41:38,same,same,same,same,same,same,same
41,40,41:40,41:40,41:39,41:39,41:39,41:39,41:39,same,same,same,same,same,same,same
41,41,41:41,41:41,41:40,41:40,41:40,41:40,41:40,same,same,same,same,same,same,same
41,42,41:42,41:42,41:41,41:41,41:41,41:41,41:41,same,same,same,same,same,same,same
41,43,41:43,41:43,41:42,41:42,41:42,41:42,41:42,same,same,same,same,same,same,same
41,44,41:44,41:44,41:43,41:43,41:43,41:43,41:43,same,same,same,same,same,same,same
41,45,41:45,41:45,41:44,41:44,41:44,41:44,41:44,same,same,same,same,same,same,same
41,46,41:46,41:46,41:45,41:45,41:45,41:45,41:45,same,same,same,same,same,same,same
41,47,41:47,41:47,41:46,41:46,41:46,41:46,41:46,same,same,same,same,same,same,same
41,48,41:48,41:48,41:47,41:47,41:47,41:47,41:47,same,same,same,same,same,same,same
41,49,41:49,41:49,41:48,41:48,41:48,41:48,41:48,same,same,same,same,same,same,same
41,50,41:50,41:50,41:49,41:49,41:49,41:49,41:49,same,same,same,same,same,same,same
41,51,41:51,41:51,41:50,41:50,41:50,41:50,41:50,same,same,same,same,same,same,same
41,52,41:52,41:52,41:51,41:51,41:51,41:51,41:51,same,same,same,same,same,same,same
41,53,41:53,41:53,41:52,41:52,41:52,41:52,41:52,same,same,same,same,same,same,same
41,54,41:54,41:54,41:53,41:53,41:53,41:53,41:53,same,same,same,same,same,same,same
42,1,42:1,42:1,42:1,42:1,42:1,42:1,42:1,same,same,merged,merged,merged,merged,merged
42,2,42:2,42:2,42:1,42:1,42:1,42:1,42:1,same,same,merged,merged,merged,merged,merged
42,3,42:3,42:3,42:1,42:1,42:1,42:1,42:1,same,same,merged,merged,merged,merged,merged
42,4,42:4,42:4,42:2,42:2,42:2,42:2,42:2,same,same,same,same,same,same,same
42,5,42:5,42:5,42:3,42:3,42:3,42:3,42:3,same,same,same,same,same,same,same
42,6,42:6,42:6,42:4,42:4,42:4,42:4,42:4,same,same,same,same,same,same,same
42,7,42:7,42:7,42:5,42:5,42:5,42:5,42:5,same,same,same,same,same,same,same
42,8,42:8,42:8,42:6,42:6,42:6,42:6,42:6,same,same,same,same,same,same,same
42,9,42:9,42:9,42:7,42:7,42:7,42:7,42:7,same,same,same,same,same,same,same
42,10,42:10,42:10,42:8,42:8,42:8,42:8,42:8,same,same,same,same,same,same,same
42,11,42:11,42:11,42:9,42:9,42:9,42:9,42:9,same,same,same,same,same,same,same
42,12,42:12,42:12,42:10,42:10,42:10,42:10,42:10,same,same,same,same,same,same,same
42,13,42:13,42:13,42:11,42:11,42:11,42:11,42:11,same,same,same,same,same,same,same
42,14,42:14,42:14,42:12,42:12,42:12,42:12,42:12,same,same,same,same,same,same,same
42,15,42:15,42:15,42:13,42:13,42:13,42:13,42:13,same,same,same,same,same,same,same
42,16,42:16,42:16,42:14,42:14,42:14,42:14,42:14,same,same,same,same,same,same,same
42,17,42:17,42:17,42:15,42:15,42:15,42:15,42:15,same,same,same,same,same,same,same
42,18,42:18,42:18,42:16,42:16,42:16,42:16,42:16,same,same,same,same,same,same,same
42,19,42:19,42:19,42:17,42:17,42:17,42:17,42:17,same,same,same,same,same,same,same
42,20,42:20,42:20,42:18,42:18,42:18,42:18,42:18,same,same,same,same,same,same,same
42,21,42:21,42:21,42:19,42:19,42:19,42:19,42:19,same,same,same,same,same,same,same
42,22,42:22,42:22,42:20,42:20,42:20,42:20,42:20,same,same,same,same,same,same,same
42,23,42:23,42:23,42:21,42:21,42:21,42:21,42:21,same,same,same,same,same,same,same
42,24,42:24,42:24,42:22,42:22,42:22,42:22,42:22,same,same,same,same,same,same,same
42,25,42:25,42:25,42:23,42:23,42:23,42:23,42:23,same,same,same,same,same,same,same
42,26,42:26,42:26,42:24,42:24,42:24,42:24,42:24,same,same,same,same,same,same,same
42,27,42:27,42:27,42:25,42:25,42:25,42:25,42:25,same,same,same,same,same,same,same
42,28,42:28,42:28,42:26,42:26,42:26,42:26,42:26,same,same,same,same,same,same,same
42,29,42:29,42:29,42:27,42:27,42:27,42:27,42:27,same,same,same,same,same,same,same
42,30,42:30,42:30,42:28,42:28,42:28,42:28,42:28,same,same,same,same,same,same,same
42,31,42:31,42:31,42:29,42:29,42:29,42:29,42:29,same,same,same,same,same,same,same
42,32,42:32,42:32,42:30,42:30,42:30,42:30,42:30,same,same,merged,merged,merged,merged,merged
42,33,42:33,42:33,42:30,42:30,42:30,42:30,42:30,same,same,merged,merged,merged,merged,merged
42,34,42:34,42:34,42:31,42:31,42:31,42:31,42:31,same,same,same,same,same,same,same
42,35,42:35,42:35,42:32,42:32,42:32,42:32,42:32,same,same,same,same,same,same,same
42,36,42:36,42:36,42:33,42:33,42:33,42:33,42:33,same,same,same,same,same,same,same
42,37,42:37,42:37,42:34,42:34,42:34,42:34,42:34,same,same,same,same,same,same,same
42,38,42:38,42:38,42:35,42:35,42:35,42:35,42:35,same,same,same,same,same,same,same
42,39,42:39,42:39,42:36,42:36,42:36,42:36,42:36,same,same,same,same,same,same,same
42,40,42:40,42:40,42:37,42:37,42:37,42:37,42:37,same,same,same,same,same,same,same
42,41,42:41,42:41,42:38,42:38,42:38,42:38,42:38,same,same,same,same,same,same,same
42,42,42:42,42:42,42:39,42:39,42:39,42:39,42:39,same,same,same,same,same,same,same
42,43,42:43,42:43,42:40,42:40,42:40,42:40,42:40,same,same,same,same,same,same,same
42,44,42:44,42:44,42:41,42:41,42:41,42:41,42:41,same,same,same,same,same,same,same
42,45,42:45,42:45,42:42,42:42,42:42,42:42,42:42,same,same,same,same,same,same,same
42,46,42:46,42:46,42:43,42:43,42:43,42:43,42:43,same,same,same,same,same,same,same
42,47,42:47,42:47,42:44,42:44,42:44,42:44,42:44,same,same,same,same,same,same,same
42,48,42:48,42:48,42:45,42:45,42:45,42:45,42:45,same,same,same,same,same,same,same
42,49,42:49,42:49,42:46,42:46,42:46,42:46,42:46,same,same,same,same,same,same,same
42,50,42:50,42:50,42:47,42:47,42:47,42:47,42:47,same,same,same,same,same,same,same
42,51,42:51,42:51,42:48,42:48,42:48,42:48,42:48,same,same,same,same,same,same,same
42,52,42:52,42:52,42:49,42:49,42:49,42:49,42:49,same,same,same,same,same,same,same
42,53,42:53,42:53,42:50,42:50,42:50,42:50,42:50,same,same,same,same,same,same,same
43,1,43:1,43:1,43:1,43:1,43:1,43:1,43:1,same,same,merged,merged,merged,merged,merged
43,2,43:2,43:2,43:1,43:1,43:1,43:1,43:1,same,same,merged,merged,merged,merged,merged
43,3,43:3,43:3,43:2,43:2,43:2,43:2,43:2,same,same,same,same,same,same,same
43,4,43:4,43:4,43:3,43:3,43:3,43:3,43:3,same,same,same,same,same,same,same
43,5,43:5,43:5,43:4,43:4,43:4,43:4,43:4,same,same,same,same,same,same,same
43,6,43:6,43:6,43:5,43:5,43:5,43:5,43:5,same,same,same,same,same,same,same
43,7,43:7,43:7,43:6,43:6,43:6,43:6,43:6,same,same,same,same,same,same,same
43,8,43:8,43:8,43:7,43:7,43:7,43:7,43:7,same,same,same,same,same,same,same
43,9,43:9,43:9,43:8,43:8,43:8,43:8,43:8,same,same,same,same,same,same,same
43,10,43:10,43:10,43:9,43:9,43:9,43:9,43:9,same,same,same,same,same,same,same
43,11,43:11,43:11,43:10,43:10,43:10,43:10,43:10,same,same,same,same,same,same,same
43,12,43:12,43:12,43:11,43:11,43:11,43:11,43:11,same,same,same,same,same,same,same
43,13,43:13,43:13,43:12,43:12,43:12,43:12,43:12,same,same,same,same,same,same,same
43,14,43:14,43:14,43:13,43:13,43:13,43:13,43:13,same,same,same,same,same,same,same
43,15,43:15,43:15,43:14,43:14,43:14,43:14,43:14,same,same,same,same,same,same,same
43,16,43:16,43:16,43:15,43:15,43:15,43:15,43:15,same,same,same,same,same,same,same
43,17,43:17,43:17,43:16,43:16,43:16,43:16,43:16,same,same,same,same,same,same,same
43,18,43:18,43:18,43:17,43:17,43:17,43:17,43:17,same,same,same,same,same,same,same
43,19,43:19,43:19,43:18,43:18,43:18,43:18,43:18,same,same,same,same,same,same,same
43,20,43:20,43:20,43:19,43:19,43:19,43:19,43:19,same,same,same,same,same,same,same
43,21,43:21,43:21,43:20,43:20,43:20,43:20,43:20,same,same,same,same,same,same,same
43,22,43:22,43:22,43:21,43:21,43:21,43:21,43:21,same,same,same,same,same,same,same
43,23,43:23,43:23,43:22,43:22,43:22,43:22,43:22,same,same,same,same,same,same,same
43,24,43:24,43:24,43:23,43:23,43:23,43:23,43:23,same,same,same,same,same,same,same
43,25,43:25,43:25,43:24,43:24,43:24,43:24,43:24,same,same,same,same,same,same,same
43,26,43:26,43:26,43:25,43:25,43:25,43:25,43:25,same,same,same,same,same,same,same
43,27,43:27,43:27,43:26,43:26,43:26,43:26,43:26,same,same,same,same,same,same,same
43,28,43:28,43:28,43:27,43:27,43:27,43:27,43:27,same,same,same,same,same,same,same
43,29,43:29,43:29,43:28,43:28,43:28,43:28,43:28,same,same,same,same,same,same,same
43,30,43:30,43:30,43:29,43:29,43:29,43:29,43:29,same,same,same,same,same,same,same
43,31,43:31,43:31,43:30,43:30,43:30,43:30,43:30,same,same,same,same,same,same,same
43,32,43:32,43:32,43:31,43:31,43:31,43:31,43:31,same,same,same,same,same,same,same
43,33,43:33,43:33,43:32,43:32,43:32,43:32,43:32,same,same,same,same,same,same,same
43,34,43:34,43:34,43:33,43:33,43:33,43:33,43:33,same,same,same,same,same,same,same
43,35,43:35,43:35,43:34,43:34,43:34,43:34,43:34,same,same,same,same,same,same,same
43,36,43:36,43:36,43:35,43:35,43:35,43:35,43:35,same,same,same,same,same,same,same
43,37,43:37,43:37,43:36,43:36,43:36,43:36,43:36,same,same,same,same,same,same,same
43,38,43:38,43:38,43:37,43:37,43:37,43:37,43:37,same,same,same,same,same,same,same
43,39,43:39,43:39,43:38,43:38,43:38,43:38,43:38,same,same,same,same,same,same,same
43,40,43:40,43:40,43:39,43:39,43:39,43:39,43:39,same,same,same,same,same,same,same
43,41,43:41,43:41,43:40,43:40,43:40,43:40,43:40,same,same,same,same,same,same,same
43,42,43:42,43:42,43:41,43:41,43:41,43:41,43:41,same,same,same,same,same,same,same
43,43,43:43,43:43,43:42,43:42,43:42,43:42,43:42,same,same,same,same,same,same,same
43,44,43:44,43:44,43:43,43:43,43:43,43:43,43:43,same,same,same,same,same,same,same
43,45,43:45,43:45,43:44,43:44,43:44,43:44,43:44,same,same,same,same,same,same,same
43,46,43:46,43:46,43:45,43:45,43:45,43:45,43:45,same,same,same,same,same,same,same
43,47,43:47,43:47,43:46,43:46,43:46,43:46,43:46,same,same,same,same,same,same,same
43,48,43:48,43:48,43:47,43:47,43:47,43:47,43:47,same,same,same,same,same,same,same
43,49,43:49,43:49,43:48,43:48,43:48,43:48,43:48,same,same,same,same,same,same,same
43,50,43:50,43:50,43:49,43:49,43:49,43:49,43:49,same,same,same,same,same,same,same
43,51,43:51,43:51,43:50,43:50,43:50,43:50,43:50,same,same,same,same,same,same,same
43,52,43:52,43:52,43:51-52,43:51-52,43:51-52,43:51-52,43:51-52,same,same,split,split,split,split,split
43,53,43:53,43:53,43:53,43:53,43:53,43:53,43:53,same,same,same,same,same,same,same
43,54,43:54,43:54,43:54,43:54,43:54,43:54,43:54,same,same,same,same,same,same,same
43,55,43:55,43:55,43:55,43:55,43:55,43:55,43:55,same,same,same,same,same,same,same
43,56,43:56,43:56,43:56,43:56,43:56,43:56,43:56,same,same,same,same,same,same,same
43,57,43:57,43:57,43:57,43:57,43:57,43:57,43:57,same,same,same,same,same,same,same
43,58,43:58,43:58,43:58,43:58,43:58,43:58,43:58,same,same,same,same,same,same,same
43,59,43:59,43:59,43:59,43:59,43:59,43:59,43:59,same,same,same,same,same,same,same
43,60,43:60,43:60,43:60,43:60,43:60,43:60,43:60,same,same,same,same,same,same,same
43,61,43:61,43:61,43:61,43:61,43:61,43:61,43:61,same,same,same,same,same,same,same
43,62,43:62,43:62,43:62,43:62,43:62,43:62,43:62,same,same,same,same,same,same,same
43,63,43:63,43:63,43:63,43:63,43:63,43:63,43:63,same,same,same,same,same,same,same
43,64,43:64,43:64,43:64,43:64,43:64,43:64,43:64,same,same,same,same,same,same,same
43,65,43:65,43:65,43:65,43:65,43:65,43:65,43:65,same,same,same,same,same,same,same
43,66,43:66,43:66,43:66,43:66,43:66,43:66,43:66,same,same,same,same,same,same,same
43,67,43:67,43:67,43:67,43:67,43:67,43:67,43:67,same,same,same,same,same,same,same
43,68,43:68,43:68,43:68,43:68,43:68,43:68,43:68,same,same,same,same,same,same,same
43,69,43:69,43:69,43:69,43:69,43:69,43:69,43:69,same,same,same,same,same,same,same
43,70,43:70,43:70,43:70,43:70,43:70,43:70,43:70,same,same,same,same,same,same,same
43,71,43:71,43:71,43:71,43:71,43:71,43:71,43:71,same,same,same,same,same,same,same
43,72,43:72,43:72,43:72,43:72,43:72,43:72,43:72,same,same,same,same,same,same,same
43,73,43:73,43:73,43:73,43:73,43:73,43:73,43:73,same,same,same,same,same,same,same
43,74,43:74,43:74,43:74,43:74,43:74,43:74,43:74,same,same,same,same,same,same,same
43,75,43:75,43:75,43:75,43:75,43:75,43:75,43:75,same,same,same,same,same,same,same
43,76,43:76,43:76,43:76,43:76,43:76,43:76,43:76,same,same,same,same,same,same,same
43,77,43:77,43:77,43:77,43:77,43:77,43:77,43:77,same,same,same,same,same,same,same
43,78,43:78,43:78,43:78,43:78,43:78,43:78,43:78,same,same,same,same,same,same,same
43,79,43:79,43:79,43:79,43:79,43:79,43:79,43:79,same,same,same,same,same,same,same
43,80,43:80,43:80,43:80,43:80,43:80,43:80,43:80,same,same,same,same,same,same,same
43,81,43:81,43:81,43:81,43:81,43:81,43:81,43:81,same,same,same,same,same,same,same
43,82,43:82,43:82,43:82,43:82,43:82,43:82,43:82,same,same,same,same,same,same,same
43,83,43:83,43:83,43:83,43:83,43:83,43:83,43:83,same,same,same,same,same,same,same
43,84,43:84,43:84,43:84,43:84,43:84,43:84,43:84,same,same,same,same,same,same,same
43,85,43:85,43:85,43:85,43:85,43:85,43:85,43:85,same,same,same,same,same,same,same
43,86,43:86,43:86,43:86,43:86,43:86,43:86,43:86,same,same,same,same,same,same,same
43,87,43:87,43:87,43:87,43:87,43:87,43:87,43:87,same,same,same,same,same,same,same
43,88,43:88,43:88,43:88,43:88,43:88,43:88,43:88,same,same,same,same,same,same,same
43,89,43:89,43:89,43:89,43:89,43:89,43:89,43:89,same,same,same,same,same,same,same
44,1,44:1,44:1,44:1,44:1,44:1,44:1,44:1,same,same,merged,merged,merged,merged,merged
44,2,44:2,44:2,44:1,44:1,44:1,44:1,44:1,same,same,merged,merged,merged,merged,merged
44,3,44:3,44:3,44:2,44:2,44:2,44:2,44:2,same,same,same,same,same,same,same
44,4,44:4,44:4,44:3,44:3,44:3,44:3,44:3,same,same,same,same,same,same,same
44,5,44:5,44:5,44:4,44:4,44:4,44:4,44:4,same,same,same,same,same,same,same
44,6,44:6,44:6,44:5,44:5,44:5,44:5,44:5,same,same,same,same,same,same,same
44,7,44:7,44:7,44:6,44:6,44:6,44:6,44:6,same,same,same,same,same,same,same
44,8,44:8,44:8,44:7,44:7,44:7,44:7,44:7,same,same,same,same,same,same,same
44,9,44:9,44:9,44:8,44:8,44:8,44:8,44:8,same,same,same,same,same,same,same
44,10,44:10,44:10,44:9,44:9,44:9,44:9,44:9,same,same,same,same,same,same,same
44,11,44:11,44:11,44:10,44:10,44:10,44:10,44:10,same,same,same,same,same,same,same
44,12,44:12,44:12,44:11,44:11,44:11,44:11,44:11,same,same,same,same,same,same,same
44,13,44:13,44:13,44:12,44:12,44:12,44:12,44:12,same,same,same,same,same,same,same
44,14,44:14,44:14,44:13,44:13,44:13,44:13,44:13,same,same,same,same,same,same,same
44,15,44:15,44:15,44:14,44:14,44:14,44:14,44:14,same,same,same,same,same,same,same
44,16,44:16,44:16,44:15,44:15,44:15,44:15,44:15,same,same,same,same,same,same,same
44,17,44:17,44:17,44:16,44:16,44:16,44:16,44:16,same,same,same,same,same,same,same
44,18,44:18,44:18,44:17,44:17,44:17,44:17,44:17,same,same,same,same,same,same,same
44,19,44:19,44:19,44:18,44:18,44:18,44:18,44:18,same,same,same,same,same,same,same
44,20,44:20,44:20,44:19,44:19,44:19,44:19,44:19,same,same,same,same,same,same,same
44,21,44:21,44:21,44:20,44:20,44:20,44:20,44:20,same,same,same,same,same,same,same
44,22,44:22,44:22,44:21,44:21,44:21,44:21,44:21,same,same,same,same,same,same,same
44,23,44:23,44:23,44:22,44:22,44:22,44:22,44:22,same,same,same,same,same,same,same
44,24,44:24,44:24,44:23,44:23,44:23,44:23,44:23,same,same,same,same,same,same,same
44,25,44:25,44:25,44:24,44:24,44:24,44:24,44:24,same,same,same,same,same,same,same
44,26,44:26,44:26,44:25,44:25,44:25,44:25,44:25,same,same,same,same,same,same,same
44,27,44:27,44:27,44:26,44:26,44:26,44:26,44:26,same,same,same,same,same,same,same
44,28,44:28,44:28,44:27,44:27,44:27,44:27,44:27,same,same,same,same,same,same,same
44,29,44:29,44:29,44:28,44:28,44:28,44:28,44:28,same,same,same,same,same,same,same
44,30,44:30,44:30,44:29,44:29,44:29,44:29,44:29,same,same,same,same,same,same,same
44,31,44:31,44:31,44:30,44:30,44:30,44:30,44:30,same,same,same,same,same,same,same
44,32,44:32,44:32,44:31,44:31,44:31,44:31,44:31,same,same,same,same,same,same,same
44,33,44:33,44:33,44:32,44:32,44:32,44:32,44:32,same,same,same,same,same,same,same
44,34,44:34,44:34,44:33,44:33,44:33,44:33,44:33,same,same,merged,merged,merged,merged,merged
44,35,44:35,44:35,44:33,44:33,44:33,44:33,44:33,same,same,merged,merged,merged,merged,merged
44,36,44:36,44:36,44:34,44:34,44:34,44:34,44:34,same,same,same,same,same,same,same
44,37,44:37,44:37,44:35,44:35,44:35,44:35,44:35,same,same,same,same,same,same,same
44,38,44:38,44:38,44:36,44:36,44:36,44:36,44:36,same,same,same,same,same,same,same
44,39,44:39,44:39,44:37,44:37,44:37,44:37,44:37,same,same,same,same,same,same,same
44,40,44:40,44:40,44:38,44:38,44:38,44:38,44:38,same,same,same,same,same,same,same
44,41,44:41,44:41,44:39,44:39,44:39,44:39,44:39,same,same,same,same,same,same,same
44,42,44:42,44:42,44:40,44:40,44:40,44:40,44:40,same,same,same,same,same,same,same
44,43,44:43,44:43,44:41,44:41,44:41,44:41,44:41,same,same,merged,merged,merged,same,same
44,44,44:44,44:44,44:41,44:41,44:41,44:42,44:42,same,same,merged,merged,merged,same,same
44,45,44:45,44:45,44:42,44:42,44:42,44:43,44:43,same,same,same,same,same,merged,merged
44,46,44:46,44:46,44:43,44:43,44:43,44:43,44:43,same,same,same,same,same,merged,merged
44,47,44:47,44:47,44:44,44:44,44:44,44:44,44:44,same,same,same,same,same,same,same
44,48,44:48,44:48,44:45,44:45,44:45,44:45,44:45,same,same,same,same,same,same,same
44,49,44:49,44:49,44:46,44:46,44:46,44:46,44:46,same,same,same,same,same,same,same
44,50,44:50,44:50,44:47,44:47,44:47,44:47,44:47,same,same,same,same,same,same,same
44,51,44:51,44:51,44:48,44:48,44:48,44:48,44:48,same,same,same,same,same,same,same
44,52,44:52,44:52,44:49,44:49,44:49,44:49,44:49,same,same,same,same,same,same,same
44,53,44:53,44:53,44:50,44:50,44:50,44:50,44:50,same,same,same,same,same,same,same
44,54,44:54,44:54,44:51,44:51,44:51,44:51,44:51,same,same,same,same,same,same,same
44,55,44:55,44:55,44:52,44:52,44:52,44:52,44:52,same,same,same,same,same,same,same
44,56,44:56,44:56,44:53,44:53,44:53,44:53,44:53,same,same,same,same,same,same,same
44,57,44:57,44:57,44:54,44:54,44:54,44:54,44:54,same,same,same,same,same,same,same
44,58,44:58,44:58,44:55,44:55,44:55,44:55,44:55,same,same,same,same,same,same,same
44,59,44:59,44:59,44:56,44:56,44:56,44:56,44:56,same,same,same,same,same,same,same
45,1,45:1,45:1,45:1,45:1,45:1,45:1,45:1,same,same,merged,merged,merged,merged,merged
45,2,45:2,45:2,45:1,45:1,45:1,45:1,45:1,same,same,merged,merged,merged,merged,merged
45,3,45:3,45:3,45:2,45:2,45:2,45:2,45:2,same,same,same,same,same,same,same
45,4,45:4,45:4,45:3,45:3,45:3,45:3,45:3,same,same,same,same,same,same,same
45,5,45:5,45:5,45:4,45:4,45:4,45:4,45:4,same,same,same,same,same,same,same
45,6,45:6,45:6,45:5,45:5,45:5,45:5,45:5,same,same,same,same,same,same,same
45,7,45:7,45:7,45:6,45:6,45:6,45:6,45:6,same,same,same,same,same,same,same
45,8,45:8,45:8,45:7,45:7,45:7,45:7,45:7,same,same,same,same,same,same,same
45,9,45:9,45:9,45:8,45:8,45:8,45:8,45:8,same,same,same,same,same,same,same
45,10,45:10,45:10,45:9,45:9,45:9,45:9,45:9,same,same,same,same,same,same,same
45,11,45:11,45:11,45:10,45:10,45:10,45:10,45:10,same,same,same,same,same,same,same
45,12,45:12,45:12,45:11,45:11,45:11,45:11,45:11,same,same,same,same,same,same,same
45,13,45:13,45:13,45:12,45:12,45:12,45:12,45:12,same,same,same,same,same,same,same
45,14,45:14,45:14,45:13,45:13,45:13,45:13,45:13,same,same,same,same,same,same,same
45,15,45:15,45:15,45:14,45:14,45:14,45:14,45:14,same,same,same,same,same,same,same
45,16,45:16,45:16,45:15,45:15,45:15,45:15,45:15,same,same,same,same,same,same,same
45,17,45:17,45:17,45:16,45:16,45:16,45:16,45:16,same,same,same,same,same,same,same
45,18,45:18,45:18,45:17,45:17,45:17,45:17,45:17,same,same,same,same,same,same,same
45,19,45:19,45:19,45:18,45:18,45:18,45:18,45:18,same,same,same,same,same,same,same
45,20,45:20,45:20,45:19,45:19,45:19,45:19,45:19,same,same,same,same,same,same,same
45,21,45:21,45:21,45:20,45:20,45:20,45:20,45:20,same,same,same,same,same,same,same
45,22,45:22,45:22,45:21,45:21,45:21,45:21,45:21,same,same,same,same,same,same,same
45,23,45:23,45:23,45:22,45:22,45:22,45:22,45:22,same,same,same,same,same,same,same
45,24,45:24,45:24,45:23,45:23,45:23,45:23,45:23,same,same,same,same,same,same,same
45,25,45:25,45:25,45:24,45:24,45:24,45:24,45:24,same,same,same,same,same,same,same
45,26,45:26,45:26,45:25,45:25,45:25,45:25,45:25,same,same,same,same,same,same,same
45,27,45:27,45:27,45:26,45:26,45:26,45:26,45:26,same,same,same,same,same,same,same
45,28,45:28,45:28,45:27,45:27,45:27,45:27,45:27,same,same,same,same,same,same,same
45,29,45:29,45:29,45:28,45:28,45:28,45:28,45:28,same,same,same,same,same,same,same
45,30,45:30,45:30,45:29,45:29,45:29,45:29,45:29,same,same,same,same,same,same,same
45,31,45:31,45:31,45:30,45:30,45:30,45:30,45:30,same,same,same,same,same,same,same
45,32,45:32,45:32,45:31,45:31,45:31,45:31,45:31,same,same,same,same,same,same,same
45,33,45:33,45:33,45:32,45:32,45:32,45:32,45:32,same,same,same,same,same,same,same
45,34,45:34,45:34,45:33,45:33,45:33,45:33,45:33,same,same,same,same,same,same,same
45,35,45:35,45:35,45:34,45:34,45:34,45:34,45:34,same,same,same,same,same,same,same
45,36,45:36,45:36,45:35,45:35,45:35,45:35,45:35,same,same,same,same,same,same,same
45,37,45:37,45:37,45:36,45:36,45:36,45:36,45:36,same,same,same,same,same,same,same
46,1,46:1,46:1,46:1,46:1,46:1,46:1,46:1,same,same,merged,merged,merged,merged,merged
46,2,46:2,46:2,46:1,46:1,46:1,46:1,46:1,same,same,merged,merged,merged,merged,merged
46,3,46:3,46:3,46:2,46:2,46:2,46:2,46:2,same,same,same,same,same,same,same
46,4,46:4,46:4,46:3,46:3,46:3,46:3,46:3,same,same,same,same,same,same,same
46,5,46:5,46:5,46:4,46:4,46:4,46:4,46:4,same,same,same,same,same,same,same
46,6,46:6,46:6,46:5,46:5,46:5,46:5,46:5,same,same,same,same,same,same,same
46,7,46:7,46:7,46:6,46:6,46:6,46:6,46:6,same,same,same,same,same,same,same
46,8,46:8,46:8,46:7,46:7,46:7,46:7,46:7,same,same,same,same,same,same,same
46,9,46:9,46:9,46:8,46:8,46:8,46:8,46:8,same,same,same,same,same,same,same
46,10,46:10,46:10,46:9,46:9,46:9,46:9,46:9,same,same,same,same,same,same,same
46,11,46:11,46:11,46:10,46:10,46:10,46:10,46:10,same,same,same,same,same,same,same
46,12,46:12,46:12,46:11,46:11,46:11,46:11,46:11,same,same,same,same,same,same,same
46,13,46:13,46:13,46:12,46:12,46:12,46:12,46:12,same,same,same,same,same,same,same
46,14,46:14,46:14,46:13,46:13,46:13,46:13,46:13,same,same,same,same,same,same,same
46,15,46:15,46:15,46:14,46:14,46:14,46:14,46:14,same,same,same,same,same,same,same
46,16,46:16,46:16,46:15,46:15,46:15,46:15,46:15,same,same,same,same,same,same,same
46,17,46:17,46:17,46:16,46:16,46:16,46:16,46:16,same,same,same,same,same,same,same
46,18,46:18,46:18,46:17,46:17,46:17,46:17,46:17,same,same,same,same,same,same,same
46,19,46:19,46:19,46:18,46:18,46:18,46:18,46:18,same,same,same,same,same,same,same
46,20,46:20,46:20,46:19,46:19,46:19,46:19,46:19,same,same,same,same,same,same,same
46,21,46:21,46:21,46:20,46:20,46:20,46:20,46:20,same,same,same,same,same,same,same
46,22,46:22,46:22,46:21,46:21,46:21,46:21,46:21,same,same,same,same,same,same,same
46,23,46:23,46:23,46:22,46:22,46:22,46:22,46:22,same,same,same,same,same,same,same
46,24,46:24,46:24,46:23,46:23,46:23,46:23,46:23,same,same,same,same,same,same,same
46,25,46:25,46:25,46:24,46:24,46:24,46:24,46:24,same,same,same,same,same,same,same
46,26,46:26,46:26,46:25,46:25,46:25,46:25,46:25,same,same,same,same,same,same,same
46,27,46:27,46:27,46:26,46:26,46:26,46:26,46:26,same,same,same,same,same,same,same
46,28,46:28,46:28,46:27,46:27,46:27,46:27,46:27,same,same,same,same,same,same,same
46,29,46:29,46:29,46:28,46:28,46:28,46:28,46:28,same,same,same,same,same,same,same
46,30,46:30,46:30,46:29,46:29,46:29,46:29,46:29,same,same,same,same,same,same,same
46,31,46:31,46:31,46:30,46:30,46:30,46:30,46:30,same,same,same,same,same,same,same
46,32,46:32,46:32,46:31,46:31,46:31,46:31,46:31,same,same,same,same,same,same,same
46,33,46:33,46:33,46:32,46:32,46:32,46:32,46:32,same,same,same,same,same,same,same
46,34,46:34,46:34,46:33,46:33,46:33,46:33,46:33,same,same,same,same,same,same,same
46,35,46:35,46:35,46:34,46:34,46:34,46:34,46:34,same,same,same,same,same,same,same
47,1,47:1,47:1,47:1,47:1,47:1,47:1,47:1,same,same,same,same,same,same,same
47,2,47:2,47:2,47:2,47:2,47:2,47:2,47:2,same,same,same,same,same,same,same
47,3,47:3,47:3,47:3,47:3,47:3,47:3,47:3,same,same,same,same,same,same,same
47,4,47:4,47:4,47:4-5,47:4-5,47:4-5,47:4-5,47:4-5,same,same,split,split,split,split,split
47,5,47:5,47:5,47:6,47:6,47:6,47:6,47:6,same,same,same,same,same,same,same
47,6,47:6,47:6,47:7,47:7,47:7,47:7,47:7,same,same,same,same,same,same,same
47,7,47:7,47:7,47:8,47:8,47:8,47:8,47:8,same,same,same,same,same,same,same
47,8,47:8,47:8,47:9,47:9,47:9,47:9,47:9,same,same,same,same,same,same,same
47,9,47:9,47:9,47:10,47:10,47:10,47:10,47:10,same,same,same,same,same,same,same
47,10,47:10,47:10,47:11,47:11,47:11,47:11,47:11,same,same,same,same,same,same,same
47,11,47:11,47:11,47:12,47:12,47:12,47:12,47:12,same,same,same,same,same,same,same
47,12,47:12,47:12,47:13,47:13,47:13,47:13,47:13,same,same,same,same,same,same,same
47,13,47:13,47:13,47:14,47:14,47:14,47:14,47:14,same,same,same,same,same,same,same
47,14,47:14,47:14,47:15,47:15,47:15,47:15,47:15,same,same,same,same,same,same,same
47,15,47:15,47:15,47:16,47:16,47:16,47:16,47:16,same,same,same,same,same,same,same
47,16,47:16,47:16,47:17,47:17,47:17,47:17,47:17,same,same,same,same,same,same,same
47,17,47:17,47:17,47:18,47:18,47:18,47:18,47:18,same,same,same,same,same,same,same
47,18,47:18,47:18,47:19,47:19,47:19,47:19,47:19,same,same,same,same,same,same,same
47,19,47:19,47:19,47:20,47:20,47:20,47:20,47:20,same,same,same,same,same,same,same
47,20,47:20,47:20,47:21,47:21,47:21,47:21,47:21,same,same,same,same,same,same,same
47,21,47:21,47:21,47:22,47:22,47:22,47:22,47:22,same,same,same,same,same,same,same
47,22,47:22,47:22,47:23,47:23,47:23,47:23,47:23,same,same,same,same,same,same,same
47,23,47:23,47:23,47:24,47:24,47:24,47:24,47:24,same,same,same,same,same,same,same
47,24,47:24,47:24,47:25,47:25,47:25,47:25,47:25,same,same,same,same,same,same,same
47,25,47:25,47:25,47:26,47:26,47:26,47:26,47:26,same,same,same,same,same,same,same
47,26,47:26,47:26,47:27,47:27,47:27,47:27,47:27,same,same,same,same,same,same,same
47,27,47:27,47:27,47:28,47:28,47:28,47:28,47:28,same,same,same,same,same,same,same
47,28,47:28,47:28,47:29,47:29,47:29,47:29,47:29,same,same,same,same,same,same,same
47,29,47:29,47:29,47:30,47:30,47:30,47:30,47:30,same,same,same,same,same,same,same
47,30,47:30,47:30,47:31,47:31,47:31,47:31,47:31,same,same,same,same,same,same,same
47,31,47:31,47:31,47:32,47:32,47:32,47:32,47:32,same,same,same,same,same,same,same
47,32,47:32,47:32,47:33,47:33,47:33,47:33,47:33,same,same,same,same,same,same,same
47,33,47:33,47:33,47:34,47:34,47:34,47:34,47:34,same,same,same,same,same,same,same
47,34,47:34,47:34,47:35,47:35,47:35,47:35,47:35,same,same,same,same,same,same,same
47,35,47:35,47:35,47:36,47:36,47:36,47:36,47:36,same,same,same,same,same,same,same
47,36,47:36,47:36,47:37,47:37,47:37,47:37,47:37,same,same,same,same,same,same,same
47,37,47:37,47:37,47:38,47:38,47:38,47:38,47:38,same,same,same,same,same,same,same
47,38,47:38,47:38,47:39,47:39,47:39,47:39,47:39,same,same,same,same,same,same,same
48,1,48:1,48:1,48:1,48:1,48:1,48:1,48:1,same,same,same,same,same,same,same
48,2,48:2,48:2,48:2,48:2,48:2,48:2,48:2,same,same,same,same,same,same,same
48,3,48:3,48:3,48:3,48:3,48:3,48:3,48:3,same,same,same,same,same,same,same
48,4,48:4,48:4,48:4,48:4,48:4,48:4,48:4,same,same,same,same,same,same,same
48,5,48:5,48:5,48:5,48:5,48:5,48:5,48:5,same,same,same,same,same,same,same
48,6,48:6,48:6,48:6,48:6,48:6,48:6,48:6,same,same,same,same,same,same,same
48,7,48:7,48:7,48:7,48:7,48:7,48:7,48:7,same,same,same,same,same,same,same
48,8,48:8,48:8,48:8,48:8,48:8,48:8,48:8,same,same,same,same,same,same,same
48,9,48:9,48:9,48:9,48:9,48:9,48:9,48:9,same,same,same,same,same,same,same
48,10,48:10,48:10,48:10,48:10,48:10,48:10,48:10,same,same,same,same,same,same,same
48,11,48:11,48:11,48:11,48:11,48:11,48:11,48:11,same,same,same,same,same,same,same
48,12,48:12,48:12,48:12,48:12,48:12,48:12,48:12,same,same,same,same,same,same,same
48,13,48:13,48:13,48:13,48:13,48:13,48:13,48:13,same,same,same,same,same,same,same
48,14,48:14,48:14,48:14,48:14,48:14,48:14,48:14,same,same,same,same,same,same,same
48,15,48:15,48:15,48:15,48:15,48:15,48:15,48:15,same,same,same,same,same,same,same
48,16,48:16,48:16,48:16,48:16,48:16,48:16,48:16,same,same,same,same,same,same,same
48,17,48:17,48:17,48:17,48:17,48:17,48:17,48:17,same,same,same,same,same,same,same
48,18,48:18,48:18,48:18,48:18,48:18,48:18,48:18,same,same,same,same,same,same,same
48,19,48:19,48:19,48:19,48:19,48:19,48:19,48:19,same,same,same,same,same,same,same
48,20,48:20,48:20,48:20,48:20,48:20,48:20,48:20,same,same,same,same,same,same,same
48,21,48:21,48:21,48:21,48:21,48:21,48:21,48:21,same,same,same,same,same,same,same
48,22,48:22,48:22,48:22,48:22,48:22,48:22,48:22,same,same,same,same,same,same,same
48,23,48:23,48:23,48:23,48:23,48:23,48:23,48:23,same,same,same,same,same,same,same
48,24,48:24,48:24,48:24,48:24,48:24,48:24,48:24,same,same,same,same,same,same,same
48,25,48:25,48:25,48:25,48:25,48:25,48:25,48:25,same,same,same,same,same,same,same
48,26,48:26,48:26,48:26,48:26,48:26,48:26,48:26,same,same,same,same,same,same,same
48,27,48:27,48:27,48:27,48:27,48:27,48:27,48:27,same,same,same,same,same,same,same
48,28,48:28,48:28,48:28,48:28,48:28,48:28,48:28,same,same,same,same,same,same,same
48,29,48:29,48:29,48:29,48:29,48:29,48:29,48:29,same,same,same,same,same,same,same
49,1,49:1,49:1,49:1,49:1,49:1,49:1,49:1,same,same,same,same,same,same,same
49,2,49:2,49:2,49:2,49:2,49:2,49:2,49:2,same,same,same,same,same,same,same
49,3,49:3,49:3,49:3,49:3,49:3,49:3,49:3,same,same,same,same,same,same,same
49,4,49:4,49:4,49:4,49:4,49:4,49:4,49:4,same,same,same,same,same,same,same
49,5,49:5,49:5,49:5,49:5,49:5,49:5,49:5,same,same,same,same,same,same,same
49,6,49:6,49:6,49:6,49:6,49:6,49:6,49:6,same,same,same,same,same,same,same
49,7,49:7,49:7,49:7,49:7,49:7,49:7,49:7,same,same,same,same,same,same,same
49,8,49:8,49:8,49:8,49:8,49:8,49:8,49:8,same,same,same,same,same,same,same
49,9,49:9,49:9,49:9,49:9,49:9,49:9,49:9,same,same,same,same,same,same,same
49,10,49:10,49:10,49:10,49:10,49:10,49:10,49:10,same,same,same,same,same,same,same
49,11,49:11,49:11,49:11,49:11,49:11,49:11,49:11,same,same,same,same,same,same,same
49,12,49:12,49:12,49:12,49:12,49:12,49:12,49:12,same,same,same,same,same,same,same
49,13,49:13,49:13,49:13,49:13,49:13,49:13,49:13,same,same,same,same,same,same,same
49,14,49:14,49:14,49:14,49:14,49:14,49:14,49:14,same,same,same,same,same,same,same
49,15,49:15,49:15,49:15,49:15,49:15,49:15,49:15,same,same,same,same,same,same,same
49,16,49:16,49:16,49:16,49:16,49:16,49:16,49:16,same,same,same,same,same,same,same
49,17,49:17,49:17,49:17,49:17,49:17,49:17,49:17,same,same,same,same,same,same,same
49,18,49:18,49:18,49:18,49:18,49:18,49:18,49:18,same,same,same,same,same,same,same
50,1,50:1,50:1,50:1,50:1,50:1,50:1,50:1,same,same,same,same,same,same,same
50,2,50:2,50:2,50:2,50:2,50:2,50:2,50:2,same,same,same,same,same,same,same
50,3,50:3,50:3,50:3,50:3,50:3,50:3,50:3,same,same,same,same,same,same,same
50,4,50:4,50:4,50:4,50:4,50:4,50:4,50:4,same,same,same,same,same,same,same
50,5,50:5,50:5,50:5,50:5,50:5,50:5,50:5,same,same,same,same,same,same,same
50,6,50:6,50:6,50:6,50:6,50:6,50:6,50:6,same,same,same,same,same,same,same
50,7,50:7,50:7,50:7,50:7,50:7,50:7,50:7,same,same,same,same,same,same,same
50,8,50:8,50:8,50:8,50:8,50:8,50:8,50:8,same,same,same,same,same,same,same
50,9,50:9,50:9,50:9,50:9,50:9,50:9,50:9,same,same,same,same,same,same,same
50,10,50:10,50:10,50:10,50:10,50:10,50:10,50:10,same,same,same,same,same,same,same
50,11,50:11,50:11,50:11,50:11,50:11,50:11,50:11,same,same,same,same,same,same,same
50,12,50:12,50:12,50:12,50:12,50:12,50:12,50:12,same,same,same,same,same,same,same
50,13,50:13,50:13,50:13,50:13,50:13,50:13,50:13,same,same,same,same,same,same,same
50,14,50:14,50:14,50:14,50:14,50:14,50:14,50:14,same,same,same,same,same,same,same
50,15,50:15,50:15,50:15,50:15,50:15,50:15,50:15,same,same,same,same,same,same,same
50,16,50:16,50:16,50:16,50:16,50:16,50:16,50:16,same,same,same,same,same,same,same
50,17,50:17,50:17,50:17,50:17,50:17,50:17,50:17,same,same,same,same,same,same,same
50,18,50:18,50:18,50:18,50:18,50:18,50:18,50:18,same,same,same,same,same,same,same
50,19,50:19,50:19,50:19,50:19,50:19,50:19,50:19,same,same,same,same,same,same,same
50,20,50:20,50:20,50:20,50:20,50:20,50:20,50:20,same,same,same,same,same,same,same
50,21,50:21,50:21,50:21,50:21,50:21,50:21,50:21,same,same,same,same,same,same,same
50,22,50:22,50:22,50:22,50:22,50:22,50:22,50:22,same,same,same,same,same,same,same
50,23,50:23,50:23,50:23,50:23,50:23,50:23,50:23,same,same,same,same,same,same,same
50,24,50:24,50:24,50:24,50:24,50:24,50:24,50:24,same,same,same,same,same,same,same
50,25,50:25,50:25,50:25,50:25,50:25,50:25,50:25,same,same,same,same,same,same,same
50,26,50:26,50:26,50:26,50:26,50:26,50:26,50:26,same,same,same,same,same,same,same
50,27,50:27,50:27,50:27,50:27,50:27,50:27,50:27,same,same,same,same,same,same,same
50,28,50:28,50:28,50:28,50:28,50:28,50:28,50:28,same,same,same,same,same,same,same
50,29,50:29,50:29,50:29,50:29,50:29,50:29,50:29,same,same,same,same,same,same,same
50,30,50:30,50:30,50:30,50:30,50:30,50:30,50:30,same,same,same,same,same,same,same
50,31,50:31,50:31,50:31,50:31,50:31,50:31,50:31,same,same,same,same,same,same,same
50,32,50:32,50:32,50:32,50:32,50:32,50:32,50:32,same,same,same,same,same,same,same
50,33,50:33,50:33,50:33,50:33,50:33,50:33,50:33,same,same,same,same,same,same,same
50,34,50:34,50:34,50:34,50:34,50:34,50:34,50:34,same,same,same,same,same,same,same
50,35,50:35,50:35,50:35,50:35,50:35,50:35,50:35,same,same,same,same,same,same,same
50,36,50:36,50:36,50:36,50:36,50:36,50:36,50:36,same,same,same,same,same,same,same
50,37,50:37,50:37,50:37,50:37,50:37,50:37,50:37,same,same,same,same,same,same,same
50,38,50:38,50:38,50:38,50:38,50:38,50:38,50:38,same,same,same,same,same,same,same
50,39,50:39,50:39,50:39,50:39,50:39,50:39,50:39,same,same,same,same,same,same,same
50,40,50:40,50:40,50:40,50:40,50:40,50:40,50:40,same,same,same,same,same,same,same
50,41,50:41,50:41,50:41,50:41,50:41,50:41,50:41,same,same,same,same,same,same,same
50,42,50:42,50:42,50:42,50:42,50:42,50:42,50:42,same,same,same,same,same,same,same
50,43,50:43,50:43,50:43,50:43,50:43,50:43,50:43,same,same,same,same,same,same,same
50,44,50:44,50:44,50:44,50:44,50:44,50:44,50:44,same,same,same,same,same,same,same
50,45,50:45,50:45,50:45,50:45,50:45,50:45,50:45,same,same,same,same,same,same,same
51,1,51:1,51:1,51:1,51:1,51:1,51:1,51:1,same,same,same,same,same,same,same
51,2,51:2,51:2,51:2,51:2,51:2,51:2,51:2,same,same,same,same,same,same,same
51,3,51:3,51:3,51:3,51:3,51:3,51:3,51:3,same,same,same,same,same,same,same
51,4,51:4,51:4,51:4,51:4,51:4,51:4,51:4,same,same,same,same,same,same,same
51,5,51:5,51:5,51:5,51:5,51:5,51:5,51:5,same,same,same,same,same,same,same
51,6,51:6,51:6,51:6,51:6,51:6,51:6,51:6,same,same,same,same,same,same,same
51,7,51:7,51:7,51:7,51:7,51:7,51:7,51:7,same,same,same,same,same,same,same
51,8,51:8,51:8,51:8,51:8,51:8,51:8,51:8,same,same,same,same,same,same,same
51,9,51:9,51:9,51:9,51:9,51:9,51:9,51:9,same,same,same,same,same,same,same
51,10,51:10,51:10,51:10,51:10,51:10,51:10,51:10,same,same,same,same,same,same,same
51,11,51:11,51:11,51:11,51:11,51:11,51:11,51:11,same,same,same,same,same,same,same
51,12,51:12,51:12,51:12,51:12,51:12,51:12,51:12,same,same,same,same,same,same,same
51,13,51:13,51:13,51:13,51:13,51:13,51:13,51:13,same,same,same,same,same,same,same
51,14,51:14,51:14,51:14,51:14,51:14,51:14,51:14,same,same,same,same,same,same,same
51,15,51:15,51:15,51:15,51:15,51:15,51:15,51:15,same,same,same,same,same,same,same
51,16,51:16,51:16,51:16,51:16,51:16,51:16,51:16,same,same,same,same,same,same,same
51,17,51:17,51:17,51:17,51:17,51:17,51:17,51:17,same,same,same,same,same,same,same
51,18,51:18,51:18,51:18,51:18,51:18,51:18,51:18,same,same,same,same,same,same,same
51,19,51:19,51:19,51:19,51:19,51:19,51:19,51:19,same,same,same,same,same,same,same
51,20,51:20,51:20,51:20,51:20,51:20,51:20,51:20,same,same,same,same,same,same,same
51,21,51:21,51:21,51:21,51:21,51:21,51:21,51:21,same,same,same,same,same,same,same
51,22,51:22,51:22,51:22,51:22,51:22,51:22,51:22,same,same,same,same,same,same,same
51,23,51:23,51:23,51:23,51:23,51:23,51:23,51:23,same,same,same,same,same,same,same
51,24,51:24,51:24,51:24,51:24,51:24,51:24,51:24,same,same,same,same,same,same,same
51,25,51:25,51:25,51:25,51:25,51:25,51:25,51:25,same,same,same,same,same,same,same
51,26,51:26,51:26,51:26,51:26,51:26,51:26,51:26,same,same,same,same,same,same,same
51,27,51:27,51:27,51:27,51:27,51:27,51:27,51:27,same,same,same,same,same,same,same
51,28,51:28,51:28,51:28,51:28,51:28,51:28,51:28,same,same,same,same,same,same,same
51,29,51:29,51:29,51:29,51:29,51:29,51:29,51:29,same,same,same,same,same,same,same
51,30,51:30,51:30,51:30,51:30,51:30,51:30,51:30,same,same,same,same,same,same,same
51,31,51:31,51:31,51:31,51:31,51:31,51:31,51:31,same,same,same,same,same,same,same
51,32,51:32,51:32,51:32,51:32,51:32,51:32,51:32,same,same,same,same,same,same,same
51,33,51:33,51:33,51:33,51:33,51:33,51:33,51:33,same,same,same,same,same,same,same
51,34,51:34,51:34,51:34,51:34,51:34,51:34,51:34,same,same,same,same,same,same,same
51,35,51:35,51:35,51:35,51:35,51:35,51:35,51:35,same,same,same,same,same,same,same
51,36,51:36,51:36,51:36,51:36,51:36,51:36,51:36,same,same,same,same,same,same,same
51,37,51:37,51:37,51:37,51:37,51:37,51:37,51:37,same,same,same,same,same,same,same
51,38,51:38,51:38,51:38,51:38,51:38,51:38,51:38,same,same,same,same,same,same,same
51,39,51:39,51:39,51:39,51:39,51:39,51:39,51:39,same,same,same,same,same,same,same
51,40,51:40,51:40,51:40,51:40,51:40,51:40,51:40,same,same,same,same,same,same,same
51,41,51:41,51:41,51:41,51:41,51:41,51:41,51:41,same,same,same,same,same,same,same
51,42,51:42,51:42,51:42,51:42,51:42,51:42,51:42,same,same,same,same,same,same,same
51,43,51:43,51:43,51:43,51:43,51:43,51:43,51:43,same,same,same,same,same,same,same
51,44,51:44,51:44,51:44,51:44,51:44,51:44,51:44,same,same,same,same,same,same,same
51,45,51:45,51:45,51:45,51:45,51:45,51:45,51:45,same,same,same,same,same,same,same
51,46,51:46,51:46,51:46,51:46,51:46,51:46,51:46,same,same,same,same,same,same,same
51,47,51:47,51:47,51:47,51:47,51:47,51:47,51:47,same,same,same,same,same,same,same
51,48,51:48,51:48,51:48,51:48,51:48,51:48,51:48,same,same,same,same,same,same,same
51,49,51:49,51:49,51:49,51:49,51:49,51:49,51:49,same,same,same,same,same,same,same
51,50,51:50,51:50,51:50,51:50,51:50,51:50,51:50,same,same,same,same,same,same,same
51,51,51:51,51:51,51:51,51:51,51:51,51:51,51:51,same,same,same,same,same,same,same
51,52,51:52,51:52,51:52,51:52,51:52,51:52,51:52,same,same,same,same,same,same,same
51,53,51:53,51:53,51:53,51:53,51:53,51:53,51:53,same,same,same,same,same,same,same
51,54,51:54,51:54,51:54,51:54,51:54,51:54,51:54,same,same,same,same,same,same,same
51,55,51:55,51:55,51:55,51:55,51:55,51:55,51:55,same,same,same,same,same,same,same
51,56,51:56,51:56,51:56,51:56,51:56,51:56,51:56,same,same,same,same,same,same,same
51,57,51:57,51:57,51:57,51:57,51:57,51:57,51:57,same,same,same,same,same,same,same
51,58,51:58,51:58,51:58,51:58,51:58,51:58,51:58,same,same,same,same,same,same,same
51,59,51:59,51:59,51:59,51:59,51:59,51:59,51:59,same,same,same,same,same,same,same
51,60,51:60,51:60,51:60,51:60,51:60,51:60,51:60,same,same,same,same,same,same,same
52,1,52:1,52:1,52:1,52:1,52:1,52:1,52:1,same,same,merged,merged,merged,merged,merged
52,2,52:2,52:2,52:1,52:1,52:1,52:1,52:1,same,same,merged,merged,merged,merged,merged
52,3,52:3,52:3,52:2,52:2,52:2,52:2,52:2,same,same,same,same,same,same,same
52,4,52:4,52:4,52:3,52:3,52:3,52:3,52:3,same,same,same,same,same,same,same
52,5,52:5,52:5,52:4,52:4,52:4,52:4,52:4,same,same,same,same,same,same,same
52,6,52:6,52:6,52:5,52:5,52:5,52:5,52:5,same,same,same,same,same,same,same
52,7,52:7,52:7,52:6,52:6,52:6,52:6,52:6,same,same,same,same,same,same,same
52,8,52:8,52:8,52:7,52:7,52:7,52:7,52:7,same,same,same,same,same,same,same
52,9,52:9,52:9,52:8,52:8,52:8,52:8,52:8,same,same,same,same,same,same,same
52,10,52:10,52:10,52:9,52:9,52:9,52:9,52:9,same,same,same,same,same,same,same
52,11,52:11,52:11,52:10,52:10,52:10,52:10,52:10,same,same,same,same,same,same,same
52,12,52:12,52:12,52:11,52:11,52:11,52:11,52:11,same,same,same,same,same,same,same
52,13,52:13,52:13,52:12,52:12,52:12,52:12,52:12,same,same,merged,merged,merged,merged,merged
52,14,52:14,52:14,52:12,52:12,52:12,52:12,52:12,same,same,merged,merged,merged,merged,merged
52,15,52:15,52:15,52:13,52:13,52:13,52:13,52:13,same,same,same,same,same,same,same
52,16,52:16,52:16,52:14,52:14,52:14,52:14,52:14,same,same,same,same,same,same,same
52,17,52:17,52:17,52:15,52:15,52:15,52:15,52:15,same,same,same,same,same,same,same
52,18,52:18,52:18,52:16,52:16,52:16,52:16,52:16,same,same,same,same,same,same,same
52,19,52:19,52:19,52:17,52:17,52:17,52:17,52:17,same,same,same,same,same,same,same
52,20,52:20,52:20,52:18,52:18,52:18,52:18,52:18,same,same,same,same,same,same,same
52,21,52:21,52:21,52:19,52:19,52:19,52:19,52:19,same,same,same,same,same,same,same
52,22,52:22,52:22,52:20,52:20,52:20,52:20,52:20,same,same,same,same,same,same,same
52,23,52:23,52:23,52:21,52:21,52:21,52:21,52:21,same,same,same,same,same,same,same
52,24,52:24,52:24,52:22,52:22,52:22,52:22,52:22,same,same,same,same,same,same,same
52,25,52:25,52:25,52:23,52:23,52:23,52:23,52:23,same,same,same,same,same,same,same
52,26,52:26,52:26,52:24,52:24,52:24,52:24,52:24,same,same,same,same,same,same,same
52,27,52:27,52:27,52:25,52:25,52:25,52:25,52:25,same,same,same,same,same,same,same
52,28,52:28,52:28,52:26,52:26,52:26,52:26,52:26,same,same,same,same,same,same,same
52,29,52:29,52:29,52:27,52:27,52:27,52:27,52:27,same,same,same,same,same,same,same
52,30,52:30,52:30,52:28,52:28,52:28,52:28,52:28,same,same,same,same,same,same,same
52,31,52:31,52:31,52:29,52:29,52:29,52:29,52:29,same,same,same,same,same,same,same
52,32,52:32,52:32,52:30,52:30,52:30,52:30,52:30,same,same,same,same,same,same,same
52,33,52:33,52:33,52:31,52:31,52:31,52:31,52:31,same,same,same,same,same,same,same
52,34,52:34,52:34,52:32,52:32,52:32,52:32,52:32,same,same,same,same,same,same,same
52,35,52:35,52:35,52:33,52:33,52:33,52:33,52:33,same,same,same,same,same,same,same
52,36,52:36,52:36,52:34,52:34,52:34,52:34,52:34,same,same,same,same,same,same,same
52,37,52:37,52:37,52:35,52:35,52:35,52:35,52:35,same,same,same,same,same,same,same
52,38,52:38,52:38,52:36,52:36,52:36,52:36,52:36,same,same,same,same,same,same,same
52,39,52:39,52:39,52:37,52:37,52:37,52:37,52:37,same,same,same,same,same,same,same
52,40,52:40,52:40,52:38,52:38,52:38,52:38,52:38,same,same,same,same,same,same,same
52,41,52:41,52:41,52:39,52:39,52:39,52:39,52:39,same,same,same,same,same,same,same
52,42,52:42,52:42,52:40,52:40,52:40,52:40,52:40,same,same,same,same,same,same,same
52,43,52:43,52:43,52:41,52:41,52:41,52:41,52:41,same,same,same,same,same,same,same
52,44,52:44,52:44,52:42,52:42,52:42,52:42,52:42,same,same,same,same,same,same,same
52,45,52:45,52:45,52:43,52:43,52:43,52:43,52:43,same,same,same,same,same,same,same
52,46,52:46,52:46,52:44,52:44,52:44,52:44,52:44,same,same,same,same,same,same,same
52,47,52:47,52:47,52:45,52:45,52:45,52:45,52:45,same,same,same,same,same,same,same
52,48,52:48,52:48,52:46,52:46,52:46,52:46,52:46,same,same,same,same,same,same,same
52,49,52:49,52:49,52:47,52:47,52:47,52:47,52:47,same,same,same,same,same,same,same
53,1,53:1,53:1,53:1,53:1,53:1,53:1,53:1,same,same,same,same,same,same,same
53,2,53:2,53:2,53:2,53:2,53:2,53:2,53:2,same,same,same,same,same,same,same
53,3,53:3,53:3,53:3,53:3,53:3,53:3,53:3,same,same,same,same,same,same,same
53,4,53:4,53:4,53:4,53:4,53:4,53:4,53:4,same,same,same,same,same,same,same
53,5,53:5,53:5,53:5,53:5,53:5,53:5,53:5,same,same,same,same,same,same,same
53,6,53:6,53:6,53:6,53:6,53:6,53:6,53:6,same,same,same,same,same,same,same
53,7,53:7,53:7,53:7,53:7,53:7,53:7,53:7,same,same,same,same,same,same,same
53,8,53:8,53:8,53:8,53:8,53:8,53:8,53:8,same,same,same,same,same,same,same
53,9,53:9,53:9,53:9,53:9,53:9,53:9,53:9,same,same,same,same,same,same,same
53,10,53:10,53:10,53:10,53:10,53:10,53:10,53:10,same,same,same,same,same,same,same
53,11,53:11,53:11,53:11,53:11,53:11,53:11,53:11,same,same,same,same,same,same,same
53,12,53:12,53:12,53:12,53:12,53:12,53:12,53:12,same,same,same,same,same,same,same
53,13,53:13,53:13,53:13,53:13,53:13,53:13,53:13,same,same,same,same,same,same,same
53,14,53:14,53:14,53:14,53:14,53:14,53:14,53:14,same,same,same,same,same,same,same
53,15,53:15,53:15,53:15,53:15,53:15,53:15,53:15,same,same,same,same,same,same,same
53,16,53:16,53:16,53:16,53:16,53:16,53:16,53:16,same,same,same,same,same,same,same
53,17,53:17,53:17,53:17,53:17,53:17,53:17,53:17,same,same,same,same,same,same,same
53,18,53:18,53:18,53:18,53:18,53:18,53:18,53:18,same,same,same,same,same,same,same
53,19,53:19,53:19,53:19,53:19,53:19,53:19,53:19,same,same,same,same,same,same,same
53,20,53:20,53:20,53:20,53:20,53:20,53:20,53:20,same,same,same,same,same,same,same
53,21,53:21,53:21,53:21,53:21,53:21,53:21,53:21,same,same,same,same,same,same,same
53,22,53:22,53:22,53:22,53:22,53:22,53:22,53:22,same,same,same,same,same,same,same
53,23,53:23,53:23,53:23,53:23,53:23,53:23,53:23,same,same,same,same,same,same,same
53,24,53:24,53:24,53:24,53:24,53:24,53:24,53:24,same,same,same,same,same,same,same
53,25,53:25,53:25,53:25,53:25,53:25,53:25,53:25,same,same,same,same,same,same,same
53,26,53:26,53:26,53:26,53:26,53:26,53:26,53:26,same,same,same,same,same,same,same
53,27,53:27,53:27,53:27,53:27,53:27,53:27,53:27,same,same,same,same,same,same,same
53,28,53:28,53:28,53:28,53:28,53:28,53:28,53:28,same,same,merged,merged,merged,merged,merged
53,29,53:29,53:29,53:28,53:28,53:28,53:28,53:28,same,same,merged,merged,merged,merged,merged
53,30,53:30,53:30,53:29,53:29,53:29,53:29,53:29,same,same,same,same,same,same,same
53,31,53:31,53:31,53:30,53:30,53:30,53:30,53:30,same,same,same,same,same,same,same
53,32,53:32,53:32,53:31,53:31,53:31,53:31,53:31,same,same,same,same,same,same,same
53,33,53:33,53:33,53:32,53:32,53:32,53:32,53:32,same,same,same,same,same,same,same
53,34,53:34,53:34,53:33,53:33,53:33,53:33,53:33,same,same,same,same,same,same,same
53,35,53:35,53:35,53:34,53:34,53:34,53:34,53:34,same,same,same,same,same,same,same
53,36,53:36,53:36,53:35,53:35,53:35,53:35,53:35,same,same,same,same,same,same,same
53,37,53:37,53:37,53:36,53:36,53:36,53:36,53:36,same,same,same,same,same,same,same
53,38,53:38,53:38,53:37,53:37,53:37,53:37,53:37,same,same,same,same,same,same,same
53,39,53:39,53:39,53:38,53:38,53:38,53:38,53:38,same,same,same,same,same,same,same
53,40,53:40,53:40,53:39,53:39,53:39,53:39,53:39,same,same,same,same,same,same,same
53,41,53:41,53:41,53:40,53:40,53:40,53:40,53:40,same,same,same,same,same,same,same
53,42,53:42,53:42,53:41,53:41,53:41,53:41,53:41,same,same,same,same,same,same,same
53,43,53:43,53:43,53:42,53:42,53:42,53:42,53:42,same,same,same,same,same,same,same
53,44,53:44,53:44,53:43,53:43,53:43,53:43,53:43,same,same,same,same,same,same,same
53,45,53:45,53:45,53:44,53:44,53:44,53:44,53:44,same,same,same,same,same,same,same
53,46,53:46,53:46,53:45,53:45,53:45,53:45,53:45,same,same,same,same,same,same,same
53,47,53:47,53:47,53:46,53:46,53:46,53:46,53:46,same,same,same,same,same,same,same
53,48,53:48,53:48,53:47,53:47,53:47,53:47,53:47,same,same,same,same,same,same,same
53,49,53:49,53:49,53:48,53:48,53:48,53:48,53:48,same,same,same,same,same,same,same
53,50,53:50,53:50,53:49,53:49,53:49,53:49,53:49,same,same,same,same,same,same,same
53,51,53:51,53:51,53:50,53:50,53:50,53:50,53:50,same,same,same,same,same,same,same
53,52,53:52,53:52,53:51,53:51,53:51,53:51,53:51,same,same,same,same,same,same,same
53,53,53:53,53:53,53:52,53:52,53:52,53:52,53:52,same,same,same,same,same,same,same
53,54,53:54,53:54,53:53,53:53,53:53,53:53,53:53,same,same,same,same,same,same,same
53,55,53:55,53:55,53:54,53:54,53:54,53:54,53:54,same,same,same,same,same,same,same
53,56,53:56,53:56,53:55,53:55,53:55,53:55,53:55,same,same,same,same,same,same,same
53,57,53:57,53:57,53:56,53:56,53:56,53:56,53:56,same,same,same,same,same,same,same
53,58,53:58,53:58,53:57,53:57,53:57,53:57,53:57,same,same,same,same,same,same,same
53,59,53:59,53:59,53:58,53:58,53:58,53:58,53:58,same,same,same,same,same,same,same
53,60,53:60,53:60,53:59,53:59,53:59,53:59,53:59,same,same,same,same,same,same,same
53,61,53:61,53:61,53:60,53:60,53:60,53:60,53:60,same,same,same,same,same,same,same
53,62,53:62,53:62,53:61,53:61,53:61,53:61,53:61,same,same,same,same,same,same,same
54,1,54:1,54:1,54:1,54:1,54:1,54:1,54:1,same,same,same,same,same,same,same
54,2,54:2,54:2,54:2,54:2,54:2,54:2,54:2,same,same,same,same,same,same,same
54,3,54:3,54:3,54:3,54:3,54:3,54:3,54:3,same,same,same,same,same,same,same
54,4,54:4,54:4,54:4,54:4,54:4,54:4,54:4,same,same,same,same,same,same,same
54,5,54:5,54:5,54:5,54:5,54:5,54:5,54:5,same,same,same,same,same,same,same
54,6,54:6,54:6,54:6,54:6,54:6,54:6,54:6,same,same,same,same,same,same,same
54,7,54:7,54:7,54:7,54:7,54:7,54:7,54:7,same,same,same,same,same,same,same
54,8,54:8,54:8,54:8,54:8,54:8,54:8,54:8,same,same,same,same,same,same,same
54,9,54:9,54:9,54:9,54:9,54:9,54:9,54:9,same,same,same,same,same,same,same
54,10,54:10,54:10,54:10,54:10,54:10,54:10,54:10,same,same,same,same,same,same,same
54,11,54:11,54:11,54:11,54:11,54:11,54:11,54:11,same,same,same,same,same,same,same
54,12,54:12,54:12,54:12,54:12,54:12,54:12,54:12,same,same,same,same,same,same,same
54,13,54:13,54:13,54:13,54:13,54:13,54:13,54:13,same,same,same,same,same,same,same
54,14,54:14,54:14,54:14,54:14,54:14,54:14,54:14,same,same,same,same,same,same,same
54,15,54:15,54:15,54:15,54:15,54:15,54:15,54:15,same,same,same,same,same,same,same
54,16,54:16,54:16,54:16,54:16,54:16,54:16,54:16,same,same,same,same,same,same,same
54,17,54:17,54:17,54:17,54:17,54:17,54:17,54:17,same,same,same,same,same,same,same
54,18,54:18,54:18,54:18,54:18,54:18,54:18,54:18,same,same,same,same,same,same,same
54,19,54:19,54:19,54:19,54:19,54:19,54:19,54:19,same,same,same,same,same,same,same
54,20,54:20,54:20,54:20,54:20,54:20,54:20,54:20,same,same,same,same,same,same,same
54,21,54:21,54:21,54:21,54:21,54:21,54:21,54:21,same,same,same,same,same,same,same
54,22,54:22,54:22,54:22,54:22,54:22,54:22,54:22,same,same,same,same,same,same,same
54,23,54:23,54:23,54:23,54:23,54:23,54:23,54:23,same,same,same,same,same,same,same
54,24,54:24,54:24,54:24,54:24,54:24,54:24,54:24,same,same,same,same,same,same,same
54,25,54:25,54:25,54:25,54:25,54:25,54:25,54:25,same,same,same,same,same,same,same
54,26,54:26,54:26,54:26,54:26,54:26,54:26,54:26,same,same,same,same,same,same,same
54,27,54:27,54:27,54:27,54:27,54:27,54:27,54:27,same,same,same,same,same,same,same
54,28,54:28,54:28,54:28,54:28,54:28,54:28,54:28,same,same,same,same,same,same,same
54,29,54:29,54:29,54:29,54:29,54:29,54:29,54:29,same,same,same,same,same,same,same
54,30,54:30,54:30,54:30,54:30,54:30,54:30,54:30,same,same,same,same,same,same,same
54,31,54:31,54:31,54:31,54:31,54:31,54:31,54:31,same,same,same,same,same,same,same
54,32,54:32,54:32,54:32,54:32,54:32,54:32,54:32,same,same,same,same,same,same,same
54,33,54:33,54:33,54:33,54:33,54:33,54:33,54:33,same,same,same,same,same,same,same
54,34,54:34,54:34,54:34,54:34,54:34,54:34,54:34,same,same,same,same,same,same,same
54,35,54:35,54:35,54:35,54:35,54:35,54:35,54:35,same,same,same,same,same,same,same
54,36,54:36,54:36,54:36,54:36,54:36,54:36,54:36,same,same,same,same,same,same,same
54,37,54:37,54:37,54:37,54:37,54:37,54:37,54:37,same,same,same,same,same,same,same
54,38,54:38,54:38,54:38,54:38,54:38,54:38,54:38,same,same,same,same,same,same,same
54,39,54:39,54:39,54:39,54:39,54:39,54:39,54:39,same,same,same,same,same,same,same
54,40,54:40,54:40,54:40,54:40,54:40,54:40,54:40,same,same,same,same,same,same,same
54,41,54:41,54:41,54:41,54:41,54:41,54:41,54:41,same,same,same,same,same,same,same
54,42,54:42,54:42,54:42,54:42,54:42,54:42,54:42,same,same,same,same,same,same,same
54,43,54:43,54:43,54:43,54:43,54:43,54:43,54:43,same,same,same,same,same,same,same
54,44,54:44,54:44,54:44,54:44,54:44,54:44,54:44,same,same,same,same,same,same,same
54,45,54:45,54:45,54:45,54:45,54:45,54:45,54:45,same,same,same,same,same,same,same
54,46,54:46,54:46,54:46,54:46,54:46,54:46,54:46,same,same,same,same,same,same,same
54,47,54:47,54:47,54:47,54:47,54:47,54:47,54:47,same,same,same,same,same,same,same
54,48,54:48,54:48,54:48,54:48,54:48,54:48,54:48,same,same,same,same,same,same,same
54,49,54:49,54:49,54:49,54:49,54:49,54:49,54:49,same,same,same,same,same,same,same
54,50,54:50,54:50,54:50,54:50,54:50,54:50,54:50,same,same,same,same,same,same,same
54,51,54:51,54:51,54:51,54:51,54:51,54:51,54:51,same,same,same,same,same,same,same
54,52,54:52,54:52,54:52,54:52,54:52,54:52,54:52,same,same,same,same,same,same,same
54,53,54:53,54:53,54:53,54:53,54:53,54:53,54:53,same,same,same,same,same,same,same
54,54,54:54,54:54,54:54,54:54,54:54,54:54,54:54,same,same,same,same,same,same,same
54,55,54:55,54:55,54:55,54:55,54:55,54:55,54:55,same,same,same,same,same,same,same
55,1,55:1,55:1,55:1,55:1,55:1,55:1,55:1,same,same,merged,merged,merged,merged,merged
55,2,55:2,55:2,55:1,55:1,55:1,55:1,55:1,same,same,merged,merged,merged,merged,merged
55,3,55:3,55:3,55:2,55:2,55:2,55:2,55:2,same,same,same,merged,merged,merged,merged
55,4,55:4,55:4,55:3,55:2,55:2,55:2,55:2,same,same,same,merged,merged,merged,merged
55,5,55:5,55:5,55:4,55:3,55:3,55:3,55:3,same,same,same,same,same,same,same
55,6,55:6,55:6,55:5,55:4,55:4,55:4,55:4,same,same,same,same,same,same,same
55,7,55:7,55:7,55:6,55:5,55:5,55:5,55:5,same,same,same,same,same,same,same
55,8,55:8,55:8,55:7,55:6,55:6,55:6,55:6,same,same,same,same,same,same,same
55,9,55:9,55:9,55:8,55:7,55:7,55:7,55:7,same,same,same,same,same,same,same
55,10,55:10,55:10,55:9,55:8,55:8,55:8,55:8,same,same,merged,same,same,same,same
55,11,55:11,55:11,55:9,55:9,55:9,55:9,55:9,same,same,merged,same,same,same,same
55,12,55:12,55:12,55:10,55:10,55:10,55:10,55:10,same,same,same,same,same,same,same
55,13,55:13,55:13,55:11,55:11,55:11,55:11,55:11,same,same,same,same,same,same,same
55,14,55:14,55:14,55:12,55:12,55:12,55:12,55:12,same,same,same,same,same,same,same
55,15,55:15,55:15,55:13,55:13,55:13,55:13,55:13,same,same,same,same,same,same,same
55,16,55:16,55:16,55:14,55:14,55:14,55:14,55:14,same,same,same,same,same,same,same
55,17,55:17,55:17,55:15,55:15,55:15,55:15,55:15,same,same,same,same,same,same,same
55,18,55:18,55:18,55:16,55:16,55:16,55:16,55:16,same,same,same,same,same,same,same
55,19,55:19,55:19,55:17,55:17,55:17,55:17,55:17,same,same,same,same,same,same,same
55,20,55:20,55:20,55:18,55:18,55:18,55:18,55:18,same,same,same,same,same,same,same
55,21,55:21,55:21,55:19,55:19,55:19,55:19,55:19,same,same,same,same,same,same,same
55,22,55:22,55:22,55:20,55:20,55:20,55:20,55:20,same,same,same,same,same,same,same
55,23,55:23,55:23,55:21,55:21,55:21,55:21,55:21,same,same,same,same,same,same,same
55,24,55:24,55:24,55:22,55:22,55:22,55:22,55:22,same,same,same,same,same,same,same
55,25,55:25,55:25,55:23,55:23,55:23,55:23,55:23,same,same,same,same,same,same,same
55,26,55:26,55:26,55:24,55:24,55:24,55:24,55:24,same,same,same,same,same,same,same
55,27,55:27,55:27,55:25,55:25,55:25,55:25,55:25,same,same,same,same,same,same,same
55,28,55:28,55:28,55:26,55:26,55:26,55:26,55:26,same,same,same,same,same,same,same
55,29,55:29,55:29,55:27,55:27,55:27,55:27,55:27,same,same,same,same,same,same,same
55,30,55:30,55:30,55:28,55:28,55:28,55:28,55:28,same,same,same,same,same,same,same
55,31,55:31,55:31,55:29,55:29,55:29,55:29,55:29,same,same,same,same,same,same,same
55,32,55:32,55:32,55:30,55:30,55:30,55:30,55:30,same,same,same,same,same,same,same
55,33,55:33,55:33,55:31,55:31,55:31,55:31,55:31,same,same,same,same,same,same,same
55,34,55:34,55:34,55:32,55:32,55:32,55:32,55:32,same,same,same,same,same,same,same
55,35,55:35,55:35,55:33-34,55:33-34,55:33-34,55:33-34,55:33-34,same,same,split,split,split,split,split
55,36,55:36,55:36,55:35,55:35,55:35,55:35,55:35,same,same,same,same,same,same,same
55,37,55:37,55:37,55:36,55:36,55:36,55:36,55:36,same,same,same,same,same,same,same
55,38,55:38,55:38,55:37,55:37,55:37,55:37,55:37,same,same,same,same,same,same,same
55,39,55:39,55:39,55:38,55:38,55:38,55:38,55:38,same,same,same,same,same,same,same
55,40,55:40,55:40,55:39,55:39,55:39,55:39,55:39,same,same,same,same,same,same,same
55,41,55:41,55:41,55:40,55:40,55:40,55:40,55:40,same,same,same,same,same,same,same
55,42,55:42,55:42,55:41,55:41,55:41,55:41,55:41,same,same,same,same,same,same,same
55,43,55:43,55:43,55:42,55:42,55:42,55:42,55:42,same,same,same,same,same,same,same
55,44,55:44,55:44,55:43,55:43,55:43,55:43,55:43,same,same,same,same,same,same,same
55,45,55:45,55:45,55:44,55:44,55:44,55:44,55:44,same,same,same,same,same,same,same
55,46,55:46,55:46,55:45,55:45,55:45,55:45,55:45,same,same,same,same,same,same,same
55,47,55:47,55:47,55:46,55:46,55:46,55:46,55:46,same,same,same,same,same,same,same
55,48,55:48,55:48,55:47,55:47,55:47,55:47,55:47,same,same,same,same,same,same,same
55,49,55:49,55:49,55:48,55:48,55:48,55:48,55:48,same,same,same,same,same,same,same
55,50,55:50,55:50,55:49,55:49,55:49,55:49,55:49,same,same,same,same,same,same,same
55,51,55:51,55:51,55:50,55:50,55:50,55:50,55:50,same,same,same,same,same,same,same
55,52,55:52,55:52,55:51,55:51,55:51,55:51,55:51,same,same,same,same,same,same,same
55,53,55:53,55:53,55:52,55:52,55:52,55:52,55:52,same,same,same,same,same,same,same
55,54,55:54,55:54,55:53,55:53,55:53,55:53,55:53,same,same,same,same,same,same,same
55,55,55:55,55:55,55:54,55:54,55:54,55:54,55:54,same,same,same,same,same,same,same
55,56,55:56,55:56,55:55,55:55,55:55,55:55,55:55,same,same,same,same,same,same,same
55,57,55:57,55:57,55:56,55:56,55:56,55:56,55:56,same,same,same,same,same,same,same
55,58,55:58,55:58,55:57,55:57,55:57,55:57,55:57,same,same,same,same,same,same,same
55,59,55:59,55:59,55:58,55:58,55:58,55:58,55:58,same,same,same,same,same,same,same
55,60,55:60,55:60,55:59,55:59,55:59,55:59,55:59,same,same,same,same,same,same,same
55,61,55:61,55:61,55:60,55:60,55:60,55:60,55:60,same,same,same,same,same,same,same
55,62,55:62,55:62,55:61,55:61,55:61,55:61,55:61,same,same,same,same,same,same,same
55,63,55:63,55:63,55:62,55:62,55:62,55:62,55:62,same,same,same,same,same,same,same
55,64,55:64,55:64,55:63,55:63,55:63,55:63,55:63,same,same,same,same,same,same,same
55,65,55:65,55:65,55:64,55:64,55:64,55:64,55:64,same,same,same,same,same,same,same
55,66,55:66,55:66,55:65,55:65,55:65,55:65,55:65,same,same,same,same,same,same,same
55,67,55:67,55:67,55:66,55:66,55:66,55:66,55:66,same,same,same,same,same,same,same
55,68,55:68,55:68,55:67,55:67,55:67,55:67,55:67,same,same,same,same,same,same,same
55,69,55:69,55:69,55:68,55:68,55:68,55:68,55:68,same,same,same,same,same,same,same
55,70,55:70,55:70,55:69,55:69,55:69,55:69,55:69,same,same,same,same,same,same,same
55,71,55:71,55:71,55:70,55:70,55:70,55:70,55:70,same,same,same,same,same,same,same
55,72,55:72,55:72,55:71,55:71,55:71,55:71,55:71,same,same,same,same,same,same,same
55,73,55:73,55:73,55:72,55:72,55:72,55:72,55:72,same,same,same,same,same,same,same
55,74,55:74,55:74,55:73,55:73,55:73,55:73,55:73,same,same,same,same,same,same,same
55,75,55:75,55:75,55:74,55:74,55:74,55:74,55:74,same,same,same,same,same,same,same
55,76,55:76,55:76,55:75,55:75,55:75,55:75,55:75,same,same,same,same,same,same,same
55,77,55:77,55:77,55:76,55:76,55:76,55:76,55:76,same,same,same,same,same,same,same
55,78,55:78,55:78,55:77,55:77,55:77,55:77,55:77,same,same,same,same,same,same,same
56,1,56:1,56:1,56:1,56:1,56:1,56:1,56:1,same,same,same,same,same,same,same
56,2,56:2,56:2,56:2,56:2,56:2,56:2,56:2,same,same,same,same,same,same,same
56,3,56:3,56:3,56:3,56:3,56:3,56:3,56:3,same,same,same,same,same,same,same
56,4,56:4,56:4,56:4,56:4,56:4,56:4,56:4,same,same,same,same,same,same,same
56,5,56:5,56:5,56:5,56:5,56:5,56:5,56:5,same,same,same,same,same,same,same
56,6,56:6,56:6,56:6,56:6,56:6,56:6,56:6,same,same,same,same,same,same,same
56,7,56:7,56:7,56:7,56:7,56:7,56:7,56:7,same,same,same,same,same,same,same
56,8,56:8,56:8,56:8-9,56:8-9,56:8-9,56:8-9,56:8-9,same,same,split,split,split,split,split
56,9,56:9,56:9,56:10-11,56:10-11,56:10-11,56:10-11,56:10-11,same,same,split,split,split,split,split
56,10,56:10,56:10,56:12,56:12,56:12,56:12,56:12,same,same,same,same,same,same,same
56,11,56:11,56:11,56:13,56:13,56:13,56:13,56:13,same,same,same,same,same,same,same
56,12,56:12,56:12,56:14,56:14,56:14,56:14,56:14,same,same,same,same,same,same,same
56,13,56:13,56:13,56:15,56:15,56:15,56:15,56:15,same,same,same,same,same,same,same
56,14,56:14,56:14,56:16,56:16,56:16,56:16,56:16,same,same,same,same,same,same,same
56,15,56:15,56:15,56:17,56:17,56:17,56:17,56:17,same,same,same,same,same,same,same
56,16,56:16,56:16,56:18,56:18,56:18,56:18,56:18,same,same,same,same,same,same,same
56,17,56:17,56:17,56:19,56:19,56:19,56:19,56:19,same,same,same,same,same,same,same
56,18,56:18,56:18,56:20-21,56:20-21,56:20-21,56:20,56:20,same,same,split,split,split,same,same
56,19,56:19,56:19,56:22,56:22,56:22,56:21,56:21,same,same,same,same,same,same,same
56,20,56:20,56:20,56:23,56:23,56:23,56:22,56:22,same,same,same,same,same,same,same
56,21,56:21,56:21,56:24,56:24,56:24,56:23,56:23,same,same,same,same,same,same,same
56,22,56:22,56:22,56:25,56:25,56:25,56:24,56:24,same,same,merged,merged,merged,same,same
56,23,56:23,56:23,56:25,56:25,56:25,56:25,56:25,same,same,merged,merged,merged,same,same
56,24,56:24,56:24,56:26,56:26,56:26,56:26,56:26,same,same,same,same,same,same,same
56,25,56:25,56:25,56:27,56:27,56:27,56:27,56:27,same,same,merged,same,same,merged,merged
56,26,56:26,56:26,56:27,56:28,56:28,56:27,56:27,same,same,merged,same,same,merged,merged
56,27,56:27,56:27,56:28-29,56:29,56:29,56:28-29,56:28-29,same,same,split,same,same,split,split
56,28,56:28,56:28,56:30,56:30,56:30,56:30,56:30,same,same,same,same,same,same,same
56,29,56:29,56:29,56:31,56:31,56:31,56:31,56:31,same,same,same,same,same,same,same
56,30,56:30,56:30,56:32,56:32,56:32,56:32,56:32,same,same,same,same,same,same,same
56,31,56:31,56:31,56:33,56:33,56:33,56:33,56:33,same,same,same,same,same,same,same
56,32,56:32,56:32,56:34,56:34,56:34,56:34,56:34,same,same,same,same,same,same,same
56,33,56:33,56:33,56:35,56:35,56:35,56:35,56:35,same,same,same,same,same,same,same
56,34,56:34,56:34,56:36,56:36,56:36,56:36,56:36,same,same,same,same,same,same,same
56,35,56:35,56:35,56:37,56:37,56:37,56:37,56:37,same,same,same,same,same,same,same
56,36,56:36,56:36,56:38,56:38,56:38,56:38,56:38,same,same,same,same,same,same,same
56,37,56:37,56:37,56:39,56:39,56:39,56:39,56:39,same,same,same,same,same,same,same
56,38,56:38,56:38,56:40,56:40,56:40,56:40,56:40,same,same,same,same,same,same,same
56,39,56:39,56:39,56:41,56:41,56:41,56:41,56:41,same,same,same,same,same,same,same
56,40,56:40,56:40,56:42,56:42,56:42,56:42,56:42,same,same,same,same,same,same,same
56,41,56:41,56:41,56:43-44,56:43-44,56:43-44,56:43-44,56:43-44,same,same,split,split,split,split,split
56,42,56:42,56:42,56:45,56:45,56:45,56:45,56:45,same,same,merged,same,same,same,same
56,43,56:43,56:43,56:45,56:46,56:46,56:46,56:46,same,same,merged,same,same,same,same
56,44,56:44,56:44,56:46,56:47,56:47,56:47,56:47,same,same,same,same,same,same,same
56,45,56:45,56:45,56:47,56:48,56:48,56:48,56:48,same,same,same,same,same,same,same
56,46,56:46,56:46,56:48,56:49,56:49,56:49,56:49,same,same,same,same,same,same,same
56,47,56:47,56:47,56:49-50,56:50,56:50,56:50,56:50,same,same,split,same,same,same,same
56,48,56:48,56:48,56:51,56:51,56:51,56:51,56:51,same,same,same,same,same,same,same
56,49,56:49,56:49,56:52,56:52,56:52,56:52,56:52,same,same,same,merged,merged,same,same
56,50,56:50,56:50,56:53,56:52-53,56:52-53,56:53,56:53,same,same,same,split,split,same,same
56,51,56:51,56:51,56:54,56:54,56:54,56:54,56:54,same,same,same,same,same,same,same
56,52,56:52,56:52,56:55,56:55,56:55,56:55,56:55,same,same,same,same,same,same,same
56,53,56:53,56:53,56:56,56:56,56:56,56:56,56:56,same,same,same,same,same,same,same
56,54,56:54,56:54,56:57,56:57,56:57,56:57,56:57,same,same,same,same,same,same,same
56,55,56:55,56:55,56:58,56:58,56:58,56:58,56:58,same,same,same,same,same,same,same
56,56,56:56,56:56,56:59,56:59,56:59,56:59,56:59,same,same,same,same,same,same,same
56,57,56:57,56:57,56:60,56:60,56:60,56:60,56:60,same,same,same,same,same,same,same
56,58,56:58,56:58,56:61,56:61,56:61,56:61,56:61,same,same,same,same,same,same,same
56,59,56:59,56:59,56:62,56:62,56:62,56:62,56:62,same,same,same,same,same,same,same
56,60,56:60,56:60,56:63,56:63,56:63,56:63,56:63,same,same,same,same,same,same,same
56,61,56:61,56:61,56:64,56:64,56:64,56:64,56:64,same,same,same,same,same,same,same
56,62,56:62,56:62,56:65,56:65,56:65,56:65,56:65,same,same,same,same,same,same,same
56,63,56:63,56:63,56:66,56:66,56:66,56:66,56:66,same,same,same,same,same,same,same
56,64,56:64,56:64,56:67,56:67,56:67,56:67,56:67,same,same,same,same,same,same,same
56,65,56:65,56:65,56:68,56:68,56:68,56:68,56:68,same,same,same,same,same,same,same
56,66,56:66,56:66,56:69,56:69,56:69,56:69,56:69,same,same,same,same,same,same,same
56,67,56:67,56:67,56:70,56:70,56:70,56:70,56:70,same,same,same,same,same,same,same
56,68,56:68,56:68,56:71,56:71,56:71,56:71,56:71,same,same,same,same,same,same,same
56,69,56:69,56:69,56:72,56:72,56:72,56:72,56:72,same,same,same,same,same,same,same
56,70,56:70,56:70,56:73,56:73,56:73,56:73,56:73,same,same,same,same,same,same,same
56,71,56:71,56:71,56:74,56:74,56:74,56:74,56:74,same,same,same,same,same,same,same
56,72,56:72,56:72,56:75,56:75,56:75,56:75,56:75,same,same,same,same,same,same,same
56,73,56:73,56:73,56:76,56:76,56:76,56:76,56:76,same,same,same,same,same,same,same
56,74,56:74,56:74,56:77,56:77,56:77,56:77,56:77,same,same,same,same,same,same,same
56,75,56:75,56:75,56:78,56:78,56:78,56:78,56:78,same,same,same,same,same,same,same
56,76,56:76,56:76,56:79,56:79,56:79,56:79,56:79,same,same,same,same,same,same,same
56,77,56:77,56:77,56:80,56:80,56:80,56:80,56:80,same,same,same,same,same,same,same
56,78,56:78,56:78,56:81,56:81,56:81,56:81,56:81,same,same,same,same,same,same,same
56,79,56:79,56:79,56:82,56:82,56:82,56:82,56:82,same,same,same,same,same,same,same
56,80,56:80,56:80,56:83,56:83,56:83,56:83,56:83,same,same,same,same,same,same,same
56,81,56:81,56:81,56:84,56:84,56:84,56:84,56:84,same,same,same,same,same,same,same
56,82,56:82,56:82,56:85,56:85,56:85,56:85,56:85,same,same,same,same,same,same,same
56,83,56:83,56:83,56:86,56:86,56:86,56:86,56:86,same,same,same,same,same,same,same
56,84,56:84,56:84,56:87,56:87,56:87,56:87,56:87,same,same,same,same,same,same,same
56,85,56:85,56:85,56:88,56:88,56:88,56:88,56:88,same,same,same,same,same,same,same
56,86,56:86,56:86,56:89,56:89,56:89,56:89,56:89,same,same,same,same,same,same,same
56,87,56:87,56:87,56:90,56:90,56:90,56:90,56:90,same,same,same,same,same,same,same
56,88,56:88,56:88,56:91,56:91,56:91,56:91,56:91,same,same,same,same,same,same,same
56,89,56:89,56:89,56:92,56:92,56:92,56:92,56:92,same,same,same,same,same,same,same
56,90,56:90,56:90,56:93,56:93,56:93,56:93,56:93,same,same,same,same,same,same,same
56,91,56:91,56:91,56:94,56:94,56:94,56:94,56:94,same,same,same,same,same,same,same
56,92,56:92,56:92,56:95,56:95,56:95,56:95,56:95,same,same,same,same,same,same,same
56,93,56:93,56:93,56:96,56:96,56:96,56:96,56:96,same,same,same,same,same,same,same
56,94,56:94,56:94,56:97,56:97,56:97,56:97,56:97,same,same,same,same,same,same,same
56,95,56:95,56:95,56:98,56:98,56:98,56:98,56:98,same,same,same,same,same,same,same
56,96,56:96,56:96,56:99,56:99,56:99,56:99,56:99,same,same,same,same,same,same,same
57,1,57:1,57:1,57:1,57:1,57:1,57:1,57:1,same,same,same,same,same,same,same
57,2,57:2,57:2,57:2,57:2,57:2,57:2,57:2,same,same,same,same,same,same,same
57,3,57:3,57:3,57:3,57:3,57:3,57:3,57:3,same,same,same,same,same,same,same
57,4,57:4,57:4,57:4,57:4,57:4,57:4,57:4,same,same,same,same,same,same,same
57,5,57:5,57:5,57:5,57:5,57:5,57:5,57:5,same,same,same,same,same,same,same
57,6,57:6,57:6,57:6,57:6,57:6,57:6,57:6,same,same,same,same,same,same,same
57,7,57:7,57:7,57:7,57:7,57:7,57:7,57:7,same,same,same,same,same,same,same
57,8,57:8,57:8,57:8,57:8,57:8,57:8,57:8,same,same,same,same,same,same,same
57,9,57:9,57:9,57:9,57:9,57:9,57:9,57:9,same,same,same,same,same,same,same
57,10,57:10,57:10,57:10,57:10,57:10,57:10,57:10,same,same,same,same,same,same,same
57,11,57:11,57:11,57:11,57:11,57:11,57:11,57:11,same,same,same,same,same,same,same
57,12,57:12,57:12,57:12,57:12,57:12,57:12,57:12,same,same,same,same,same,same,same
57,13,57:13,57:13,57:13,57:13,57:13,57:13,57:13,same,same,merged,merged,merged,merged,merged
57,14,57:14,57:14,57:13,57:13,57:13,57:13,57:13,same,same,merged,merged,merged,merged,merged
57,15,57:15,57:15,57:14,57:14,57:14,57:14,57:14,same,same,same,same,same,same,same
57,16,57:16,57:16,57:15,57:15,57:15,57:15,57:15,same,same,same,same,same,same,same
57,17,57:17,57:17,57:16,57:16,57:16,57:16,57:16,same,same,same,same,same,same,same
57,18,57:18,57:18,57:17,57:17,57:17,57:17,57:17,same,same,same,same,same,same,same
57,19,57:19,57:19,57:18,57:18,57:18,57:18,57:18,same,same,same,same,same,same,same
57,20,57:20,57:20,57:19,57:19,57:19,57:19,57:19,same,same,same,same,same,same,same
57,21,57:21,57:21,57:20,57:20,57:20,57:20,57:20,same,same,same,same,same,same,same
57,22,57:22,57:22,57:21,57:21,57:21,57:21,57:21,same,same,same,same,same,same,same
57,23,57:23,57:23,57:22,57:22,57:22,57:22,57:22,same,same,same,same,same,same,same
57,24,57:24,57:24,57:23,57:23,57:23,57:23,57:23,same,same,same,shifted,shifted,same,same
57,25,57:25,57:25,57:24,57:24,57:24,57:24,57:24,same,same,same,same,same,same,same
57,26,57:26,57:26,57:25,57:25,57:25,57:25,57:25,same,same,same,same,same,same,same
57,27,57:27,57:27,57:26,57:26,57:26,57:26,57:26,same,same,same,same,same,same,same
57,28,57:28,57:28,57:27,57:27,57:27,57:27,57:27,same,same,same,same,same,same,same
57,29,57:29,57:29,57:28,57:28,57:28,57:28,57:28,same,same,same,same,same,same,same
58,1,58:1,58:1,58:1,58:1,58:1,58:1,58:1,same,same,same,same,same,same,same
58,2,58:2,58:2,58:2,58:2,58:2,58:2,58:2,same,same,same,same,same,same,same
58,3,58:3,58:3,58:3,58:3,58:3,58:3,58:3,same,same,same,same,same,same,same
58,4,58:4,58:4,58:4,58:4,58:4,58:4,58:4,same,same,same,same,same,same,same
58,5,58:5,58:5,58:5,58:5,58:5,58:5,58:5,same,same,same,same,same,same,same
58,6,58:6,58:6,58:6,58:6,58:6,58:6,58:6,same,same,same,same,same,same,same
58,7,58:7,58:7,58:7,58:7,58:7,58:7,58:7,same,same,same,same,same,same,same
58,8,58:8,58:8,58:8,58:8,58:8,58:8,58:8,same,same,same,same,same,same,same
58,9,58:9,58:9,58:9,58:9,58:9,58:9,58:9,same,same,same,same,same,same,same
58,10,58:10,58:10,58:10,58:10,58:10,58:10,58:10,same,same,same,same,same,same,same
58,11,58:11,58:11,58:11,58:11,58:11,58:11,58:11,same,same,same,same,same,same,same
58,12,58:12,58:12,58:12,58:12,58:12,58:12,58:12,same,same,same,same,same,same,same
58,13,58:13,58:13,58:13,58:13,58:13,58:13,58:13,same,same,same,same,same,same,same
58,14,58:14,58:14,58:14,58:14,58:14,58:14,58:14,same,same,same,same,same,same,same
58,15,58:15,58:15,58:15,58:15,58:15,58:15,58:15,same,same,same,same,same,same,same
58,16,58:16,58:16,58:16,58:16,58:16,58:16,58:16,same,same,same,same,same,same,same
58,17,58:17,58:17,58:17,58:17,58:17,58:17,58:17,same,same,same,same,same,same,same
58,18,58:18,58:18,58:18,58:18,58:18,58:18,58:18,same,same,same,same,same,same,same
58,19,58:19,58:19,58:19,58:19,58:19,58:19,58:19,same,same,same,same,same,same,same
58,20,58:20,58:20,58:20,58:20,58:20,58:20,58:20,same,same,merged,merged,merged,same,same
58,21,58:21,58:21,58:20,58:20,58:20,58:21,58:21,same,same,merged,merged,merged,same,same
58,22,58:22,58:22,58:21,58:21,58:21,58:22,58:22,same,same,same,same,same,same,same
59,1,59:1,59:1,59:1,59:1,59:1,59:1,59:1,same,same,same,same,same,same,same
59,2,59:2,59:2,59:2,59:2,59:2,59:2,59:2,same,same,same,same,same,same,same
59,3,59:3,59:3,59:3,59:3,59:3,59:3,59:3,same,same,same,same,same,same,same
59,4,59:4,59:4,59:4,59:4,59:4,59:4,59:4,same,same,same,same,same,same,same
59,5,59:5,59:5,59:5,59:5,59:5,59:5,59:5,same,same,same,same,same,same,same
59,6,59:6,59:6,59:6,59:6,59:6,59:6,59:6,same,same,same,same,same,same,same
59,7,59:7,59:7,59:7,59:7,59:7,59:7,59:7,same,same,same,same,same,same,same
59,8,59:8,59:8,59:8,59:8,59:8,59:8,59:8,same,same,same,same,same,same,same
59,9,59:9,59:9,59:9,59:9,59:9,59:9,59:9,same,same,same,same,same,same,same
59,10,59:10,59:10,59:10,59:10,59:10,59:10,59:10,same,same,same,same,same,same,same
59,11,59:11,59:11,59:11,59:11,59:11,59:11,59:11,same,same,same,same,same,same,same
59,12,59:12,59:12,59:12,59:12,59:12,59:12,59:12,same,same,same,same,same,same,same
59,13,59:13,59:13,59:13,59:13,59:13,59:13,59:13,same,same,same,same,same,same,same
59,14,59:14,59:14,59:14,59:14,59:14,59:14,59:14,same,same,same,same,same,same,same
59,15,59:15,59:15,59:15,59:15,59:15,59:15,59:15,same,same,same,same,same,same,same
59,16,59:16,59:16,59:16,59:16,59:16,59:16,59:16,same,same,same,same,same,same,same
59,17,59:17,59:17,59:17,59:17,59:17,59:17,59:17,same,same,same,same,same,same,same
59,18,59:18,59:18,59:18,59:18,59:18,59:18,59:18,same,same,same,same,same,same,same
59,19,59:19,59:19,59:19,59:19,59:19,59:19,59:19,same,same,same,same,same,same,same
59,20,59:20,59:20,59:20,59:20,59:20,59:20,59:20,same,same,same,same,same,same,same
59,21,59:21,59:21,59:21,59:21,59:21,59:21,59:21,same,same,same,same,same,same,same
59,22,59:22,59:22,59:22,59:22,59:22,59:22,59:22,same,same,same,same,same,same,same
59,23,59:23,59:23,59:23,59:23,59:23,59:23,59:23,same,same,same,same,same,same,same
59,24,59:24,59:24,59:24,59:24,59:24,59:24,59:24,same,same,same,same,same,same,same
60,1,60:1,60:1,60:1,60:1,60:1,60:1,60:1,same,same,same,same,same,same,same
60,2,60:2,60:2,60:2,60:2,60:2,60:2,60:2,same,same,same,same,same,same,same
60,3,60:3,60:3,60:3,60:3,60:3,60:3,60:3,same,same,same,same,same,same,same
60,4,60:4,60:4,60:4,60:4,60:4,60:4,60:4,same,same,same,same,same,same,same
60,5,60:5,60:5,60:5,60:5,60:5,60:5,60:5,same,same,same,same,same,same,same
60,6,60:6,60:6,60:6,60:6,60:6,60:6,60:6,same,same,same,same,same,same,same
60,7,60:7,60:7,60:7,60:7,60:7,60:7,60:7,same,same,same,same,same,same,same
60,8,60:8,60:8,60:8,60:8,60:8,60:8,60:8,same,same,same,same,same,same,same
60,9,60:9,60:9,60:9,60:9,60:9,60:9,60:9,same,same,same,same,same,same,same
60,10,60:10,60:10,60:10,60:10,60:10,60:10,60:10,same,same,same,same,same,same,same
60,11,60:11,60:11,60:11,60:11,60:11,60:11,60:11,same,same,same,same,same,same,same
60,12,60:12,60:12,60:12,60:12,60:12,60:12,60:12,same,same,same,same,same,same,same
60,13,60:13,60:13,60:13,60:13,60:13,60:13,60:13,same,same,same,same,same,same,same
61,1,61:1,61:1,61:1,61:1,61:1,61:1,61:1,same,same,same,same,same,same,same
61,2,61:2,61:2,61:2,61:2,61:2,61:2,61:2,same,same,same,same,same,same,same
61,3,61:3,61:3,61:3,61:3,61:3,61:3,61:3,same,same,same,same,same,same,same
61,4,61:4,61:4,61:4,61:4,61:4,61:4,61:4,same,same,same,same,same,same,same
61,5,61:5,61:5,61:5,61:5,61:5,61:5,61:5,same,same,same,same,same,same,same
61,6,61:6,61:6,61:6,61:6,61:6,61:6,61:6,same,same,same,same,same,same,same
61,7,61:7,61:7,61:7,61:7,61:7,61:7,61:7,same,same,same,same,same,same,same
61,8,61:8,61:8,61:8,61:8,61:8,61:8,61:8,same,same,same,same,same,same,same
61,9,61:9,61:9,61:9,61:9,61:9,61:9,61:9,same,same,same,same,same,same,same
61,10,61:10,61:10,61:10,61:10,61:10,61:10,61:10,same,same,same,same,same,same,same
61,11,61:11,61:11,61:11,61:11,61:11,61:11,61:11,same,same,same,same,same,same,same
61,12,61:12,61:12,61:12,61:12,61:12,61:12,61:12,same,same,same,same,same,same,same
61,13,61:13,61:13,61:13,61:13,61:13,61:13,61:13,same,same,same,same,same,same,same
61,14,61:14,61:14,61:14,61:14,61:14,61:14,61:14,same,same,same,same,same,same,same
62,1,62:1,62:1,62:1,62:1,62:1,62:1,62:1,same,same,same,same,same,same,same
62,2,62:2,62:2,62:2,62:2,62:2,62:2,62:2,same,same,same,same,same,same,same
62,3,62:3,62:3,62:3,62:3,62:3,62:3,62:3,same,same,same,same,same,same,same
62,4,62:4,62:4,62:4,62:4,62:4,62:4,62:4,same,same,same,same,same,same,same
62,5,62:5,62:5,62:5,62:5,62:5,62:5,62:5,same,same,same,same,same,same,same
62,6,62:6,62:6,62:6,62:6,62:6,62:6,62:6,same,same,same,same,same,same,same
62,7,62:7,62:7,62:7,62:7,62:7,62:7,62:7,same,same,same,same,same,same,same
62,8,62:8,62:8,62:8,62:8,62:8,62:8,62:8,same,same,same,same,same,same,same
62,9,62:9,62:9,62:9,62:9,62:9,62:9,62:9,same,same,same,same,same,same,same
62,10,62:10,62:10,62:10,62:10,62:10,62:10,62:10,same,same,same,same,same,same,same
62,11,62:11,62:11,62:11,62:11,62:11,62:11,62:11,same,same,same,same,same,same,same
63,1,63:1,63:1,63:1,63:1,63:1,63:1,63:1,same,same,same,same,same,same,same
63,2,63:2,63:2,63:2,63:2,63:2,63:2,63:2,same,same,same,same,same,same,same
63,3,63:3,63:3,63:3,63:3,63:3,63:3,63:3,same,same,same,same,same,same,same
63,4,63:4,63:4,63:4,63:4,63:4,63:4,63:4,same,same,same,same,same,same,same
63,5,63:5,63:5,63:5,63:5,63:5,63:5,63:5,same,same,same,same,same,same,same
63,6,63:6,63:6,63:6,63:6,63:6,63:6,63:6,same,same,same,same,same,same,same
63,7,63:7,63:7,63:7,63:7,63:7,63:7,63:7,same,same,same,same,same,same,same
63,8,63:8,63:8,63:8,63:8,63:8,63:8,63:8,same,same,same,same,same,same,same
63,9,63:9,63:9,63:9,63:9,63:9,63:9,63:9,same,same,same,same,same,same,same
63,10,63:10,63:10,63:10,63:10,63:10,63:10,63:10,same,same,same,same,same,same,same
63,11,63:11,63:11,63:11,63:11,63:11,63:11,63:11,same,same,same,same,same,same,same
64,1,64:1,64:1,64:1,64:1,64:1,64:1,64:1,same,same,same,same,same,same,same
64,2,64:2,64:2,64:2,64:2,64:2,64:2,64:2,same,same,same,same,same,same,same
64,3,64:3,64:3,64:3,64:3,64:3,64:3,64:3,same,same,same,same,same,same,same
64,4,64:4,64:4,64:4,64:4,64:4,64:4,64:4,same,same,same,same,same,same,same
64,5,64:5,64:5,64:5,64:5,64:5,64:5,64:5,same,same,same,same,same,same,same
64,6,64:6,64:6,64:6,64:6,64:6,64:6,64:6,same,same,same,same,same,same,same
64,7,64:7,64:7,64:7,64:7,64:7,64:7,64:7,same,same,same,same,same,same,same
64,8,64:8,64:8,64:8,64:8,64:8,64:8,64:8,same,same,same,same,same,same,same
64,9,64:9,64:9,64:9,64:9,64:9,64:9,64:9,same,same,same,same,same,same,same
64,10,64:10,64:10,64:10,64:10,64:10,64:10,64:10,same,same,same,same,same,same,same
64,11,64:11,64:11,64:11,64:11,64:11,64:11,64:11,same,same,same,same,same,same,same
64,12,64:12,64:12,64:12,64:12,64:12,64:12,64:12,same,same,same,same,same,same,same
64,13,64:13,64:13,64:13,64:13,64:13,64:13,64:13,same,same,same,same,same,same,same
64,14,64:14,64:14,64:14,64:14,64:14,64:14,64:14,same,same,same,same,same,same,same
64,15,64:15,64:15,64:15,64:15,64:15,64:15,64:15,same,same,same,same,same,same,same
64,16,64:16,64:16,64:16,64:16,64:16,64:16,64:16,same,same,same,same,same,same,same
64,17,64:17,64:17,64:17,64:17,64:17,64:17,64:17,same,same,same,same,same,same,same
64,18,64:18,64:18,64:18,64:18,64:18,64:18,64:18,same,same,same,same,same,same,same
65,1,65:1,65:1,65:1,65:1,65:1,65:1,65:1,same,same,same,same,same,same,same
65,2,65:2,65:2,65:2,65:2,65:2,65:2,65:2,same,same,same,same,same,merged,merged
65,3,65:3,65:3,65:3,65:3,65:3,65:2,65:2,same,same,same,same,same,merged,merged
65,4,65:4,65:4,65:4,65:4,65:4,65:3,65:3,same,same,same,same,same,same,same
65,5,65:5,65:5,65:5,65:5,65:5,65:4,65:4,same,same,same,same,same,same,same
65,6,65:6,65:6,65:6,65:6,65:6,65:5,65:5,same,same,same,same,same,same,same
65,7,65:7,65:7,65:7,65:7,65:7,65:6,65:6,same,same,same,same,same,same,same
65,8,65:8,65:8,65:8,65:8,65:8,65:7,65:7,same,same,same,same,same,same,same
65,9,65:9,65:9,65:9,65:9,65:9,65:8,65:8,same,same,same,same,same,same,same
65,10,65:10,65:10,65:10,65:10,65:10,65:9-10,65:9-10,same,same,same,same,same,split,split
65,11,65:11,65:11,65:11,65:11,65:11,65:11,65:11,same,same,same,same,same,same,same
65,12,65:12,65:12,65:12,65:12,65:12,65:12,65:12,same,same,same,same,same,same,same
66,1,66:1,66:1,66:1,66:1,66:1,66:1,66:1,same,same,same,same,same,same,same
66,2,66:2,66:2,66:2,66:2,66:2,66:2,66:2,same,same,same,same,same,same,same
66,3,66:3,66:3,66:3,66:3,66:3,66:3,66:3,same,same,same,same,same,same,same
66,4,66:4,66:4,66:4,66:4,66:4,66:4,66:4,same,same,same,same,same,same,same
66,5,66:5,66:5,66:5,66:5,66:5,66:5,66:5,same,same,same,same,same,same,same
66,6,66:6,66:6,66:6,66:6,66:6,66:6,66:6,same,same,same,same,same,same,same
66,7,66:7,66:7,66:7,66:7,66:7,66:7,66:7,same,same,same,same,same,same,same
66,8,66:8,66:8,66:8,66:8,66:8,66:8,66:8,same,same,same,same,same,same,same
66,9,66:9,66:9,66:9,66:9,66:9,66:9,66:9,same,same,same,same,same,same,same
66,10,66:10,66:10,66:10,66:10,66:10,66:10,66:10,same,same,same,same,same,same,same
66,11,66:11,66:11,66:11,66:11,66:11,66:11,66:11,same,same,same,same,same,same,same
66,12,66:12,66:12,66:12,66:12,66:12,66:12,66:12,same,same,same,same,same,same,same
67,1,67:1,67:1,67:1,67:1,67:1,67:1,67:1,same,same,same,same,same,same,same
67,2,67:2,67:2,67:2,67:2,67:2,67:2,67:2,same,same,same,same,same,same,same
67,3,67:3,67:3,67:3,67:3,67:3,67:3,67:3,same,same,same,same,same,same,same
67,4,67:4,67:4,67:4,67:4,67:4,67:4,67:4,same,same,same,same,same,same,same
67,5,67:5,67:5,67:5,67:5,67:5,67:5,67:5,same,same,same,same,same,same,same
67,6,67:6,67:6,67:6,67:6,67:6,67:6,67:6,same,same,same,same,same,same,same
67,7,67:7,67:7,67:7,67:7,67:7,67:7,67:7,same,same,same,same,same,same,same
67,8,67:8,67:8,67:8,67:8,67:8,67:8,67:8,same,same,same,same,same,same,same
67,9,67:9,67:9,67:9-10,67:9-10,67:9-10,67:9,67:9-10,same,same,split,split,split,same,split
67,10,67:10,67:10,67:11,67:11,67:11,67:10,67:11,same,same,same,same,same,same,same
67,11,67:11,67:11,67:12,67:12,67:12,67:11,67:12,same,same,same,same,same,same,same
67,12,67:12,67:12,67:13,67:13,67:13,67:12,67:13,same,same,same,same,same,same,same
67,13,67:13,67:13,67:14,67:14,67:14,67:13,67:14,same,same,same,same,same,same,same
67,14,67:14,67:14,67:15,67:15,67:15,67:14,67:15,same,same,same,same,same,same,same
67,15,67:15,67:15,67:16,67:16,67:16,67:15,67:16,same,same,same,same,same,same,same
67,16,67:16,67:16,67:17,67:17,67:17,67:16,67:17,same,same,same,same,same,same,same
67,17,67:17,67:17,67:18,67:18,67:18,67:17,67:18,same,same,same,same,same,same,same
67,18,67:18,67:18,67:19,67:19,67:19,67:18,67:19,same,same,same,same,same,same,same
67,19,67:19,67:19,67:20,67:20,67:20,67:19,67:20,same,same,same,same,same,same,same
67,20,67:20,67:20,67:21,67:21,67:21,67:20,67:21,same,same,same,same,same,same,same
67,21,67:21,67:21,67:22,67:22,67:22,67:21,67:22,same,same,same,same,same,same,same
67,22,67:22,67:22,67:23,67:23,67:23,67:22,67:23,same,same,same,same,same,same,same
67,23,67:23,67:23,67:24,67:24,67:24,67:23,67:24,same,same,same,same,same,same,same
67,24,67:24,67:24,67:25,67:25,67:25,67:24,67:25,same,same,same,same,same,same,same
67,25,67:25,67:25,67:26,67:26,67:26,67:25,67:26,same,same,same,same,same,same,same
67,26,67:26,67:26,67:27,67:27,67:27,67:26,67:27,same,same,same,same,same,same,same
67,27,67:27,67:27,67:28,67:28,67:28,67:27,67:28,same,same,same,same,same,same,same
67,28,67:28,67:28,67:29,67:29,67:29,67:28,67:29,same,same,same,same,same,same,same
67,29,67:29,67:29,67:30,67:30,67:30,67:29,67:30,same,same,same,same,same,same,same
67,30,67:30,67:30,67:31,67:31,67:31,67:30,67:31,same,same,same,same,same,same,same
68,1,68:1,68:1,68:1,68:1,68:1,68:1,68:1,same,same,same,same,same,same,same
68,2,68:2,68:2,68:2,68:2,68:2,68:2,68:2,same,same,same,same,same,same,same
68,3,68:3,68:3,68:3,68:3,68:3,68:3,68:3,same,same,same,same,same,same,same
68,4,68:4,68:4,68:4,68:4,68:4,68:4,68:4,same,same,same,same,same,same,same
68,5,68:5,68:5,68:5,68:5,68:5,68:5,68:5,same,same,same,same,same,same,same
68,6,68:6,68:6,68:6,68:6,68:6,68:6,68:6,same,same,same,same,same,same,same
68,7,68:7,68:7,68:7,68:7,68:7,68:7,68:7,same,same,same,same,same,same,same
68,8,68:8,68:8,68:8,68:8,68:8,68:8,68:8,same,same,same,same,same,same,same
68,9,68:9,68:9,68:9,68:9,68:9,68:9,68:9,same,same,same,same,same,same,same
68,10,68:10,68:10,68:10,68:10,68:10,68:10,68:10,same,same,same,same,same,same,same
68,11,68:11,68:11,68:11,68:11,68:11,68:11,68:11,same,same,same,same,same,same,same
68,12,68:12,68:12,68:12,68:12,68:12,68:12,68:12,same,same,same,same,same,same,same
68,13,68:13,68:13,68:13,68:13,68:13,68:13,68:13,same,same,same,same,same,same,same
68,14,68:14,68:14,68:14,68:14,68:14,68:14,68:14,same,same,same,same,same,same,same
68,15,68:15,68:15,68:15,68:15,68:15,68:15,68:15,same,same,same,same,same,same,same
68,16,68:16,68:16,68:16,68:16,68:16,68:16,68:16,same,same,same,same,same,same,same
68,17,68:17,68:17,68:17,68:17,68:17,68:17,68:17,same,same,same,same,same,same,same
68,18,68:18,68:18,68:18,68:18,68:18,68:18,68:18,same,same,same,same,same,same,same
68,19,68:19,68:19,68:19,68:19,68:19,68:19,68:19,same,same,same,same,same,same,same
68,20,68:20,68:20,68:20,68:20,68:20,68:20,68:20,same,same,same,same,same,same,same
68,21,68:21,68:21,68:21,68:21,68:21,68:21,68:21,same,same,same,same,same,same,same
68,22,68:22,68:22,68:22,68:22,68:22,68:22,68:22,same,same,same,same,same,same,same
68,23,68:23,68:23,68:23,68:23,68:23,68:23,68:23,same,same,same,same,same,same,same
68,24,68:24,68:24,68:24,68:24,68:24,68:24,68:24,same,same,same,same,same,same,same
68,25,68:25,68:25,68:25,68:25,68:25,68:25,68:25,same,same,same,same,same,same,same
68,26,68:26,68:26,68:26,68:26,68:26,68:26,68:26,same,same,same,same,same,same,same
68,27,68:27,68:27,68:27,68:27,68:27,68:27,68:27,same,same,same,same,same,same,same
68,28,68:28,68:28,68:28,68:28,68:28,68:28,68:28,same,same,same,same,same,same,same
68,29,68:29,68:29,68:29,68:29,68:29,68:29,68:29,same,same,same,same,same,same,same
68,30,68:30,68:30,68:30,68:30,68:30,68:30,68:30,same,same,same,same,same,same,same
68,31,68:31,68:31,68:31,68:31,68:31,68:31,68:31,same,same,same,same,same,same,same
68,32,68:32,68:32,68:32,68:32,68:32,68:32,68:32,same,same,same,same,same,same,same
68,33,68:33,68:33,68:33,68:33,68:33,68:33,68:33,same,same,same,same,same,same,same
68,34,68:34,68:34,68:34,68:34,68:34,68:34,68:34,same,same,same,same,same,same,same
68,35,68:35,68:35,68:35,68:35,68:35,68:35,68:35,same,same,same,same,same,same,same
68,36,68:36,68:36,68:36,68:36,68:36,68:36,68:36,same,same,same,same,same,same,same
68,37,68:37,68:37,68:37,68:37,68:37,68:37,68:37,same,same,same,same,same,same,same
68,38,68:38,68:38,68:38,68:38,68:38,68:38,68:38,same,same,same,same,same,same,same
68,39,68:39,68:39,68:39,68:39,68:39,68:39,68:39,same,same,same,same,same,same,same
68,40,68:40,68:40,68:40,68:40,68:40,68:40,68:40,same,same,same,same,same,same,same
68,41,68:41,68:41,68:41,68:41,68:41,68:41,68:41,same,same,same,same,same,same,same
68,42,68:42,68:42,68:42,68:42,68:42,68:42,68:42,same,same,same,same,same,same,same
68,43,68:43,68:43,68:43,68:43,68:43,68:43,68:43,same,same,same,same,same,same,same
68,44,68:44,68:44,68:44,68:44,68:44,68:44,68:44,same,same,same,same,same,same,same
68,45,68:45,68:45,68:45,68:45,68:45,68:45,68:45,same,same,same,same,same,same,same
68,46,68:46,68:46,68:46,68:46,68:46,68:46,68:46,same,same,same,same,same,same,same
68,47,68:47,68:47,68:47,68:47,68:47,68:47,68:47,same,same,same,same,same,same,same
68,48,68:48,68:48,68:48,68:48,68:48,68:48,68:48,same,same,same,same,same,same,same
68,49,68:49,68:49,68:49,68:49,68:49,68:49,68:49,same,same,same,same,same,same,same
68,50,68:50,68:50,68:50,68:50,68:50,68:50,68:50,same,same,same,same,same,same,same
68,51,68:51,68:51,68:51,68:51,68:51,68:51,68:51,same,same,same,same,same,same,same
68,52,68:52,68:52,68:52,68:52,68:52,68:52,68:52,same,same,same,same,same,same,same
69,1,69:1,69:1,69:1,69:1,69:1,69:1,69:1,same,same,merged,merged,merged,merged,merged
69,2,69:2,69:2,69:1,69:1,69:1,69:1,69:1,same,same,merged,merged,merged,merged,merged
69,3,69:3,69:3,69:2,69:2,69:2,69:2,69:2,same,same,same,same,same,same,same
69,4,69:4,69:4,69:3,69:3,69:3,69:3,69:3,same,same,same,same,same,same,same
69,5,69:5,69:5,69:4,69:4,69:4,69:4,69:4,same,same,same,same,same,same,same
69,6,69:6,69:6,69:5,69:5,69:5,69:5,69:5,same,same,same,same,same,same,same
69,7,69:7,69:7,69:6,69:6,69:6,69:6,69:6,same,same,same,same,same,same,same
69,8,69:8,69:8,69:7,69:7,69:7,69:7,69:7,same,same,same,same,same,same,same
69,9,69:9,69:9,69:8,69:8,69:8,69:8,69:8,same,same,same,same,same,same,same
69,10,69:10,69:10,69:9,69:9,69:9,69:9,69:9,same,same,same,same,same,same,same
69,11,69:11,69:11,69:10,69:10,69:10,69:10,69:10,same,same,same,same,same,same,same
69,12,69:12,69:12,69:11,69:11,69:11,69:11,69:11,same,same,same,same,same,same,same
69,13,69:13,69:13,69:12,69:12,69:12,69:12,69:12,same,same,same,same,same,same,same
69,14,69:14,69:14,69:13,69:13,69:13,69:13,69:13,same,same,same,same,same,same,same
69,15,69:15,69:15,69:14,69:14,69:14,69:14,69:14,same,same,same,same,same,same,same
69,16,69:16,69:16,69:15,69:15,69:15,69:15,69:15,same,same,same,same,same,same,same
69,17,69:17,69:17,69:16,69:16,69:16,69:16,69:16,same,same,same,same,same,same,same
69,18,69:18,69:18,69:17,69:17,69:17,69:17,69:17,same,same,same,same,same,same,same
69,19,69:19,69:19,69:18,69:18,69:18,69:18,69:18,same,same,same,same,same,same,same
69,20,69:20,69:20,69:19,69:19,69:19,69:19,69:19,same,same,same,same,same,same,same
69,21,69:21,69:21,69:20,69:20,69:20,69:20,69:20,same,same,same,same,same,same,same
69,22,69:22,69:22,69:21,69:21,69:21,69:21,69:21,same,same,same,same,same,same,same
69,23,69:23,69:23,69:22,69:22,69:22,69:22,69:22,same,same,same,same,same,same,same
69,24,69:24,69:24,69:23,69:23,69:23,69:23,69:23,same,same,same,same,same,same,same
69,25,69:25,69:25,69:24-25,69:24-25,69:24-25,69:24-25,69:24-25,same,same,split,split,split,split,split
69,26,69:26,69:26,69:26,69:26,69:26,69:26,69:26,same,same,same,same,same,same,same
69,27,69:27,69:27,69:27,69:27,69:27,69:27,69:27,same,same,same,same,same,same,same
69,28,69:28,69:28,69:28,69:28,69:28,69:28,69:28,same,same,same,same,same,same,same
69,29,69:29,69:29,69:29,69:29,69:29,69:29,69:29,same,same,same,same,same,same,same
69,30,69:30,69:30,69:30,69:30,69:30,69:30,69:30,same,same,same,same,same,same,same
69,31,69:31,69:31,69:31,69:31,69:31,69:31,69:31,same,same,same,same,same,same,same
69,32,69:32,69:32,69:32,69:32,69:32,69:32,69:32,same,same,same,same,same,same,same
69,33,69:33,69:33,69:33,69:33,69:33,69:33,69:33,same,same,same,same,same,same,same
69,34,69:34,69:34,69:34,69:34,69:34,69:34,69:34,same,same,same,same,same,same,same
69,35,69:35,69:35,69:35,69:35,69:35,69:35,69:35,same,same,same,same,same,same,same
69,36,69:36,69:36,69:36,69:36,69:36,69:36,69:36,same,same,same,same,same,same,same
69,37,69:37,69:37,69:37,69:37,69:37,69:37,69:37,same,same,same,same,same,same,same
69,38,69:38,69:38,69:38,69:38,69:38,69:38,69:38,same,same,same,same,same,same,same
69,39,69:39,69:39,69:39,69:39,69:39,69:39,69:39,same,same,same,same,same,same,same
69,40,69:40,69:40,69:40,69:40,69:40,69:40,69:40,same,same,same,same,same,same,same
69,41,69:41,69:41,69:41,69:41,69:41,69:41,69:41,same,same,same,same,same,same,same
69,42,69:42,69:42,69:42,69:42,69:42,69:42,69:42,same,same,same,same,same,same,same
69,43,69:43,69:43,69:43,69:43,69:43,69:43,69:43,same,same,same,same,same,same,same
69,44,69:44,69:44,69:44,69:44,69:44,69:44,69:44,same,same,same,same,same,same,same
69,45,69:45,69:45,69:45,69:45,69:45,69:45,69:45,same,same,same,same,same,same,same
69,46,69:46,69:46,69:46,69:46,69:46,69:46,69:46,same,same,same,same,same,same,same
69,47,69:47,69:47,69:47,69:47,69:47,69:47,69:47,same,same,same,same,same,same,same
69,48,69:48,69:48,69:48,69:48,69:48,69:48,69:48,same,same,same,same,same,same,same
69,49,69:49,69:49,69:49,69:49,69:49,69:49,69:49,same,same,same,same,same,same,same
69,50,69:50,69:50,69:50,69:50,69:50,69:50,69:50,same,same,same,same,same,same,same
69,51,69:51,69:51,69:51,69:51,69:51,69:51,69:51,same,same,same,same,same,same,same
69,52,69:52,69:52,69:52,69:52,69:52,69:52,69:52,same,same,same,same,same,same,same
70,1,70:1,70:1,70:1,70:1,70:1,70:1,70:1,same,same,same,same,same,same,same
70,2,70:2,70:2,70:2,70:2,70:2,70:2,70:2,same,same,same,same,same,same,same
70,3,70:3,70:3,70:3,70:3,70:3,70:3,70:3,same,same,same,same,same,same,same
70,4,70:4,70:4,70:4,70:4,70:4,70:4,70:4,same,same,same,same,same,same,same
70,5,70:5,70:5,70:5,70:5,70:5,70:5,70:5,same,same,same,same,same,same,same
70,6,70:6,70:6,70:6,70:6,70:6,70:6,70:6,same,same,same,same,same,same,same
70,7,70:7,70:7,70:7,70:7,70:7,70:7,70:7,same,same,same,same,same,same,same
70,8,70:8,70:8,70:8,70:8,70:8,70:8,70:8,same,same,same,same,same,same,same
70,9,70:9,70:9,70:9,70:9,70:9,70:9,70:9,same,same,same,same,same,same,same
70,10,70:10,70:10,70:10,70:10,70:10,70:10,70:10,same,same,same,same,same,same,same
70,11,70:11,70:11,70:11,70:11,70:11,70:11,70:11,same,same,same,same,same,same,same
70,12,70:12,70:12,70:12,70:12,70:12,70:12,70:12,same,same,same,same,same,same,same
70,13,70:13,70:13,70:13,70:13,70:13,70:13,70:13,same,same,same,same,same,same,same
70,14,70:14,70:14,70:14,70:14,70:14,70:14,70:14,same,same,same,same,same,same,same
70,15,70:15,70:15,70:15,70:15,70:15,70:15,70:15,same,same,same,same,same,same,same
70,16,70:16,70:16,70:16,70:16,70:16,70:16,70:16,same,same,same,same,same,same,same
70,17,70:17,70:17,70:17,70:17,70:17,70:17,70:17,same,same,same,same,same,same,same
70,18,70:18,70:18,70:18,70:18,70:18,70:18,70:18,same,same,same,same,same,same,same
70,19,70:19,70:19,70:19,70:19,70:19,70:19,70:19,same,same,same,same,same,same,same
70,20,70:20,70:20,70:20,70:20,70:20,70:20,70:20,same,same,same,same,same,same,same
70,21,70:21,70:21,70:21,70:21,70:21,70:21,70:21,same,same,same,same,same,same,same
70,22,70:22,70:22,70:22,70:22,70:22,70:22,70:22,same,same,same,same,same,same,same
70,23,70:23,70:23,70:23,70:23,70:23,70:23,70:23,same,same,same,same,same,same,same
70,24,70:24,70:24,70:24,70:24,70:24,70:24,70:24,same,same,same,same,same,same,same
70,25,70:25,70:25,70:25,70:25,70:25,70:25,70:25,same,same,same,same,same,same,same
70,26,70:26,70:26,70:26,70:26,70:26,70:26,70:26,same,same,same,same,same,same,same
70,27,70:27,70:27,70:27,70:27,70:27,70:27,70:27,same,same,same,same,same,same,same
70,28,70:28,70:28,70:28,70:28,70:28,70:28,70:28,same,same,same,same,same,same,same
70,29,70:29,70:29,70:29,70:29,70:29,70:29,70:29,same,same,same,same,same,same,same
70,30,70:30,70:30,70:30,70:30,70:30,70:30,70:30,same,same,same,same,same,same,same
70,31,70:31,70:31,70:31,70:31,70:31,70:31,70:31,same,same,same,same,same,same,same
70,32,70:32,70:32,70:32,70:32,70:32,70:32,70:32,same,same,same,same,same,same,same
70,33,70:33,70:33,70:33,70:33,70:33,70:33,70:33,same,same,same,same,same,same,same
70,34,70:34,70:34,70:34,70:34,70:34,70:34,70:34,same,same,same,same,same,same,same
70,35,70:35,70:35,70:35,70:35,70:35,70:35,70:35,same,same,same,same,same,same,same
70,36,70:36,70:36,70:36,70:36,70:36,70:36,70:36,same,same,same,same,same,same,same
70,37,70:37,70:37,70:37,70:37,70:37,70:37,70:37,same,same,same,same,same,same,same
70,38,70:38,70:38,70:38,70:38,70:38,70:38,70:38,same,same,same,same,same,same,same
70,39,70:39,70:39,70:39,70:39,70:39,70:39,70:39,same,same,same,same,same,same,same
70,40,70:40,70:40,70:40,70:40,70:40,70:40,70:40,same,same,same,same,same,same,same
70,41,70:41,70:41,70:41,70:41,70:41,70:41,70:41,same,same,same,same,same,same,same
70,42,70:42,70:42,70:42,70:42,70:42,70:42,70:42,same,same,same,same,same,same,same
70,43,70:43,70:43,70:43,70:43,70:43,70:43,70:43,same,same,same,same,same,same,same
70,44,70:44,70:44,70:44,70:44,70:44,70:44,70:44,same,same,same,same,same,same,same
71,1,71:1,71:1,71:1,71:1,71:1,71:1,71:1,same,same,same,same,same,same,same
71,2,71:2,71:2,71:2,71:2,71:2,71:2,71:2,same,same,same,same,same,same,same
71,3,71:3,71:3,71:3,71:3,71:3,71:3,71:3,same,same,same,same,same,same,same
71,4,71:4,71:4,71:4,71:4,71:4,71:4,71:4,same,same,same,same,same,same,same
71,5,71:5,71:5,71:5,71:5,71:5,71:5,71:5,same,same,same,same,same,same,same
71,6,71:6,71:6,71:6,71:6,71:6,71:6,71:6,same,same,same,same,same,same,same
71,7,71:7,71:7,71:7,71:7,71:7,71:7,71:7,same,same,same,same,same,same,same
71,8,71:8,71:8,71:8,71:8,71:8,71:8,71:8,same,same,same,same,same,same,same
71,9,71:9,71:9,71:9,71:9,71:9,71:9,71:9,same,same,same,same,same,same,same
71,10,71:10,71:10,71:10,71:10,71:10,71:10,71:10,same,same,same,same,same,same,same
71,11,71:11,71:11,71:11,71:11,71:11,71:11,71:11,same,same,same,same,same,same,same
71,12,71:12,71:12,71:12,71:12,71:12,71:12,71:12,same,same,same,same,same,same,same
71,13,71:13,71:13,71:13,71:13,71:13,71:13,71:13,same,same,same,same,same,same,same
71,14,71:14,71:14,71:14,71:14,71:14,71:14,71:14,same,same,same,same,same,same,same
71,15,71:15,71:15,71:15,71:15,71:15,71:15,71:15,same,same,same,same,same,same,same
71,16,71:16,71:16,71:16,71:16,71:16,71:16,71:16,same,same,same,same,same,same,same
71,17,71:17,71:17,71:17,71:17,71:17,71:17,71:17,same,same,same,same,same,same,same
71,18,71:18,71:18,71:18,71:18,71:18,71:18,71:18,same,same,same,same,same,same,same
71,19,71:19,71:19,71:19,71:19,71:19,71:19,71:19,same,same,same,same,same,same,same
71,20,71:20,71:20,71:20,71:20,71:20,71:20,71:20,same,same,same,same,same,same,same
71,21,71:21,71:21,71:21,71:21,71:21,71:21,71:21,same,same,same,same,same,same,same
71,22,71:22,71:22,71:22,71:22,71:22,71:22,71:22,same,same,same,same,same,same,same
71,23,71:23,71:23,71:23-24,71:23-24,71:23-24,71:23-24,71:23-24,same,same,split,split,split,split,split
71,24,71:24,71:24,71:24-25,71:25,71:25,71:24-25,71:24-25,same,same,split,same,same,split,split
71,25,71:25,71:25,71:26-27,71:26-27,71:26-27,71:26-27,71:26-27,same,same,split,split,split,split,split
71,26,71:26,71:26,71:28,71:28,71:28,71:28,71:28,same,same,same,same,same,same,same
71,27,71:27,71:27,71:29,71:29,71:29,71:29,71:29,same,same,same,same,same,same,same
71,28,71:28,71:28,71:30,71:30,71:30,71:30,71:30,same,same,same,same,same,same,same
72,1,72:1,72:1,72:1,72:1,72:1,72:1,72:1,same,same,same,same,same,same,same
72,2,72:2,72:2,72:2,72:2,72:2,72:2,72:2,same,same,same,same,same,same,same
72,3,72:3,72:3,72:3,72:3,72:3,72:3,72:3,same,same,same,same,same,same,same
72,4,72:4,72:4,72:4,72:4,72:4,72:4,72:4,same,same,same,same,same,same,same
72,5,72:5,72:5,72:5,72:5,72:5,72:5,72:5,same,same,same,same,same,same,same
72,6,72:6,72:6,72:6,72:6,72:6,72:6,72:6,same,same,same,same,same,same,same
72,7,72:7,72:7,72:7,72:7,72:7,72:7,72:7,same,same,same,same,same,same,same
72,8,72:8,72:8,72:8,72:8,72:8,72:8,72:8,same,same,same,same,same,same,same
72,9,72:9,72:9,72:9,72:9,72:9,72:9,72:9,same,same,same,same,same,same,same
72,10,72:10,72:10,72:10,72:10,72:10,72:10,72:10,same,same,same,same,same,same,same
72,11,72:11,72:11,72:11,72:11,72:11,72:11,72:11,same,same,same,same,same,same,same
72,12,72:12,72:12,72:12,72:12,72:12,72:12,72:12,same,same,same,same,same,same,same
72,13,72:13,72:13,72:13,72:13,72:13,72:13,72:13,same,same,same,same,same,same,same
72,14,72:14,72:14,72:14,72:14,72:14,72:14,72:14,same,same,same,same,same,same,same
72,15,72:15,72:15,72:15,72:15,72:15,72:15,72:15,same,same,same,same,same,same,same
72,16,72:16,72:16,72:16,72:16,72:16,72:16,72:16,same,same,same,same,same,same,same
72,17,72:17,72:17,72:17,72:17,72:17,72:17,72:17,same,same,same,same,same,same,same
72,18,72:18,72:18,72:18,72:18,72:18,72:18,72:18,same,same,same,same,same,same,same
72,19,72:19,72:19,72:19,72:19,72:19,72:19,72:19,same,same,same,same,same,same,same
72,20,72:20,72:20,72:20,72:20,72:20,72:20,72:20,same,same,same,same,same,same,same
72,21,72:21,72:21,72:21,72:21,72:21,72:21,72:21,same,same,same,same,same,same,same
72,22,72:22,72:22,72:22-23,72:22,72:22,72:22,72:22,same,same,split,same,same,same,same
72,23,72:23,72:23,72:23,72:23,72:23,72:23,72:23,same,same,merged,same,same,same,same
72,24,72:24,72:24,72:24,72:24,72:24,72:24,72:24,same,same,same,same,same,same,same
72,25,72:25,72:25,72:25,72:25,72:25,72:25,72:25,same,same,same,same,same,same,same
72,26,72:26,72:26,72:26,72:26,72:26,72:26,72:26,same,same,same,same,same,same,same
72,27,72:27,72:27,72:27,72:27,72:27,72:27,72:27,same,same,same,same,same,same,same
72,28,72:28,72:28,72:28,72:28,72:28,72:28,72:28,same,same,same,same,same,same,same
73,1,73:1,73:1,73:1,73:1,73:1,73:1,73:1,same,same,merged,merged,merged,same,same
73,2,73:2,73:2,73:1,73:1,73:1,73:2,73:2,same,same,merged,merged,merged,same,same
73,3,73:3,73:3,73:2,73:2,73:2,73:3,73:3,same,same,same,same,same,same,same
73,4,73:4,73:4,73:3,73:3,73:3,73:4,73:4,same,same,same,same,same,same,same
73,5,73:5,73:5,73:4,73:4,73:4,73:5,73:5,same,same,same,same,same,same,same
73,6,73:6,73:6,73:5,73:5,73:5,73:6,73:6,same,same,same,same,same,same,same
73,7,73:7,73:7,73:6,73:6,73:6,73:7,73:7,same,same,same,same,same,same,same
73,8,73:8,73:8,73:7,73:7,73:7,73:8,73:8,same,same,same,same,same,same,same
73,9,73:9,73:9,73:8,73:8,73:8,73:9,73:9,same,same,same,same,same,same,same
73,10,73:10,73:10,73:9,73:9,73:9,73:10,73:10,same,same,same,same,same,same,same
73,11,73:11,73:11,73:10,73:10,73:10,73:11,73:11,same,same,same,same,same,same,same
73,12,73:12,73:12,73:11,73:11,73:11,73:12,73:12,same,same,same,same,same,same,same
73,13,73:13,73:13,73:12,73:12,73:12,73:13,73:13,same,same,same,same,same,same,same
73,14,73:14,73:14,73:13,73:13,73:13,73:14,73:14,same,same,same,same,same,same,same
73,15,73:15,73:15,73:14-15,73:14,73:14,73:15,73:15,same,same,split,same,same,same,same
73,16,73:16,73:16,73:16,73:15,73:15,73:16,73:16,same,same,same,same,same,same,same
73,17,73:17,73:17,73:17,73:16,73:16,73:17,73:17,same,same,same,merged,merged,same,same
73,18,73:18,73:18,73:18,73:16,73:16,73:18,73:18,same,same,same,merged,merged,same,same
73,19,73:19,73:19,73:19,73:17,73:17,73:19,73:19,same,same,same,same,same,same,same
73,20,73:20,73:20,73:20,73:18,73:18,73:20,73:20,same,same,same,same,same,same,same
74,1,74:1,74:1,74:1,74:1,74:1,74:1,74:1,same,same,same,same,same,same,same
74,2,74:2,74:2,74:2,74:2,74:2,74:2,74:2,same,same,same,same,same,same,same
74,3,74:3,74:3,74:3,74:3,74:3,74:3,74:3,same,same,same,same,same,same,same
74,4,74:4,74:4,74:4,74:4,74:4,74:4,74:4,same,same,same,same,same,same,same
74,5,74:5,74:5,74:5,74:5,74:5,74:5,74:5,same,same,same,same,same,same,same
74,6,74:6,74:6,74:6,74:6,74:6,74:6,74:6,same,same,same,same,same,same,same
74,7,74:7,74:7,74:7,74:7,74:7,74:7,74:7,same,same,same,same,same,same,same
74,8,74:8,74:8,74:8,74:8,74:8,74:8,74:8,same,same,same,same,same,same,same
74,9,74:9,74:9,74:9,74:9,74:9,74:9,74:9,same,same,same,same,same,same,same
74,10,74:10,74:10,74:10,74:10,74:10,74:10,74:10,same,same,same,same,same,same,same
74,11,74:11,74:11,74:11,74:11,74:11,74:11,74:11,same,same,same,same,same,same,same
74,12,74:12,74:12,74:12,74:12,74:12,74:12,74:12,same,same,same,same,same,same,same
74,13,74:13,74:13,74:13,74:13,74:13,74:13,74:13,same,same,same,same,same,same,same
74,14,74:14,74:14,74:14,74:14,74:14,74:14,74:14,same,same,same,same,same,same,same
74,15,74:15,74:15,74:15,74:15,74:15,74:15,74:15,same,same,same,same,same,same,same
74,16,74:16,74:16,74:16,74:16,74:16,74:16,74:16,same,same,same,same,same,same,same
74,17,74:17,74:17,74:17,74:17,74:17,74:17,74:17,same,same,same,same,same,same,same
74,18,74:18,74:18,74:18,74:18,74:18,74:18,74:18,same,same,same,same,same,same,same
74,19,74:19,74:19,74:19,74:19,74:19,74:19,74:19,same,same,same,same,same,same,same
74,20,74:20,74:20,74:20,74:20,74:20,74:20,74:20,same,same,same,same,same,same,same
74,21,74:21,74:21,74:21,74:21,74:21,74:21,74:21,same,same,same,same,same,same,same
74,22,74:22,74:22,74:22,74:22,74:22,74:22,74:22,same,same,same,same,same,same,same
74,23,74:23,74:23,74:23,74:23,74:23,74:23,74:23,same,same,same,same,same,same,same
74,24,74:24,74:24,74:24,74:24,74:24,74:24,74:24,same,same,same,same,same,same,same
74,25,74:25,74:25,74:25,74:25,74:25,74:25,74:25,same,same,same,same,same,same,same
74,26,74:26,74:26,74:26,74:26,74:26,74:26,74:26,same,same,same,same,same,same,same
74,27,74:27,74:27,74:27,74:27,74:27,74:27,74:27,same,same,same,same,same,same,same
74,28,74:28,74:28,74:28,74:28,74:28,74:28,74:28,same,same,same,same,same,same,same
74,29,74:29,74:29,74:29,74:29,74:29,74:29,74:29,same,same,same,same,same,same,same
74,30,74:30,74:30,74:30,74:30,74:30,74:30,74:30,same,same,same,same,same,same,same
74,31,74:31,74:31,74:31,74:31,74:31,74:31,74:31,same,same,same,same,same,same,same
74,32,74:32,74:32,74:32,74:32,74:32,74:32,74:32,same,same,same,same,same,same,same
74,33,74:33,74:33,74:33,74:33,74:33,74:33,74:33,same,same,same,same,same,same,same
74,34,74:34,74:34,74:34,74:34,74:34,74:34,74:34,same,same,same,same,same,same,same
74,35,74:35,74:35,74:35,74:35,74:35,74:35,74:35,same,same,same,same,same,same,same
74,36,74:36,74:36,74:36,74:36,74:36,74:36,74:36,same,same,same,same,same,same,same
74,37,74:37,74:37,74:37,74:37,74:37,74:37,74:37,same,same,same,same,same,same,same
74,38,74:38,74:38,74:38,74:38,74:38,74:38,74:38,same,same,same,same,same,same,same
74,39,74:39,74:39,74:39,74:39,74:39,74:39,74:39,same,same,same,same,same,same,same
74,40,74:40,74:40,74:40,74:40,74:40,74:40,74:40,same,same,same,merged,merged,same,same
74,41,74:41,74:41,74:41,74:40,74:40,74:41,74:41,same,same,merged,merged,merged,same,same
74,42,74:42,74:42,74:41,74:41,74:41,74:42,74:42,same,same,merged,same,same,same,same
74,43,74:43,74:43,74:42,74:42,74:42,74:43,74:43,same,same,same,same,same,same,same
74,44,74:44,74:44,74:43,74:43,74:43,74:44,74:44,same,same,same,same,same,same,same
74,45,74:45,74:45,74:44,74:44,74:44,74:45,74:45,same,same,same,same,same,same,same
74,46,74:46,74:46,74:45,74:45,74:45,74:46,74:46,same,same,same,same,same,same,same
74,47,74:47,74:47,74:46,74:46,74:46,74:47,74:47,same,same,same,same,same,same,same
74,48,74:48,74:48,74:47,74:47,74:47,74:48,74:48,same,same,same,same,same,same,same
74,49,74:49,74:49,74:48,74:48,74:48,74:49,74:49,same,same,same,same,same,same,same
74,50,74:50,74:50,74:49,74:49,74:49,74:50,74:50,same,same,same,same,same,same,same
74,51,74:51,74:51,74:50,74:50,74:50,74:51,74:51,same,same,same,same,same,same,same
74,52,74:52,74:52,74:51,74:51,74:51,74:52,74:52,same,same,same,same,same,same,same
74,53,74:53,74:53,74:52,74:52,74:52,74:53,74:53,same,same,same,same,same,same,same
74,54,74:54,74:54,74:53,74:53,74:53,74:54,74:54,same,same,same,same,same,same,same
74,55,74:55,74:55,74:54,74:54,74:54,74:55,74:55,same,same,same,same,same,same,same
74,56,74:56,74:56,74:55,74:55,74:55,74:56,74:56,same,same,same,same,same,same,same
75,1,75:1,75:1,75:1,75:1,75:1,75:1,75:1,same,same,same,same,same,same,same
75,2,75:2,75:2,75:2,75:2,75:2,75:2,75:2,same,same,same,same,same,same,same
75,3,75:3,75:3,75:3,75:3,75:3,75:3,75:3,same,same,same,same,same,same,same
75,4,75:4,75:4,75:4,75:4,75:4,75:4,75:4,same,same,same,same,same,same,same
75,5,75:5,75:5,75:5,75:5,75:5,75:5,75:5,same,same,same,same,same,same,same
75,6,75:6,75:6,75:6,75:6,75:6,75:6,75:6,same,same,same,same,same,same,same
75,7,75:7,75:7,75:7,75:7,75:7,75:7,75:7,same,same,same,same,same,same,same
75,8,75:8,75:8,75:8,75:8,75:8,75:8,75:8,same,same,same,same,same,same,same
75,9,75:9,75:9,75:9,75:9,75:9,75:9,75:9,same,same,same,same,same,same,same
75,10,75:10,75:10,75:10,75:10,75:10,75:10,75:10,same,same,same,same,same,same,same
75,11,75:11,75:11,75:11,75:11,75:11,75:11,75:11,same,same,same,same,same,same,same
75,12,75:12,75:12,75:12,75:12,75:12,75:12,75:12,same,same,same,same,same,same,same
75,13,75:13,75:13,75:13,75:13,75:13,75:13,75:13,same,same,same,same,same,same,same
75,14,75:14,75:14,75:14,75:14,75:14,75:14,75:14,same,same,same,same,same,same,same
75,15,75:15,75:15,75:15,75:15,75:15,75:15,75:15,same,same,same,same,same,same,same
75,16,75:16,75:16,75:16,75:16,75:16,75:16,75:16,same,same,merged,merged,merged,merged,merged
75,17,75:17,75:17,75:16,75:16,75:16,75:16,75:16,same,same,merged,merged,merged,merged,merged
75,18,75:18,75:18,75:17,75:17,75:17,75:17,75:17,same,same,same,same,same,same,same
75,19,75:19,75:19,75:18,75:18,75:18,75:18,75:18,same,same,same,same,same,same,same
75,20,75:20,75:20,75:19,75:19,75:19,75:19,75:19,same,same,same,same,same,same,same
75,21,75:21,75:21,75:20,75:20,75:20,75:20,75:20,same,same,same,same,same,same,same
75,22,75:22,75:22,75:21,75:21,75:21,75:21,75:21,same,same,same,same,same,same,same
75,23,75:23,75:23,75:22,75:22,75:22,75:22,75:22,same,same,same,same,same,same,same
75,24,75:24,75:24,75:23,75:23,75:23,75:23,75:23,same,same,same,same,same,same,same
75,25,75:25,75:25,75:24,75:24,75:24,75:24,75:24,same,same,same,same,same,same,same
75,26,75:26,75:26,75:25,75:25,75:25,75:25,75:25,same,same,same,same,same,same,same
75,27,75:27,75:27,75:26,75:26,75:26,75:26,75:26,same,same,same,same,same,same,same
75,28,75:28,75:28,75:27,75:27,75:27,75:27,75:27,same,same,same,same,same,same,same
75,29,75:29,75:29,75:28,75:28,75:28,75:28,75:28,same,same,same,same,same,same,same
75,30,75:30,75:30,75:29,75:29,75:29,75:29,75:29,same,same,same,same,same,same,same
75,31,75:31,75:31,75:30,75:30,75:30,75:30,75:30,same,same,same,same,same,same,same
75,32,75:32,75:32,75:31,75:31,75:31,75:31,75:31,same,same,same,same,same,same,same
75,33,75:33,75:33,75:32,75:32,75:32,75:32,75:32,same,same,same,same,same,same,same
75,34,75:34,75:34,75:33,75:33,75:33,75:33,75:33,same,same,same,same,same,same,same
75,35,75:35,75:35,75:34,75:34,75:34,75:34,75:34,same,same,same,same,same,same,same
75,36,75:36,75:36,75:35,75:35,75:35,75:35,75:35,same,same,same,same,same,same,same
75,37,75:37,75:37,75:36,75:36,75:36,75:36,75:36,same,same,same,same,same,same,same
75,38,75:38,75:38,75:37,75:37,75:37,75:37,75:37,same,same,same,same,same,same,same
75,39,75:39,75:39,75:38,75:38,75:38,75:38,75:38,same,same,same,same,same,same,same
75,40,75:40,75:40,75:39,75:39,75:39,75:39,75:39,same,same,same,same,same,same,same
76,1,76:1,76:1,76:1,76:1,76:1,76:1,76:1,same,same,same,same,same,same,same
76,2,76:2,76:2,76:2,76:2,76:2,76:2,76:2,same,same,same,same,same,same,same
76,3,76:3,76:3,76:3,76:3,76:3,76:3,76:3,same,same,same,same,same,same,same
76,4,76:4,76:4,76:4,76:4,76:4,76:4,76:4,same,same,same,same,same,same,same
76,5,76:5,76:5,76:5,76:5,76:5,76:5,76:5,same,same,same,same,same,same,same
76,6,76:6,76:6,76:6,76:6,76:6,76:6,76:6,same,same,same,same,same,same,same
76,7,76:7,76:7,76:7,76:7,76:7,76:7,76:7,same,same,same,same,same,same,same
76,8,76:8,76:8,76:8,76:8,76:8,76:8,76:8,same,same,same,same,same,same,same
76,9,76:9,76:9,76:9,76:9,76:9,76:9,76:9,same,same,same,same,same,same,same
76,10,76:10,76:10,76:10,76:10,76:10,76:10,76:10,same,same,same,same,same,same,same
76,11,76:11,76:11,76:11,76:11,76:11,76:11,76:11,same,same,same,same,same,same,same
76,12,76:12,76:12,76:12,76:12,76:12,76:12,76:12,same,same,same,same,same,same,same
76,13,76:13,76:13,76:13,76:13,76:13,76:13,76:13,same,same,same,same,same,same,same
76,14,76:14,76:14,76:14,76:14,76:14,76:14,76:14,same,same,same,same,same,same,same
76,15,76:15,76:15,76:15,76:15,76:15,76:15,76:15,same,same,same,same,same,same,same
76,16,76:16,76:16,76:16,76:16,76:16,76:16,76:16,same,same,same,same,same,same,same
76,17,76:17,76:17,76:17,76:17,76:17,76:17,76:17,same,same,same,same,same,same,same
76,18,76:18,76:18,76:18,76:18,76:18,76:18,76:18,same,same,same,same,same,same,same
76,19,76:19,76:19,76:19,76:19,76:19,76:19,76:19,same,same,same,same,same,same,same
76,20,76:20,76:20,76:20,76:20,76:20,76:20,76:20,same,same,same,same,same,same,same
76,21,76:21,76:21,76:21,76:21,76:21,76:21,76:21,same,same,same,same,same,same,same
76,22,76:22,76:22,76:22,76:22,76:22,76:22,76:22,same,same,same,same,same,same,same
76,23,76:23,76:23,76:23,76:23,76:23,76:23,76:23,same,same,same,same,same,same,same
76,24,76:24,76:24,76:24,76:24,76:24,76:24,76:24,same,same,same,same,same,same,same
76,25,76:25,76:25,76:25,76:25,76:25,76:25,76:25,same,same,same,same,same,same,same
76,26,76:26,76:26,76:26,76:26,76:26,76:26,76:26,same,same,same,same,same,same,same
76,27,76:27,76:27,76:27,76:27,76:27,76:27,76:27,same,same,same,same,same,same,same
76,28,76:28,76:28,76:28,76:28,76:28,76:28,76:28,same,same,same,same,same,same,same
76,29,76:29,76:29,76:29,76:29,76:29,76:29,76:29,same,same,same,same,same,same,same
76,30,76:30,76:30,76:30,76:30,76:30,76:30,76:30,same,same,same,same,same,same,same
76,31,76:31,76:31,76:31,76:31,76:31,76:31,76:31,same,same,same,same,same,same,same
77,1,77:1,77:1,77:1,77:1,77:1,77:1,77:1,same,same,same,same,same,same,same
77,2,77:2,77:2,77:2,77:2,77:2,77:2,77:2,same,same,same,same,same,same,same
77,3,77:3,77:3,77:3,77:3,77:3,77:3,77:3,same,same,same,same,same,same,same
77,4,77:4,77:4,77:4,77:4,77:4,77:4,77:4,same,same,same,same,same,same,same
77,5,77:5,77:5,77:5,77:5,77:5,77:5,77:5,same,same,same,same,same,same,same
77,6,77:6,77:6,77:6,77:6,77:6,77:6,77:6,same,same,same,same,same,same,same
77,7,77:7,77:7,77:7,77:7,77:7,77:7,77:7,same,same,same,same,same,same,same
77,8,77:8,77:8,77:8,77:8,77:8,77:8,77:8,same,same,same,same,same,same,same
77,9,77:9,77:9,77:9,77:9,77:9,77:9,77:9,same,same,same,same,same,same,same
77,10,77:10,77:10,77:10,77:10,77:10,77:10,77:10,same,same,same,same,same,same,same
77,11,77:11,77:11,77:11,77:11,77:11,77:11,77:11,same,same,same,same,same,same,same
77,12,77:12,77:12,77:12,77:12,77:12,77:12,77:12,same,same,same,same,same,same,same
77,13,77:13,77:13,77:13,77:13,77:13,77:13,77:13,same,same,same,same,same,same,same
77,14,77:14,77:14,77:14,77:14,77:14,77:14,77:14,same,same,same,same,same,same,same
77,15,77:15,77:15,77:15,77:15,77:15,77:15,77:15,same,same,same,same,same,same,same
77,16,77:16,77:16,77:16,77:16,77:16,77:16,77:16,same,same,same,same,same,same,same
77,17,77:17,77:17,77:17,77:17,77:17,77:17,77:17,same,same,same,same,same,same,same
77,18,77:18,77:18,77:18,77:18,77:18,77:18,77:18,same,same,same,same,same,same,same
77,19,77:19,77:19,77:19,77:19,77:19,77:19,77:19,same,same,same,same,same,same,same
77,20,77:20,77:20,77:20,77:20,77:20,77:20,77:20,same,same,same,same,same,same,same
77,21,77:21,77:21,77:21,77:21,77:21,77:21,77:21,same,same,same,same,same,same,same
77,22,77:22,77:22,77:22,77:22,77:22,77:22,77:22,same,same,same,same,same,same,same
77,23,77:23,77:23,77:23,77:23,77:23,77:23,77:23,same,same,same,same,same,same,same
77,24,77:24,77:24,77:24,77:24,77:24,77:24,77:24,same,same,same,same,same,same,same
77,25,77:25,77:25,77:25,77:25,77:25,77:25,77:25,same,same,same,same,same,same,same
77,26,77:26,77:26,77:26,77:26,77:26,77:26,77:26,same,same,same,same,same,same,same
77,27,77:27,77:27,77:27,77:27,77:27,77:27,77:27,same,same,same,same,same,same,same
77,28,77:28,77:28,77:28,77:28,77:28,77:28,77:28,same,same,same,same,same,same,same
77,29,77:29,77:29,77:29,77:29,77:29,77:29,77:29,same,same,same,same,same,same,same
77,30,77:30,77:30,77:30,77:30,77:30,77:30,77:30,same,same,same,same,same,same,same
77,31,77:31,77:31,77:31,77:31,77:31,77:31,77:31,same,same,same,same,same,same,same
77,32,77:32,77:32,77:32,77:32,77:32,77:32,77:32,same,same,same,same,same,same,same
77,33,77:33,77:33,77:33,77:33,77:33,77:33,77:33,same,same,same,same,same,same,same
77,34,77:34,77:34,77:34,77:34,77:34,77:34,77:34,same,same,same,same,same,same,same
77,35,77:35,77:35,77:35,77:35,77:35,77:35,77:35,same,same,same,same,same,same,same
77,36,77:36,77:36,77:36,77:36,77:36,77:36,77:36,same,same,same,same,same,same,same
77,37,77:37,77:37,77:37,77:37,77:37,77:37,77:37,same,same,same,same,same,same,same
77,38,77:38,77:38,77:38,77:38,77:38,77:38,77:38,same,same,same,same,same,same,same
77,39,77:39,77:39,77:39,77:39,77:39,77:39,77:39,same,same,same,same,same,same,same
77,40,77:40,77:40,77:40,77:40,77:40,77:40,77:40,same,same,same,same,same,same,same
77,41,77:41,77:41,77:41,77:41,77:41,77:41,77:41,same,same,same,same,same,same,same
77,42,77:42,77:42,77:42,77:42,77:42,77:42,77:42,same,same,same,same,same,same,same
77,43,77:43,77:43,77:43,77:43,77:43,77:43,77:43,same,same,same,same,same,same,same
77,44,77:44,77:44,77:44,77:44,77:44,77:44,77:44,same,same,same,same,same,same,same
77,45,77:45,77:45,77:45,77:45,77:45,77:45,77:45,same,same,same,same,same,same,same
77,46,77:46,77:46,77:46,77:46,77:46,77:46,77:46,same,same,same,same,same,same,same
77,47,77:47,77:47,77:47,77:47,77:47,77:47,77:47,same,same,same,same,same,same,same
77,48,77:48,77:48,77:48,77:48,77:48,77:48,77:48,same,same,same,same,same,same,same
77,49,77:49,77:49,77:49,77:49,77:49,77:49,77:49,same,same,same,same,same,same,same
77,50,77:50,77:50,77:50,77:50,77:50,77:50,77:50,same,same,same,same,same,same,same
78,1,78:1,78:1,78:1,78:1,78:1,78:1,78:1,same,same,same,same,same,same,same
78,2,78:2,78:2,78:2,78:2,78:2,78:2,78:2,same,same,same,same,same,same,same
78,3,78:3,78:3,78:3,78:3,78:3,78:3,78:3,same,same,same,same,same,same,same
78,4,78:4,78:4,78:4,78:4,78:4,78:4,78:4,same,same,same,same,same,same,same
78,5,78:5,78:5,78:5,78:5,78:5,78:5,78:5,same,same,same,same,same,same,same
78,6,78:6,78:6,78:6,78:6,78:6,78:6,78:6,same,same,same,same,same,same,same
78,7,78:7,78:7,78:7,78:7,78:7,78:7,78:7,same,same,same,same,same,same,same
78,8,78:8,78:8,78:8,78:8,78:8,78:8,78:8,same,same,same,same,same,same,same
78,9,78:9,78:9,78:9,78:9,78:9,78:9,78:9,same,same,same,same,same,same,same
78,10,78:10,78:10,78:10,78:10,78:10,78:10,78:10,same,same,same,same,same,same,same
78,11,78:11,78:11,78:11,78:11,78:11,78:11,78:11,same,same,same,same,same,same,same
78,12,78:12,78:12,78:12,78:12,78:12,78:12,78:12,same,same,same,same,same,same,same
78,13,78:13,78:13,78:13,78:13,78:13,78:13,78:13,same,same,same,same,same,same,same
78,14,78:14,78:14,78:14,78:14,78:14,78:14,78:14,same,same,same,same,same,same,same
78,15,78:15,78:15,78:15,78:15,78:15,78:15,78:15,same,same,same,same,same,same,same
78,16,78:16,78:16,78:16,78:16,78:16,78:16,78:16,same,same,same,same,same,same,same
78,17,78:17,78:17,78:17,78:17,78:17,78:17,78:17,same,same,same,same,same,same,same
78,18,78:18,78:18,78:18,78:18,78:18,78:18,78:18,same,same,same,same,same,same,same
78,19,78:19,78:19,78:19,78:19,78:19,78:19,78:19,same,same,same,same,same,same,same
78,20,78:20,78:20,78:20,78:20,78:20,78:20,78:20,same,same,same,same,same,same,same
78,21,78:21,78:21,78:21,78:21,78:21,78:21,78:21,same,same,same,same,same,same,same
78,22,78:22,78:22,78:22,78:22,78:22,78:22,78:22,same,same,same,same,same,same,same
78,23,78:23,78:23,78:23,78:23,78:23,78:23,78:23,same,same,same,same,same,same,same
78,24,78:24,78:24,78:24,78:24,78:24,78:24,78:24,same,same,same,same,same,same,same
78,25,78:25,78:25,78:25,78:25,78:25,78:25,78:25,same,same,same,same,same,same,same
78,26,78:26,78:26,78:26,78:26,78:26,78:26,78:26,same,same,same,same,same,same,same
78,27,78:27,78:27,78:27,78:27,78:27,78:27,78:27,same,same,same,same,same,same,same
78,28,78:28,78:28,78:28,78:28,78:28,78:28,78:28,same,same,same,same,same,same,same
78,29,78:29,78:29,78:29,78:29,78:29,78:29,78:29,same,same,same,same,same,same,same
78,30,78:30,78:30,78:30,78:30,78:30,78:30,78:30,same,same,same,same,same,same,same
78,31,78:31,78:31,78:31,78:31,78:31,78:31,78:31,same,same,same,same,same,same,same
78,32,78:32,78:32,78:32,78:32,78:32,78:32,78:32,same,same,same,same,same,same,same
78,33,78:33,78:33,78:33,78:33,78:33,78:33,78:33,same,same,same,same,same,same,same
78,34,78:34,78:34,78:34,78:34,78:34,78:34,78:34,same,same,same,same,same,same,same
78,35,78:35,78:35,78:35,78:35,78:35,78:35,78:35,same,same,same,same,same,same,same
78,36,78:36,78:36,78:36,78:36,78:36,78:36,78:36,same,same,same,same,same,same,same
78,37,78:37,78:37,78:37,78:37,78:37,78:37,78:37,same,same,same,same,same,same,same
78,38,78:38,78:38,78:38,78:38,78:38,78:38,78:38,same,same,same,same,same,same,same
78,39,78:39,78:39,78:39,78:39,78:39,78:39,78:39,same,same,same,same,same,same,same
78,40,78:40,78:40,78:40-41,78:40,78:40,78:40,78:40,same,same,split,same,same,same,same
79,1,79:1,79:1,79:1,79:1,79:1,79:1,79:1,same,same,same,same,same,same,same
79,2,79:2,79:2,79:2,79:2,79:2,79:2,79:2,same,same,same,same,same,same,same
79,3,79:3,79:3,79:3,79:3,79:3,79:3,79:3,same,same,same,same,same,same,same
79,4,79:4,79:4,79:4,79:4,79:4,79:4,79:4,same,same,same,same,same,same,same
79,5,79:5,79:5,79:5,79:5,79:5,79:5,79:5,same,same,same,same,same,same,same
79,6,79:6,79:6,79:6,79:6,79:6,79:6,79:6,same,same,same,same,same,same,same
79,7,79:7,79:7,79:7,79:7,79:7,79:7,79:7,same,same,same,same,same,same,same
79,8,79:8,79:8,79:8,79:8,79:8,79:8,79:8,same,same,same,same,same,same,same
79,9,79:9,79:9,79:9,79:9,79:9,79:9,79:9,same,same,same,same,same,same,same
79,10,79:10,79:10,79:10,79:10,79:10,79:10,79:10,same,same,same,same,same,same,same
79,11,79:11,79:11,79:11,79:11,79:11,79:11,79:11,same,same,same,same,same,same,same
79,12,79:12,79:12,79:12,79:12,79:12,79:12,79:12,same,same,same,same,same,same,same
79,13,79:13,79:13,79:13,79:13,79:13,79:13,79:13,same,same,same,same,same,same,same
79,14,79:14,79:14,79:14,79:14,79:14,79:14,79:14,same,same,same,same,same,same,same
79,15,79:15,79:15,79:15,79:15,79:15,79:15,79:15,same,same,same,same,same,same,same
79,16,79:16,79:16,79:16,79:16,79:16,79:16,79:16,same,same,same,same,same,same,same
79,17,79:17,79:17,79:17,79:17,79:17,79:17,79:17,same,same,same,same,same,same,same
79,18,79:18,79:18,79:18,79:18,79:18,79:18,79:18,same,same,same,same,same,same,same
79,19,79:19,79:19,79:19,79:19,79:19,79:19,79:19,same,same,same,same,same,same,same
79,20,79:20,79:20,79:20,79:20,79:20,79:20,79:20,same,same,same,same,same,same,same
79,21,79:21,79:21,79:21,79:21,79:21,79:21,79:21,same,same,same,same,same,same,same
79,22,79:22,79:22,79:22,79:22,79:22,79:22,79:22,same,same,same,same,same,same,same
79,23,79:23,79:23,79:23,79:23,79:23,79:23,79:23,same,same,same,same,same,same,same
79,24,79:24,79:24,79:24,79:24,79:24,79:24,79:24,same,same,same,same,same,same,same
79,25,79:25,79:25,79:25,79:25,79:25,79:25,79:25,same,same,same,same,same,same,same
79,26,79:26,79:26,79:26,79:26,79:26,79:26,79:26,same,same,same,same,same,same,same
79,27,79:27,79:27,79:27,79:27,79:27,79:27,79:27,same,same,same,same,same,same,same
79,28,79:28,79:28,79:28,79:28,79:28,79:28,79:28,same,same,same,same,same,same,same
79,29,79:29,79:29,79:29,79:29,79:29,79:29,79:29,same,same,same,same,same,same,same
79,30,79:30,79:30,79:30,79:30,79:30,79:30,79:30,same,same,same,same,same,same,same
79,31,79:31,79:31,79:31,79:31,79:31,79:31,79:31,same,same,same,same,same,same,same
79,32,79:32,79:32,79:32,79:32,79:32,79:32,79:32,same,same,same,same,same,same,same
79,33,79:33,79:33,79:33,79:33,79:33,79:33,79:33,same,same,same,same,same,same,same
79,34,79:34,79:34,79:34,79:34,79:34,79:34,79:34,same,same,same,same,same,same,same
79,35,79:35,79:35,79:35,79:35,79:35,79:35,79:35,same,same,same,same,same,same,same
79,36,79:36,79:36,79:36,79:36,79:36,79:36,79:36,same,same,same,same,same,same,same
79,37,79:37,79:37,79:37,79:37,79:37,79:37,79:37,same,same,merged,merged,merged,merged,merged
79,38,79:38,79:38,79:37,79:37,79:37,79:37,79:37,same,same,merged,merged,merged,merged,merged
79,39,79:39,79:39,79:38,79:38,79:38,79:38,79:38,same,same,same,same,same,same,same
79,40,79:40,79:40,79:39,79:39,79:39,79:39,79:39,same,same,same,same,same,same,same
79,41,79:41,79:41,79:40,79:40,79:40,79:40,79:40,same,same,same,same,same,same,same
79,42,79:42,79:42,79:41,79:41,79:41,79:41,79:41,same,same,same,same,same,same,same
79,43,79:43,79:43,79:42,79:42,79:42,79:42,79:42,same,same,same,same,same,same,same
79,44,79:44,79:44,79:43,79:43,79:43,79:43,79:43,same,same,same,same,same,same,same
79,45,79:45,79:45,79:44,79:44,79:44,79:44,79:44,same,same,same,same,same,same,same
79,46,79:46,79:46,79:45,79:45,79:45,79:45,79:45,same,same,same,same,same,same,same
80,1,80:1,80:1,80:1,80:1,80:1,80:1,80:1,same,same,same,same,same,same,same
80,2,80:2,80:2,80:2,80:2,80:2,80:2,80:2,same,same,same,same,same,same,same
80,3,80:3,80:3,80:3,80:3,80:3,80:3,80:3,same,same,same,same,same,same,same
80,4,80:4,80:4,80:4,80:4,80:4,80:4,80:4,same,same,same,same,same,same,same
80,5,80:5,80:5,80:5,80:5,80:5,80:5,80:5,same,same,same,same,same,same,same
80,6,80:6,80:6,80:6,80:6,80:6,80:6,80:6,same,same,same,same,same,same,same
80,7,80:7,80:7,80:7,80:7,80:7,80:7,80:7,same,same,same,same,same,same,same
80,8,80:8,80:8,80:8,80:8,80:8,80:8,80:8,same,same,same,same,same,same,same
80,9,80:9,80:9,80:9,80:9,80:9,80:9,80:9,same,same,same,same,same,same,same
80,10,80:10,80:10,80:10,80:10,80:10,80:10,80:10,same,same,same,same,same,same,same
80,11,80:11,80:11,80:11,80:11,80:11,80:11,80:11,same,same,same,same,same,same,same
80,12,80:12,80:12,80:12,80:12,80:12,80:12,80:12,same,same,same,same,same,same,same
80,13,80:13,80:13,80:13,80:13,80:13,80:13,80:13,same,same,same,same,same,same,same
80,14,80:14,80:14,80:14,80:14,80:14,80:14,80:14,same,same,same,same,same,same,same
80,15,80:15,80:15,80:15,80:15,80:15,80:15,80:15,same,same,same,same,same,same,same
80,16,80:16,80:16,80:16,80:16,80:16,80:16,80:16,same,same,same,same,same,same,same
80,17,80:17,80:17,80:17,80:17,80:17,80:17,80:17,same,same,same,same,same,same,same
80,18,80:18,80:18,80:18,80:18,80:18,80:18,80:18,same,same,same,same,same,same,same
80,19,80:19,80:19,80:19,80:19,80:19,80:19,80:19,same,same,same,same,same,same,same
80,20,80:20,80:20,80:20,80:20,80:20,80:20,80:20,same,same,same,same,same,same,same
80,21,80:21,80:21,80:21,80:21,80:21,80:21,80:21,same,same,same,same,same,same,same
80,22,80:22,80:22,80:22,80:22,80:22,80:22,80:22,same,same,same,same,same,same,same
80,23,80:23,80:23,80:23,80:23,80:23,80:23,80:23,same,same,same,same,same,same,same
80,24,80:24,80:24,80:24,80:24,80:24,80:24,80:24,same,same,same,same,same,same,same
80,25,80:25,80:25,80:25,80:25,80:25,80:25,80:25,same,same,same,same,same,same,same
80,26,80:26,80:26,80:26,80:26,80:26,80:26,80:26,same,same,same,same,same,same,same
80,27,80:27,80:27,80:27,80:27,80:27,80:27,80:27,same,same,same,same,same,same,same
80,28,80:28,80:28,80:28,80:28,80:28,80:28,80:28,same,same,same,same,same,same,same
80,29,80:29,80:29,80:29,80:29,80:29,80:29,80:29,same,same,same,same,same,same,same
80,30,80:30,80:30,80:30,80:30,80:30,80:30,80:30,same,same,same,same,same,same,same
80,31,80:31,80:31,80:31,80:31,80:31,80:31,80:31,same,same,same,same,same,same,same
80,32,80:32,80:32,80:32,80:32,80:32,80:32,80:32,same,same,same,same,same,same,same
80,33,80:33,80:33,80:33,80:33,80:33,80:33,80:33,same,same,same,same,same,same,same
80,34,80:34,80:34,80:34,80:34,80:34,80:34,80:34,same,same,same,same,same,same,same
80,35,80:35,80:35,80:35,80:35,80:35,80:35,80:35,same,same,same,same,same,same,same
80,36,80:36,80:36,80:36,80:36,80:36,80:36,80:36,same,same,same,same,same,same,same
80,37,80:37,80:37,80:37,80:37,80:37,80:37,80:37,same,same,same,same,same,same,same
80,38,80:38,80:38,80:38,80:38,80:38,80:38,80:38,same,same,same,same,same,same,same
80,39,80:39,80:39,80:39,80:39,80:39,80:39,80:39,same,same,same,same,same,same,same
80,40,80:40,80:40,80:40,80:40,80:40,80:40,80:40,same,same,same,same,same,same,same
80,41,80:41,80:41,80:41,80:41,80:41,80:41,80:41,same,same,same,same,same,same,same
80,42,80:42,80:42,80:42,80:42,80:42,80:42,80:42,same,same,same,same,same,same,same
81,1,81:1,81:1,81:1,81:1,81:1,81:1,81:1,same,same,same,same,same,same,same
81,2,81:2,81:2,81:2,81:2,81:2,81:2,81:2,same,same,same,same,same,same,same
81,3,81:3,81:3,81:3,81:3,81:3,81:3,81:3,same,same,same,same,same,same,same
81,4,81:4,81:4,81:4,81:4,81:4,81:4,81:4,same,same,same,same,same,same,same
81,5,81:5,81:5,81:5,81:5,81:5,81:5,81:5,same,same,same,same,same,same,same
81,6,81:6,81:6,81:6,81:6,81:6,81:6,81:6,same,same,same,same,same,same,same
81,7,81:7,81:7,81:7,81:7,81:7,81:7,81:7,same,same,same,same,same,same,same
81,8,81:8,81:8,81:8,81:8,81:8,81:8,81:8,same,same,same,same,same,same,same
81,9,81:9,81:9,81:9,81:9,81:9,81:9,81:9,same,same,same,same,same,same,same
81,10,81:10,81:10,81:10,81:10,81:10,81:10,81:10,same,same,same,same,same,same,same
81,11,81:11,81:11,81:11,81:11,81:11,81:11,81:11,same,same,same,same,same,same,same
81,12,81:12,81:12,81:12,81:12,81:12,81:12,81:12,same,same,same,same,same,same,same
81,13,81:13,81:13,81:13,81:13,81:13,81:13,81:13,same,same,same,same,same,same,same
81,14,81:14,81:14,81:14,81:14,81:14,81:14,81:14,same,same,same,same,same,same,same
81,15,81:15,81:15,81:15,81:15,81:15,81:15,81:15,same,same,same,same,same,same,same
81,16,81:16,81:16,81:16,81:16,81:16,81:16,81:16,same,same,same,same,same,same,same
81,17,81:17,81:17,81:17,81:17,81:17,81:17,81:17,same,same,same,same,same,same,same
81,18,81:18,81:18,81:18,81:18,81:18,81:18,81:18,same,same,same,same,same,same,same
81,19,81:19,81:19,81:19,81:19,81:19,81:19,81:19,same,same,same,same,same,same,same
81,20,81:20,81:20,81:20,81:20,81:20,81:20,81:20,same,same,same,same,same,same,same
81,21,81:21,81:21,81:21,81:21,81:21,81:21,81:21,same,same,same,same,same,same,same
81,22,81:22,81:22,81:22,81:22,81:22,81:22,81:22,same,same,same,same,same,same,same
81,23,81:23,81:23,81:23,81:23,81:23,81:23,81:23,same,same,same,same,same,same,same
81,24,81:24,81:24,81:24,81:24,81:24,81:24,81:24,same,same,same,same,same,same,same
81,25,81:25,81:25,81:25,81:25,81:25,81:25,81:25,same,same,same,same,same,same,same
81,26,81:26,81:26,81:26,81:26,81:26,81:26,81:26,same,same,same,same,same,same,same
81,27,81:27,81:27,81:27,81:27,81:27,81:27,81:27,same,same,same,same,same,same,same
81,28,81:28,81:28,81:28,81:28,81:28,81:28,81:28,same,same,same,same,same,same,same
81,29,81:29,81:29,81:29,81:29,81:29,81:29,81:29,same,same,same,same,same,same,same
82,1,82:1,82:1,82:1,82:1,82:1,82:1,82:1,same,same,same,same,same,same,same
82,2,82:2,82:2,82:2,82:2,82:2,82:2,82:2,same,same,same,same,same,same,same
82,3,82:3,82:3,82:3,82:3,82:3,82:3,82:3,same,same,same,same,same,same,same
82,4,82:4,82:4,82:4,82:4,82:4,82:4,82:4,same,same,same,same,same,same,same
82,5,82:5,82:5,82:5,82:5,82:5,82:5,82:5,same,same,same,same,same,same,same
82,6,82:6,82:6,82:6,82:6,82:6,82:6,82:6,same,same,same,same,same,same,same
82,7,82:7,82:7,82:7,82:7,82:7,82:7,82:7,same,same,same,same,same,same,same
82,8,82:8,82:8,82:8,82:8,82:8,82:8,82:8,same,same,same,same,same,same,same
82,9,82:9,82:9,82:9,82:9,82:9,82:9,82:9,same,same,same,same,same,same,same
82,10,82:10,82:10,82:10,82:10,82:10,82:10,82:10,same,same,same,same,same,same,same
82,11,82:11,82:11,82:11,82:11,82:11,82:11,82:11,same,same,same,same,same,same,same
82,12,82:12,82:12,82:12,82:12,82:12,82:12,82:12,same,same,same,same,same,same,same
82,13,82:13,82:13,82:13,82:13,82:13,82:13,82:13,same,same,same,same,same,same,same
82,14,82:14,82:14,82:14,82:14,82:14,82:14,82:14,same,same,same,same,same,same,same
82,15,82:15,82:15,82:15,82:15,82:15,82:15,82:15,same,same,same,same,same,same,same
82,16,82:16,82:16,82:16,82:16,82:16,82:16,82:16,same,same,same,same,same,same,same
82,17,82:17,82:17,82:17,82:17,82:17,82:17,82:17,same,same,same,same,same,same,same
82,18,82:18,82:18,82:18,82:18,82:18,82:18,82:18,same,same,same,same,same,same,same
82,19,82:19,82:19,82:19,82:19,82:19,82:19,82:19,same,same,same,same,same,same,same
83,1,83:1,83:1,83:1,83:1,83:1,83:1,83:1,same,same,same,same,same,same,same
83,2,83:2,83:2,83:2,83:2,83:2,83:2,83:2,same,same,same,same,same,same,same
83,3,83:3,83:3,83:3,83:3,83:3,83:3,83:3,same,same,same,same,same,same,same
83,4,83:4,83:4,83:4,83:4,83:4,83:4,83:4,same,same,same,same,same,same,same
83,5,83:5,83:5,83:5,83:5,83:5,83:5,83:5,same,same,same,same,same,same,same
83,6,83:6,83:6,83:6,83:6,83:6,83:6,83:6,same,same,same,same,same,same,same
83,7,83:7,83:7,83:7,83:7,83:7,83:7,83:7,same,same,same,same,same,same,same
83,8,83:8,83:8,83:8,83:8,83:8,83:8,83:8,same,same,same,same,same,same,same
83,9,83:9,83:9,83:9,83:9,83:9,83:9,83:9,same,same,same,same,same,same,same
83,10,83:10,83:10,83:10,83:10,83:10,83:10,83:10,same,same,same,same,same,same,same
83,11,83:11,83:11,83:11,83:11,83:11,83:11,83:11,same,same,same,same,same,same,same
83,12,83:12,83:12,83:12,83:12,83:12,83:12,83:12,same,same,same,same,same,same,same
83,13,83:13,83:13,83:13,83:13,83:13,83:13,83:13,same,same,same,same,same,same,same
83,14,83:14,83:14,83:14,83:14,83:14,83:14,83:14,same,same,same,same,same,same,same
83,15,83:15,83:15,83:15,83:15,83:15,83:15,83:15,same,same,same,same,same,same,same
83,16,83:16,83:16,83:16,83:16,83:16,83:16,83:16,same,same,same,same,same,same,same
83,17,83:17,83:17,83:17,83:17,83:17,83:17,83:17,same,same,same,same,same,same,same
83,18,83:18,83:18,83:18,83:18,83:18,83:18,83:18,same,same,same,same,same,same,same
83,19,83:19,83:19,83:19,83:19,83:19,83:19,83:19,same,same,same,same,same,same,same
83,20,83:20,83:20,83:20,83:20,83:20,83:20,83:20,same,same,same,same,same,same,same
83,21,83:21,83:21,83:21,83:21,83:21,83:21,83:21,same,same,same,same,same,same,same
83,22,83:22,83:22,83:22,83:22,83:22,83:22,83:22,same,same,same,same,same,same,same
83,23,83:23,83:23,83:23,83:23,83:23,83:23,83:23,same,same,same,same,same,same,same
83,24,83:24,83:24,83:24,83:24,83:24,83:24,83:24,same,same,same,same,same,same,same
83,25,83:25,83:25,83:25,83:25,83:25,83:25,83:25,same,same,same,same,same,same,same
83,26,83:26,83:26,83:26,83:26,83:26,83:26,83:26,same,same,same,same,same,same,same
83,27,83:27,83:27,83:27,83:27,83:27,83:27,83:27,same,same,same,same,same,same,same
83,28,83:28,83:28,83:28,83:28,83:28,83:28,83:28,same,same,same,same,same,same,same
83,29,83:29,83:29,83:29,83:29,83:29,83:29,83:29,same,same,same,same,same,same,same
83,30,83:30,83:30,83:30,83:30,83:30,83:30,83:30,same,same,same,same,same,same,same
83,31,83:31,83:31,83:31,83:31,83:31,83:31,83:31,same,same,same,same,same,same,same
83,32,83:32,83:32,83:32,83:32,83:32,83:32,83:32,same,same,same,same,same,same,same
83,33,83:33,83:33,83:33,83:33,83:33,83:33,83:33,same,same,same,same,same,same,same
83,34,83:34,83:34,83:34,83:34,83:34,83:34,83:34,same,same,same,same,same,same,same
83,35,83:35,83:35,83:35,83:35,83:35,83:35,83:35,same,same,same,same,same,same,same
83,36,83:36,83:36,83:36,83:36,83:36,83:36,83:36,same,same,same,same,same,same,same
84,1,84:1,84:1,84:1,84:1,84:1,84:1,84:1,same,same,same,same,same,same,same
84,2,84:2,84:2,84:2,84:2,84:2,84:2,84:2,same,same,same,same,same,same,same
84,3,84:3,84:3,84:3,84:3,84:3,84:3,84:3,same,same,same,same,same,same,same
84,4,84:4,84:4,84:4,84:4,84:4,84:4,84:4,same,same,same,same,same,same,same
84,5,84:5,84:5,84:5,84:5,84:5,84:5,84:5,same,same,same,same,same,same,same
84,6,84:6,84:6,84:6,84:6,84:6,84:6,84:6,same,same,same,same,same,same,same
84,7,84:7,84:7,84:7,84:7,84:7,84:7,84:7,same,same,same,same,same,same,same
84,8,84:8,84:8,84:8,84:8,84:8,84:8,84:8,same,same,same,same,same,same,same
84,9,84:9,84:9,84:9,84:9,84:9,84:9,84:9,same,same,same,same,same,same,same
84,10,84:10,84:10,84:10,84:10,84:10,84:10,84:10,same,same,same,same,same,same,same
84,11,84:11,84:11,84:11,84:11,84:11,84:11,84:11,same,same,same,same,same,same,same
84,12,84:12,84:12,84:12,84:12,84:12,84:12,84:12,same,same,same,same,same,same,same
84,13,84:13,84:13,84:13,84:13,84:13,84:13,84:13,same,same,same,same,same,same,same
84,14,84:14,84:14,84:14,84:14,84:14,84:14,84:14,same,same,same,same,same,same,same
84,15,84:15,84:15,84:15,84:15,84:15,84:15,84:15,same,same,same,same,same,same,same
84,16,84:16,84:16,84:16,84:16,84:16,84:16,84:16,same,same,same,same,same,same,same
84,17,84:17,84:17,84:17,84:17,84:17,84:17,84:17,same,same,same,same,same,same,same
84,18,84:18,84:18,84:18,84:18,84:18,84:18,84:18,same,same,same,same,same,same,same
84,19,84:19,84:19,84:19,84:19,84:19,84:19,84:19,same,same,same,same,same,same,same
84,20,84:20,84:20,84:20,84:20,84:20,84:20,84:20,same,same,same,same,same,same,same
84,21,84:21,84:21,84:21,84:21,84:21,84:21,84:21,same,same,same,same,same,same,same
84,22,84:22,84:22,84:22,84:22,84:22,84:22,84:22,same,same,same,same,same,same,same
84,23,84:23,84:23,84:23,84:23,84:23,84:23,84:23,same,same,same,same,same,same,same
84,24,84:24,84:24,84:24,84:24,84:24,84:24,84:24,same,same,same,same,same,same,same
84,25,84:25,84:25,84:25,84:25,84:25,84:25,84:25,same,same,same,same,same,same,same
85,1,85:1,85:1,85:1,85:1,85:1,85:1,85:1,same,same,same,same,same,same,same
85,2,85:2,85:2,85:2,85:2,85:2,85:2,85:2,same,same,same,same,same,same,same
85,3,85:3,85:3,85:3,85:3,85:3,85:3,85:3,same,same,same,same,same,same,same
85,4,85:4,85:4,85:4,85:4,85:4,85:4,85:4,same,same,same,same,same,same,same
85,5,85:5,85:5,85:5,85:5,85:5,85:5,85:5,same,same,same,same,same,same,same
85,6,85:6,85:6,85:6,85:6,85:6,85:6,85:6,same,same,same,same,same,same,same
85,7,85:7,85:7,85:7,85:7,85:7,85:7,85:7,same,same,same,same,same,same,same
85,8,85:8,85:8,85:8,85:8,85:8,85:8,85:8,same,same,same,same,same,same,same
85,9,85:9,85:9,85:9,85:9,85:9,85:9,85:9,same,same,same,same,same,same,same
85,10,85:10,85:10,85:10,85:10,85:10,85:10,85:10,same,same,same,same,same,same,same
85,11,85:11,85:11,85:11,85:11,85:11,85:11,85:11,same,same,same,same,same,same,same
85,12,85:12,85:12,85:12,85:12,85:12,85:12,85:12,same,same,same,same,same,same,same
85,13,85:13,85:13,85:13,85:13,85:13,85:13,85:13,same,same,same,same,same,same,same
85,14,85:14,85:14,85:14,85:14,85:14,85:14,85:14,same,same,same,same,same,same,same
85,15,85:15,85:15,85:15,85:15,85:15,85:15,85:15,same,same,same,same,same,same,same
85,16,85:16,85:16,85:16,85:16,85:16,85:16,85:16,same,same,same,same,same,same,same
85,17,85:17,85:17,85:17,85:17,85:17,85:17,85:17,same,same,same,same,same,same,same
85,18,85:18,85:18,85:18,85:18,85:18,85:18,85:18,same,same,same,same,same,same,same
85,19,85:19,85:19,85:19,85:19,85:19,85:19,85:19,same,same,same,same,same,same,same
85,20,85:20,85:20,85:20,85:20,85:20,85:20,85:20,same,same,same,same,same,same,same
85,21,85:21,85:21,85:21,85:21,85:21,85:21,85:21,same,same,same,same,same,same,same
85,22,85:22,85:22,85:22,85:22,85:22,85:22,85:22,same,same,same,same,same,same,same
86,1,86:1,86:1,86:1,86:1,86:1,86:1,86:1,same,same,same,same,same,same,same
86,2,86:2,86:2,86:2,86:2,86:2,86:2,86:2,same,same,same,same,same,same,same
86,3,86:3,86:3,86:3,86:3,86:3,86:3,86:3,same,same,same,same,same,same,same
86,4,86:4,86:4,86:4,86:4,86:4,86:4,86:4,same,same,same,same,same,same,same
86,5,86:5,86:5,86:5,86:5,86:5,86:5,86:5,same,same,same,same,same,same,same
86,6,86:6,86:6,86:6,86:6,86:6,86:6,86:6,same,same,same,same,same,same,same
86,7,86:7,86:7,86:7,86:7,86:7,86:7,86:7,same,same,same,same,same,same,same
86,8,86:8,86:8,86:8,86:8,86:8,86:8,86:8,same,same,same,same,same,same,same
86,9,86:9,86:9,86:9,86:9,86:9,86:9,86:9,same,same,same,same,same,same,same
86,10,86:10,86:10,86:10,86:10,86:10,86:10,86:10,same,same,same,same,same,same,same
86,11,86:11,86:11,86:11,86:11,86:11,86:11,86:11,same,same,same,same,same,same,same
86,12,86:12,86:12,86:12,86:12,86:12,86:12,86:12,same,same,same,same,same,same,same
86,13,86:13,86:13,86:13,86:13,86:13,86:13,86:13,same,same,same,same,same,same,same
86,14,86:14,86:14,86:14,86:14,86:14,86:14,86:14,same,same,same,same,same,same,same
86,15,86:15,86:15,86:15,86:15,86:15,86:15,86:15,same,same,same,same,same,merged,merged
86,16,86:16,86:16,86:16,86:16,86:16,86:15,86:15,same,same,same,same,same,merged,merged
86,17,86:17,86:17,86:17,86:17,86:17,86:16,86:16,same,same,same,same,same,same,same
87,1,87:1,87:1,87:1,87:1,87:1,87:1,87:1,same,same,same,same,same,same,same
87,2,87:2,87:2,87:2,87:2,87:2,87:2,87:2,same,same,same,same,same,same,same
87,3,87:3,87:3,87:3,87:3,87:3,87:3,87:3,same,same,same,same,same,same,same
87,4,87:4,87:4,87:4,87:4,87:4,87:4,87:4,same,same,same,same,same,same,same
87,5,87:5,87:5,87:5,87:5,87:5,87:5,87:5,same,same,same,same,same,same,same
87,6,87:6,87:6,87:6,87:6,87:6,87:6,87:6,same,same,same,same,same,same,same
87,7,87:7,87:7,87:7,87:7,87:7,87:7,87:7,same,same,same,same,same,same,same
87,8,87:8,87:8,87:8,87:8,87:8,87:8,87:8,same,same,same,same,same,same,same
87,9,87:9,87:9,87:9,87:9,87:9,87:9,87:9,same,same,same,same,same,same,same
87,10,87:10,87:10,87:10,87:10,87:10,87:10,87:10,same,same,same,same,same,same,same
87,11,87:11,87:11,87:11,87:11,87:11,87:11,87:11,same,same,same,same,same,same,same
87,12,87:12,87:12,87:12,87:12,87:12,87:12,87:12,same,same,same,same,same,same,same
87,13,87:13,87:13,87:13,87:13,87:13,87:13,87:13,same,same,same,same,same,same,same
87,14,87:14,87:14,87:14,87:14,87:14,87:14,87:14,same,same,same,same,same,same,same
87,15,87:15,87:15,87:15,87:15,87:15,87:15,87:15,same,same,same,same,same,same,same
87,16,87:16,87:16,87:16,87:16,87:16,87:16,87:16,same,same,same,same,same,same,same
87,17,87:17,87:17,87:17,87:17,87:17,87:17,87:17,same,same,same,same,same,same,same
87,18,87:18,87:18,87:18,87:18,87:18,87:18,87:18,same,same,same,same,same,same,same
87,19,87:19,87:19,87:19,87:19,87:19,87:19,87:19,same,same,same,same,same,same,same
88,1,88:1,88:1,88:1,88:1,88:1,88:1,88:1,same,same,same,same,same,same,same
88,2,88:2,88:2,88:2,88:2,88:2,88:2,88:2,same,same,same,same,same,same,same
88,3,88:3,88:3,88:3,88:3,88:3,88:3,88:3,same,same,same,same,same,same,same
88,4,88:4,88:4,88:4,88:4,88:4,88:4,88:4,same,same,same,same,same,same,same
88,5,88:5,88:5,88:5,88:5,88:5,88:5,88:5,same,same,same,same,same,same,same
88,6,88:6,88:6,88:6,88:6,88:6,88:6,88:6,same,same,same,same,same,same,same
88,7,88:7,88:7,88:7,88:7,88:7,88:7,88:7,same,same,same,same,same,same,same
88,8,88:8,88:8,88:8,88:8,88:8,88:8,88:8,same,same,same,same,same,same,same
88,9,88:9,88:9,88:9,88:9,88:9,88:9,88:9,same,same,same,same,same,same,same
88,10,88:10,88:10,88:10,88:10,88:10,88:10,88:10,same,same,same,same,same,same,same
88,11,88:11,88:11,88:11,88:11,88:11,88:11,88:11,same,same,same,same,same,same,same
88,12,88:12,88:12,88:12,88:12,88:12,88:12,88:12,same,same,same,same,same,same,same
88,13,88:13,88:13,88:13,88:13,88:13,88:13,88:13,same,same,same,same,same,same,same
88,14,88:14,88:14,88:14,88:14,88:14,88:14,88:14,same,same,same,same,same,same,same
88,15,88:15,88:15,88:15,88:15,88:15,88:15,88:15,same,same,same,same,same,same,same
88,16,88:16,88:16,88:16,88:16,88:16,88:16,88:16,same,same,same,same,same,same,same
88,17,88:17,88:17,88:17,88:17,88:17,88:17,88:17,same,same,same,same,same,same,same
88,18,88:18,88:18,88:18,88:18,88:18,88:18,88:18,same,same,same,same,same,same,same
88,19,88:19,88:19,88:19,88:19,88:19,88:19,88:19,same,same,same,same,same,same,same
88,20,88:20,88:20,88:20,88:20,88:20,88:20,88:20,same,same,same,same,same,same,same
88,21,88:21,88:21,88:21,88:21,88:21,88:21,88:21,same,same,same,same,same,same,same
88,22,88:22,88:22,88:22,88:22,88:22,88:22,88:22,same,same,same,same,same,same,same
88,23,88:23,88:23,88:23,88:23,88:23,88:23,88:23,same,same,same,same,same,same,same
88,24,88:24,88:24,88:24,88:24,88:24,88:24,88:24,same,same,same,same,same,same,same
88,25,88:25,88:25,88:25,88:25,88:25,88:25,88:25,same,same,same,same,same,same,same
88,26,88:26,88:26,88:26,88:26,88:26,88:26,88:26,same,same,same,same,same,same,same
89,1,89:1,89:1,89:1,89:1,89:1,89:1,89:1,same,same,same,same,same,same,same
89,2,89:2,89:2,89:2,89:2,89:2,89:2,89:2,same,same,same,same,same,same,same
89,3,89:3,89:3,89:3,89:3,89:3,89:3,89:3,same,same,same,same,same,same,same
89,4,89:4,89:4,89:4,89:4,89:4,89:4,89:4,same,same,same,same,same,same,same
89,5,89:5,89:5,89:5,89:5,89:5,89:5,89:5,same,same,same,same,same,same,same
89,6,89:6,89:6,89:6,89:6,89:6,89:6,89:6,same,same,same,same,same,same,same
89,7,89:7,89:7,89:7,89:7,89:7,89:7,89:7,same,same,same,same,same,same,same
89,8,89:8,89:8,89:8,89:8,89:8,89:8,89:8,same,same,same,same,same,same,same
89,9,89:9,89:9,89:9,89:9,89:9,89:9,89:9,same,same,same,same,same,same,same
89,10,89:10,89:10,89:10,89:10,89:10,89:10,89:10,same,same,same,same,same,same,same
89,11,89:11,89:11,89:11,89:11,89:11,89:11,89:11,same,same,same,same,same,same,same
89,12,89:12,89:12,89:12,89:12,89:12,89:12,89:12,same,same,same,same,same,same,same
89,13,89:13,89:13,89:13,89:13,89:13,89:13,89:13,same,same,same,same,same,same,same
89,14,89:14,89:14,89:14,89:14,89:14,89:14,89:14,same,same,same,same,same,same,same
89,15,89:15,89:15,89:15-16,89:15-16,89:15-16,89:15-16,89:15-16,same,same,split,split,split,split,split
89,16,89:16,89:16,89:17-18,89:17-18,89:17-18,89:17-18,89:17-18,same,same,split,split,split,split,split
89,17,89:17,89:17,89:19,89:19,89:19,89:19,89:19,same,same,same,same,same,same,same
89,18,89:18,89:18,89:20,89:20,89:20,89:20,89:20,same,same,same,same,same,same,same
89,19,89:19,89:19,89:21,89:21,89:21,89:21,89:21,same,same,same,same,same,same,same
89,20,89:20,89:20,89:22,89:22,89:22,89:22,89:22,same,same,same,same,same,same,same
89,21,89:21,89:21,89:23,89:23,89:23,89:23,89:23,same,same,same,same,same,same,same
89,22,89:22,89:22,89:24,89:24,89:24,89:24,89:24,same,same,same,same,same,same,same
89,23,89:23,89:23,89:25-26,89:25-26,89:25-26,89:25-26,89:25-26,same,same,split,split,split,split,split
89,24,89:24,89:24,89:27,89:27,89:27,89:27,89:27,same,same,same,same,same,same,same
89,25,89:25,89:25,89:28,89:28,89:28,89:28,89:28,same,same,same,same,same,same,same
89,26,89:26,89:26,89:29,89:29,89:29,89:29,89:29,same,same,same,same,same,same,same
89,27,89:27,89:27,89:30,89:30,89:30,89:30,89:30,same,same,same,same,same,same,same
89,28,89:28,89:28,89:31,89:31,89:31,89:31,89:31,same,same,same,same,same,same,same
89,29,89:29,89:29,89:32,89:32,89:32,89:32,89:32,same,same,merged,merged,merged,merged,merged
89,30,89:30,89:30,89:32,89:32,89:32,89:32,89:32,same,same,merged,merged,merged,merged,merged
90,1,90:1,90:1,90:1,90:1,90:1,90:1,90:1,same,same,same,same,same,same,same
90,2,90:2,90:2,90:2,90:2,90:2,90:2,90:2,same,same,same,same,same,same,same
90,3,90:3,90:3,90:3,90:3,90:3,90:3,90:3,same,same,same,same,same,same,same
90,4,90:4,90:4,90:4,90:4,90:4,90:4,90:4,same,same,same,same,same,same,same
90,5,90:5,90:5,90:5,90:5,90:5,90:5,90:5,same,same,same,same,same,same,same
90,6,90:6,90:6,90:6,90:6,90:6,90:6,90:6,same,same,same,same,same,same,same
90,7,90:7,90:7,90:7,90:7,90:7,90:7,90:7,same,same,same,same,same,same,same
90,8,90:8,90:8,90:8,90:8,90:8,90:8,90:8,same,same,same,same,same,same,same
90,9,90:9,90:9,90:9,90:9,90:9,90:9,90:9,same,same,same,same,same,same,same
90,10,90:10,90:10,90:10,90:10,90:10,90:10,90:10,same,same,same,same,same,same,same
90,11,90:11,90:11,90:11,90:11,90:11,90:11,90:11,same,same,same,same,same,same,same
90,12,90:12,90:12,90:12,90:12,90:12,90:12,90:12,same,same,same,same,same,same,same
90,13,90:13,90:13,90:13,90:13,90:13,90:13,90:13,same,same,same,same,same,same,same
90,14,90:14,90:14,90:14,90:14,90:14,90:14,90:14,same,same,same,same,same,same,same
90,15,90:15,90:15,90:15,90:15,90:15,90:15,90:15,same,same,same,same,same,same,same
90,16,90:16,90:16,90:16,90:16,90:16,90:16,90:16,same,same,same,same,same,same,same
90,17,90:17,90:17,90:17,90:17,90:17,90:17,90:17,same,same,same,same,same,same,same
90,18,90:18,90:18,90:18,90:18,90:18,90:18,90:18,same,same,same,same,same,same,same
90,19,90:19,90:19,90:19,90:19,90:19,90:19,90:19,same,same,same,same,same,same,same
90,20,90:20,90:20,90:20,90:20,90:20,90:20,90:20,same,same,same,same,same,same,same
91,1,91:1,91:1,91:1,91:1,91:1,91:1,91:1,same,same,same,same,same,same,same
91,2,91:2,91:2,91:2,91:2,91:2,91:2,91:2,same,same,same,same,same,same,same
91,3,91:3,91:3,91:3,91:3,91:3,91:3,91:3,same,same,same,same,same,same,same
91,4,91:4,91:4,91:4,91:4,91:4,91:4,91:4,same,same,same,same,same,same,same
91,5,91:5,91:5,91:5,91:5,91:5,91:5,91:5,same,same,same,same,same,same,same
91,6,91:6,91:6,91:6,91:6,91:6,91:6,91:6,same,same,same,same,same,same,same
91,7,91:7,91:7,91:7,91:7,91:7,91:7,91:7,same,same,same,same,same,same,same
91,8,91:8,91:8,91:8,91:8,91:8,91:8,91:8,same,same,same,same,same,same,same
91,9,91:9,91:9,91:9,91:9,91:9,91:9,91:9,same,same,same,same,same,same,same
91,10,91:10,91:10,91:10,91:10,91:10,91:10,91:10,same,same,same,same,same,same,same
91,11,91:11,91:11,91:11,91:11,91:11,91:11,91:11,same,same,same,same,same,same,same
91,12,91:12,91:12,91:12,91:12,91:12,91:12,91:12,same,same,same,same,same,same,same
91,13,91:13,91:13,91:13,91:13,91:13,91:13,91:13,same,same,same,same,same,same,same
91,14,91:14,91:14,91:14,91:14,91:14,91:14-15,91:14-15,same,same,same,same,same,split,split
91,15,91:15,91:15,91:15,91:15,91:15,91:16,91:16,same,same,same,same,same,same,same
92,1,92:1,92:1,92:1,92:1,92:1,92:1,92:1,same,same,same,same,same,same,same
92,2,92:2,92:2,92:2,92:2,92:2,92:2,92:2,same,same,same,same,same,same,same
92,3,92:3,92:3,92:3,92:3,92:3,92:3,92:3,same,same,same,same,same,same,same
92,4,92:4,92:4,92:4,92:4,92:4,92:4,92:4,same,same,same,same,same,same,same
92,5,92:5,92:5,92:5,92:5,92:5,92:5,92:5,same,same,same,same,same,same,same
92,6,92:6,92:6,92:6,92:6,92:6,92:6,92:6,same,same,same,same,same,same,same
92,7,92:7,92:7,92:7,92:7,92:7,92:7,92:7,same,same,same,same,same,same,same
92,8,92:8,92:8,92:8,92:8,92:8,92:8,92:8,same,same,same,same,same,same,same
92,9,92:9,92:9,92:9,92:9,92:9,92:9,92:9,same,same,same,same,same,same,same
92,10,92:10,92:10,92:10,92:10,92:10,92:10,92:10,same,same,same,same,same,same,same
92,11,92:11,92:11,92:11,92:11,92:11,92:11,92:11,same,same,same,same,same,same,same
92,12,92:12,92:12,92:12,92:12,92:12,92:12,92:12,same,same,same,same,same,same,same
92,13,92:13,92:13,92:13,92:13,92:13,92:13,92:13,same,same,same,same,same,same,same
92,14,92:14,92:14,92:14,92:14,92:14,92:14,92:14,same,same,same,same,same,same,same
92,15,92:15,92:15,92:15,92:15,92:15,92:15,92:15,same,same,same,same,same,same,same
92,16,92:16,92:16,92:16,92:16,92:16,92:16,92:16,same,same,same,same,same,same,same
92,17,92:17,92:17,92:17,92:17,92:17,92:17,92:17,same,same,same,same,same,same,same
92,18,92:18,92:18,92:18,92:18,92:18,92:18,92:18,same,same,same,same,same,same,same
92,19,92:19,92:19,92:19,92:19,92:19,92:19,92:19,same,same,same,same,same,same,same
92,20,92:20,92:20,92:20,92:20,92:20,92:20,92:20,same,same,same,same,same,same,same
92,21,92:21,92:21,92:21,92:21,92:21,92:21,92:21,same,same,same,same,same,same,same
93,1,93:1,93:1,93:1,93:1,93:1,93:1,93:1,same,same,same,same,same,same,same
93,2,93:2,93:2,93:2,93:2,93:2,93:2,93:2,same,same,same,same,same,same,same
93,3,93:3,93:3,93:3,93:3,93:3,93:3,93:3,same,same,same,same,same,same,same
93,4,93:4,93:4,93:4,93:4,93:4,93:4,93:4,same,same,same,same,same,same,same
93,5,93:5,93:5,93:5,93:5,93:5,93:5,93:5,same,same,same,same,same,same,same
93,6,93:6,93:6,93:6,93:6,93:6,93:6,93:6,same,same,same,same,same,same,same
93,7,93:7,93:7,93:7,93:7,93:7,93:7,93:7,same,same,same,same,same,same,same
93,8,93:8,93:8,93:8,93:8,93:8,93:8,93:8,same,same,same,same,same,same,same
93,9,93:9,93:9,93:9,93:9,93:9,93:9,93:9,same,same,same,same,same,same,same
93,10,93:10,93:10,93:10,93:10,93:10,93:10,93:10,same,same,same,same,same,same,same
93,11,93:11,93:11,93:11,93:11,93:11,93:11,93:11,same,same,same,same,same,same,same
94,1,94:1,94:1,94:1,94:1,94:1,94:1,94:1,same,same,same,same,same,same,same
94,2,94:2,94:2,94:2,94:2,94:2,94:2,94:2,same,same,same,same,same,same,same
94,3,94:3,94:3,94:3,94:3,94:3,94:3,94:3,same,same,same,same,same,same,same
94,4,94:4,94:4,94:4,94:4,94:4,94:4,94:4,same,same,same,same,same,same,same
94,5,94:5,94:5,94:5,94:5,94:5,94:5,94:5,same,same,same,same,same,same,same
94,6,94:6,94:6,94:6,94:6,94:6,94:6,94:6,same,same,same,same,same,same,same
94,7,94:7,94:7,94:7,94:7,94:7,94:7,94:7,same,same,same,same,same,same,same
94,8,94:8,94:8,94:8,94:8,94:8,94:8,94:8,same,same,same,same,same,same,same
95,1,95:1,95:1,95:1,95:1,95:1,95:1,95:1,same,same,same,same,same,same,same
95,2,95:2,95:2,95:2,95:2,95:2,95:2,95:2,same,same,same,same,same,same,same
95,3,95:3,95:3,95:3,95:3,95:3,95:3,95:3,same,same,same,same,same,same,same
95,4,95:4,95:4,95:4,95:4,95:4,95:4,95:4,same,same,same,same,same,same,same
95,5,95:5,95:5,95:5,95:5,95:5,95:5,95:5,same,same,same,same,same,same,same
95,6,95:6,95:6,95:6,95:6,95:6,95:6,95:6,same,same,same,same,same,same,same
95,7,95:7,95:7,95:7,95:7,95:7,95:7,95:7,same,same,same,same,same,same,same
95,8,95:8,95:8,95:8,95:8,95:8,95:8,95:8,same,same,same,same,same,same,same
96,1,96:1,96:1,96:1,96:1,96:1,96:1,96:1,same,same,same,same,same,same,same
96,2,96:2,96:2,96:2,96:2,96:2,96:2,96:2,same,same,same,same,same,same,same
96,3,96:3,96:3,96:3,96:3,96:3,96:3,96:3,same,same,same,same,same,same,same
96,4,96:4,96:4,96:4,96:4,96:4,96:4,96:4,same,same,same,same,same,same,same
96,5,96:5,96:5,96:5,96:5,96:5,96:5,96:5,same,same,same,same,same,same,same
96,6,96:6,96:6,96:6,96:6,96:6,96:6,96:6,same,same,same,same,same,same,same
96,7,96:7,96:7,96:7,96:7,96:7,96:7,96:7,same,same,same,same,same,same,same
96,8,96:8,96:8,96:8,96:8,96:8,96:8,96:8,same,same,same,same,same,same,same
96,9,96:9,96:9,96:9,96:9,96:9,96:9,96:9,same,same,same,same,same,same,same
96,10,96:10,96:10,96:10,96:10,96:10,96:10,96:10,same,same,same,same,same,same,same
96,11,96:11,96:11,96:11,96:11,96:11,96:11,96:11,same,same,same,same,same,same,same
96,12,96:12,96:12,96:12,96:12,96:12,96:12,96:12,same,same,same,same,same,same,same
96,13,96:13,96:13,96:13,96:13,96:13,96:13,96:13,same,same,same,same,same,same,same
96,14,96:14,96:14,96:14,96:14,96:14,96:14,96:14,same,same,same,same,same,same,same
96,15,96:15,96:15,96:15-16,96:15-16,96:15-16,96:15-16,96:15-16,same,same,split,split,split,split,split
96,16,96:16,96:16,96:17,96:17,96:17,96:17,96:17,same,same,same,same,same,same,same
96,17,96:17,96:17,96:18,96:18,96:18,96:18,96:18,same,same,same,same,same,same,same
96,18,96:18,96:18,96:19,96:19,96:19,96:19,96:19,same,same,same,same,same,same,same
96,19,96:19,96:19,96:20,96:20,96:20,96:20,96:20,same,same,same,same,same,same,same
97,1,97:1,97:1,97:1,97:1,97:1,97:1,97:1,same,same,same,same,same,same,same
97,2,97:2,97:2,97:2,97:2,97:2,97:2,97:2,same,same,same,same,same,same,same
97,3,97:3,97:3,97:3-4,97:3,97:3,97:3,97:3,same,same,split,same,same,same,same
97,4,97:4,97:4,97:5,97:4,97:4,97:4,97:4,same,same,same,same,same,same,same
97,5,97:5,97:5,97:6,97:5,97:5,97:5,97:5,same,same,same,same,same,same,same
98,1,98:1,98:1,98:1,98:1,98:1,98:1,98:1,same,same,same,same,same,same,same
98,2,98:2,98:2,98:2,98:2,98:2,98:2,98:2,same,same,same,same,same,same,same
98,3,98:3,98:3,98:3,98:3,98:3,98:3,98:3,same,same,same,same,same,same,same
98,4,98:4,98:4,98:4,98:4,98:4,98:4,98:4,same,same,same,same,same,same,same
98,5,98:5,98:5,98:5,98:5,98:5,98:5,98:5,same,same,same,same,same,same,same
98,6,98:6,98:6,98:6,98:6,98:6,98:6,98:6,same,same,same,same,same,same,same
98,7,98:7,98:7,98:7,98:7,98:7,98:7,98:7,same,same,same,same,same,same,same
98,8,98:8,98:8,98:8,98:8,98:8,98:8,98:8,same,same,same,same,same,same,same
99,1,99:1,99:1,99:1,99:1,99:1,99:1,99:1,same,same,same,same,same,same,same
99,2,99:2,99:2,99:2,99:2,99:2,99:2,99:2,same,same,same,same,same,same,same
99,3,99:3,99:3,99:3,99:3,99:3,99:3,99:3,same,same,same,same,same,same,same
99,4,99:4,99:4,99:4,99:4,99:4,99:4,99:4,same,same,same,same,same,same,same
99,5,99:5,99:5,99:5,99:5,99:5,99:5,99:5,same,same,same,same,same,same,same
99,6,99:6,99:6,99:6-7,99:6-7,99:6-7,99:6,99:6,same,same,split,split,split,same,same
99,7,99:7,99:7,99:8,99:8,99:8,99:7,99:7,same,same,same,same,same,same,same
99,8,99:8,99:8,99:9,99:9,99:9,99:8,99:8,same,same,same,same,same,same,same
100,1,100:1,100:1,100:1,100:1,100:1,100:1,100:1,same,same,same,same,same,same,same
100,2,100:2,100:2,100:2,100:2,100:2,100:2,100:2,same,same,same,same,same,same,same
100,3,100:3,100:3,100:3,100:3,100:3,100:3,100:3,same,same,same,same,same,same,same
100,4,100:4,100:4,100:4,100:4,100:4,100:4,100:4,same,same,same,same,same,same,same
100,5,100:5,100:5,100:5,100:5,100:5,100:5,100:5,same,same,same,same,same,same,same
100,6,100:6,100:6,100:6,100:6,100:6,100:6,100:6,same,same,same,same,same,same,same
100,7,100:7,100:7,100:7,100:7,100:7,100:7,100:7,same,same,same,same,same,same,same
100,8,100:8,100:8,100:8,100:8,100:8,100:8,100:8,same,same,same,same,same,same,same
100,9,100:9,100:9,100:9,100:9,100:9,100:9,100:9,same,same,same,same,same,same,same
100,10,100:10,100:10,100:10,100:10,100:10,100:10,100:10,same,same,same,same,same,same,same
100,11,100:11,100:11,100:11,100:11,100:11,100:11,100:11,same,same,same,same,same,same,same
101,1,101:1,101:1,101:1,101:1,101:1,101:1,101:1,same,same,merged,merged,merged,merged,merged
101,2,101:2,101:2,101:1,101:1,101:1,101:1,101:1,same,same,merged,merged,merged,merged,merged
101,3,101:3,101:3,101:2,101:2,101:2,101:2,101:2,same,same,same,same,same,same,same
101,4,101:4,101:4,101:3,101:3,101:3,101:3,101:3,same,same,same,same,same,same,same
101,5,101:5,101:5,101:4,101:4,101:4,101:4,101:4,same,same,same,same,same,same,same
101,6,101:6,101:6,101:5,101:5,101:5,101:5,101:5,same,same,same,same,same,same,same
101,7,101:7,101:7,101:6,101:6,101:6,101:6,101:6,same,same,same,same,same,same,same
101,8,101:8,101:8,101:7,101:7,101:7,101:7,101:7,same,same,same,same,same,same,same
101,9,101:9,101:9,101:8,101:8,101:8,101:8,101:8,same,same,same,same,same,same,same
101,10,101:10,101:10,101:9,101:9,101:9,101:9,101:9,same,same,same,same,same,same,same
101,11,101:11,101:11,101:10,101:10,101:10,101:10,101:10,same,same,same,same,same,same,same
102,1,102:1,102:1,102:1,102:1,102:1,102:1,102:1,same,same,same,same,same,same,same
102,2,102:2,102:2,102:2,102:2,102:2,102:2,102:2,same,same,same,same,same,same,same
102,3,102:3,102:3,102:3,102:3,102:3,102:3,102:3,same,same,same,same,same,same,same
102,4,102:4,102:4,102:4,102:4,102:4,102:4,102:4,same,same,same,same,same,same,same
102,5,102:5,102:5,102:5,102:5,102:5,102:5,102:5,same,same,same,same,same,same,same
102,6,102:6,102:6,102:6,102:6,102:6,102:6,102:6,same,same,same,same,same,same,same
102,7,102:7,102:7,102:7,102:7,102:7,102:7,102:7,same,same,same,same,same,same,same
102,8,102:8,102:8,102:8,102:8,102:8,102:8,102:8,same,same,same,same,same,same,same
103,1,103:1,103:1,103:1,103:1,103:1,103:1,103:1,same,same,same,merged,merged,same,same
103,2,103:2,103:2,103:2,103:1,103:1,103:2,103:2,same,same,same,merged,merged,same,same
103,3,103:3,103:3,103:3,103:2-3,103:2-3,103:3,103:3,same,same,same,split,split,same,same
104,1,104:1,104:1,104:1,104:1,104:1,104:1,104:1,same,same,same,same,same,same,same
104,2,104:2,104:2,104:2,104:2,104:2,104:2,104:2,same,same,same,same,same,same,same
104,3,104:3,104:3,104:3,104:3,104:3,104:3,104:3,same,same,same,same,same,same,same
104,4,104:4,104:4,104:4,104:4,104:4,104:4,104:4,same,same,same,same,same,same,same
104,5,104:5,104:5,104:5,104:5,104:5,104:5,104:5,same,same,same,same,same,same,same
104,6,104:6,104:6,104:6,104:6,104:6,104:6,104:6,same,same,same,same,same,same,same
104,7,104:7,104:7,104:7,104:7,104:7,104:7,104:7,same,same,same,same,same,same,same
104,8,104:8,104:8,104:8,104:8,104:8,104:8,104:8,same,same,same,same,same,same,same
104,9,104:9,104:9,104:9,104:9,104:9,104:9,104:9,same,same,same,same,same,same,same
105,1,105:1,105:1,105:1,105:1,105:1,105:1,105:1,same,same,same,same,same,same,same
105,2,105:2,105:2,105:2,105:2,105:2,105:2,105:2,same,same,same,same,same,same,same
105,3,105:3,105:3,105:3,105:3,105:3,105:3,105:3,same,same,same,same,same,same,same
105,4,105:4,105:4,105:4,105:4,105:4,105:4,105:4,same,same,same,same,same,same,same
105,5,105:5,105:5,105:5,105:5,105:5,105:5,105:5,same,same,same,same,same,same,same
106,1,106:1,106:1,106:1,106:1,106:1,106:1,106:1,same,same,same,same,same,same,same
106,2,106:2,106:2,106:2,106:2,106:2,106:2,106:2,same,same,same,same,same,same,same
106,3,106:3,106:3,106:3,106:3,106:3,106:3,106:3,same,same,same,same,same,same,same
106,4,106:4,106:4,106:4-5,106:4-5,106:4-5,106:4-5,106:4-5,same,same,split,split,split,split,split
107,1,107:1,107:1,107:1,107:1,107:1,107:1,107:1,same,same,same,same,same,same,same
107,2,107:2,107:2,107:2,107:2,107:2,107:2,107:2,same,same,same,same,same,same,same
107,3,107:3,107:3,107:3,107:3,107:3,107:3,107:3,same,same,same,same,same,same,same
107,4,107:4,107:4,107:4,107:4,107:4,107:4,107:4,same,same,same,same,same,same,same
107,5,107:5,107:5,107:5,107:5,107:5,107:5,107:5,same,same,same,same,same,same,same
107,6,107:6,107:6,107:6,107:6,107:6,107:6,107:6,same,same,merged,merged,merged,merged,merged
107,7,107:7,107:7,107:6,107:6,107:6,107:6,107:6,same,same,merged,merged,merged,merged,merged
108,1,108:1,108:1,108:1,108:1,108:1,108:1,108:1,same,same,same,same,same,same,same
108,2,108:2,108:2,108:2,108:2,108:2,108:2,108:2,same,same,same,same,same,same,same
108,3,108:3,108:3,108:3,108:3,108:3,108:3,108:3,same,same,same,same,same,same,same
109,1,109:1,109:1,109:1,109:1,109:1,109:1,109:1,same,same,same,same,same,same,same
109,2,109:2,109:2,109:2,109:2,109:2,109:2,109:2,same,same,same,same,same,same,same
109,3,109:3,109:3,109:3,109:3,109:3,109:3,109:3,same,same,same,same,same,same,same
109,4,109:4,109:4,109:4,109:4,109:4,109:4,109:4,same,same,same,same,same,same,same
109,5,109:5,109:5,109:5,109:5,109:5,109:5,109:5,same,same,same,same,same,same,same
109,6,109:6,109:6,109:6,109:6,109:6,109:6,109:6,same,same,same,same,same,same,same
110,1,110:1,110:1,110:1,110:1,110:1,110:1,110:1,same,same,same,same,same,same,same
110,2,110:2,110:2,110:2,110:2,110:2,110:2,110:2,same,same,same,same,same,same,same
110,3,110:3,110:3,110:3,110:3,110:3,110:3,110:3,same,same,same,same,same,same,same
111,1,111:1,111:1,111:1,111:1,111:1,111:1,111:1,same,same,same,same,same,same,same
111,2,111:2,111:2,111:2,111:2,111:2,111:2,111:2,same,same,same,same,same,same,same
111,3,111:3,111:3,111:3,111:3,111:3,111:3,111:3,same,same,same,same,same,same,same
111,4,111:4,111:4,111:4,111:4,111:4,111:4,111:4,same,same,same,same,same,same,same
111,5,111:5,111:5,111:5,111:5,111:5,111:5,111:5,same,same,same,same,same,same,same
112,1,112:1,112:1,112:1,112:1,112:1,112:1,112:1,same,same,same,same,same,same,same
112,2,112:2,112:2,112:2,112:2,112:2,112:2,112:2,same,same,same,same,same,same,same
112,3,112:3,112:3,112:3-4,112:3,112:3,112:3,112:3,same,same,split,same,same,same,same
112,4,112:4,112:4,112:5,112:4,112:4,112:4,112:4,same,same,same,same,same,same,same
113,1,113:1,113:1,113:1,113:1,113:1,113:1,113:1,same,same,same,same,same,same,same
113,2,113:2,113:2,113:2,113:2,113:2,113:2,113:2,same,same,same,same,same,same,same
113,3,113:3,113:3,113:3,113:3,113:3,113:3,113:3,same,same,same,same,same,same,same
113,4,113:4,113:4,113:4,113:4,113:4,113:4,113:4,same,same,same,same,same,same,same
113,5,113:5,113:5,113:5,113:5,113:5,113:5,113:5,same,same,same,same,same,same,same
114,1,114:1,114:1,114:1,114:1,114:1,114:1,114:1,same,same,same,same,same,same,same
114,2,114:2,114:2,114:2,114:2,114:2,114:2,114:2,same,same,same,same,same,same,same
114,3,114:3,114:3,114:3,114:3,114:3,114:3,114:3,same,same,same,same,same,same,same
114,4,114:4,114:4,114:4-5,114:4,114:4,114:4,114:4,same,same,split,same,same,same,same
114,5,114:5,114:5,114:6,114:5,114:5,114:5,114:5,same,same,same,same,same,same,same
114,6,114:6,114:6,114:7,114:6,114:6,114:6,114:6,same,same,same,same,same,same,same
